2026-07-28 15:23:53,365 | INFO | DGFTKnowledgePipeline | Processing HBP2023_Chapter01.pdf
2026-07-28 15:23:53,366 | INFO | PDFLoader | Loading PDF C:\Users\mabis\OneDrive\Documents\New folder\dekai-dgft-parser\input\pdf\HBP2023_Chapter01.pdf
2026-07-28 15:23:53,700 | INFO | PDFLoader | Loaded 7 pages from HBP2023_Chapter01.pdf
2026-07-28 15:23:53,707 | INFO | TextCleaner | Cleaned 7 pages
2026-07-28 15:23:53,711 | INFO | RuleExtractor | Extracted 12 section drafts from HBP2023_Chapter01.pdf
2026-07-28 15:23:53,820 | INFO | Chunker | Created 1 chunks for section 1.01
2026-07-28 15:23:53,842 | INFO | Chunker | Created 1 chunks for section 1.02
2026-07-28 15:23:53,861 | INFO | Chunker | Created 1 chunks for section 1.03
2026-07-28 15:23:53,919 | INFO | Chunker | Created 2 chunks for section 1.04
2026-07-28 15:23:53,954 | INFO | Chunker | Created 1 chunks for section 1.05
2026-07-28 15:23:53,988 | INFO | Chunker | Created 1 chunks for section 1.06
2026-07-28 15:23:54,019 | INFO | Chunker | Created 1 chunks for section 1.07
2026-07-28 15:23:54,044 | INFO | Chunker | Created 1 chunks for section 1.08
2026-07-28 15:23:54,070 | INFO | Chunker | Created 1 chunks for section 1.09
2026-07-28 15:23:54,096 | INFO | Chunker | Created 1 chunks for section 1.10
2026-07-28 15:23:54,128 | INFO | Chunker | Created 1 chunks for section 1.11
2026-07-28 15:23:54,146 | INFO | Chunker | Created 1 chunks for section 1.12
2026-07-28 15:23:54,148 | INFO | DGFTKnowledgePipeline | Processing HBP Chapter 2.pdf
2026-07-28 15:23:54,149 | INFO | PDFLoader | Loading PDF C:\Users\mabis\OneDrive\Documents\New folder\dekai-dgft-parser\input\pdf\HBP Chapter 2.pdf
2026-07-28 15:24:02,684 | INFO | PDFLoader | Loaded 52 pages from HBP Chapter 2.pdf
2026-07-28 15:24:02,897 | INFO | TextCleaner | Cleaned 52 pages
2026-07-28 15:24:02,971 | INFO | RuleExtractor | Extracted 99 section drafts from HBP Chapter 2.pdf
2026-07-28 15:24:04,426 | INFO | Chunker | Created 1 chunks for section 2.00
2026-07-28 15:24:04,494 | INFO | Chunker | Created 1 chunks for section 2.01
2026-07-28 15:24:04,582 | INFO | Chunker | Created 1 chunks for section 2.02
2026-07-28 15:24:04,679 | INFO | Chunker | Created 1 chunks for section 2.03
2026-07-28 15:24:04,741 | INFO | Chunker | Created 1 chunks for section 2.04
2026-07-28 15:24:04,827 | INFO | Chunker | Created 1 chunks for section 2.05
2026-07-28 15:24:04,909 | INFO | Chunker | Created 1 chunks for section 2.06
2026-07-28 15:24:05,031 | INFO | Chunker | Created 1 chunks for section 2.07
2026-07-28 15:24:05,147 | INFO | Chunker | Created 1 chunks for section 2.08
2026-07-28 15:24:05,245 | INFO | Chunker | Created 1 chunks for section 2.09
2026-07-28 15:24:05,434 | INFO | Chunker | Created 1 chunks for section 2.10
2026-07-28 15:24:05,530 | INFO | Chunker | Created 1 chunks for section 2.11
2026-07-28 15:24:05,582 | INFO | Chunker | Created 1 chunks for section 2.12
2026-07-28 15:24:05,724 | INFO | Chunker | Created 1 chunks for section 2.13
2026-07-28 15:24:05,829 | INFO | Chunker | Created 1 chunks for section 2.14
2026-07-28 15:24:05,911 | INFO | Chunker | Created 1 chunks for section 2.15
2026-07-28 15:24:05,989 | INFO | Chunker | Created 1 chunks for section 2.16
2026-07-28 15:24:06,046 | INFO | Chunker | Created 1 chunks for section 2.17
2026-07-28 15:24:06,102 | INFO | Chunker | Created 1 chunks for section 2.18
2026-07-28 15:24:06,156 | INFO | Chunker | Created 1 chunks for section 2.19
2026-07-28 15:24:06,269 | INFO | Chunker | Created 1 chunks for section 2.20
2026-07-28 15:24:06,319 | INFO | Chunker | Created 1 chunks for section 2.21
2026-07-28 15:24:06,396 | INFO | Chunker | Created 1 chunks for section 2.22
2026-07-28 15:24:06,576 | INFO | Chunker | Created 1 chunks for section 2.23
2026-07-28 15:24:06,643 | INFO | Chunker | Created 1 chunks for section 2.24
2026-07-28 15:24:06,699 | INFO | Chunker | Created 1 chunks for section 2.25
2026-07-28 15:24:06,753 | INFO | Chunker | Created 1 chunks for section 2.26
2026-07-28 15:24:06,817 | INFO | Chunker | Created 1 chunks for section 2.27
2026-07-28 15:24:06,891 | INFO | Chunker | Created 1 chunks for section 2.28
2026-07-28 15:24:06,987 | INFO | Chunker | Created 1 chunks for section 2.29
2026-07-28 15:24:07,060 | INFO | Chunker | Created 1 chunks for section 2.29
2026-07-28 15:24:07,230 | INFO | Chunker | Created 1 chunks for section 2.30
2026-07-28 15:24:07,289 | INFO | Chunker | Created 1 chunks for section 2.31
2026-07-28 15:24:07,344 | INFO | Chunker | Created 1 chunks for section 2.32
2026-07-28 15:24:07,408 | INFO | Chunker | Created 1 chunks for section 2.33
2026-07-28 15:24:07,485 | INFO | Chunker | Created 1 chunks for section 2.34
2026-07-28 15:24:07,567 | INFO | Chunker | Created 1 chunks for section 2.35
2026-07-28 15:24:07,687 | INFO | Chunker | Created 1 chunks for section 2.36
2026-07-28 15:24:07,805 | INFO | Chunker | Created 1 chunks for section 2.37
2026-07-28 15:24:07,938 | INFO | Chunker | Created 1 chunks for section 2.38
2026-07-28 15:24:08,007 | INFO | Chunker | Created 1 chunks for section 2.39
2026-07-28 15:24:08,107 | INFO | Chunker | Created 1 chunks for section 2.40
2026-07-28 15:24:08,179 | INFO | Chunker | Created 1 chunks for section 2.41
2026-07-28 15:24:08,221 | INFO | Chunker | Created 1 chunks for section 2.42
2026-07-28 15:24:08,323 | INFO | Chunker | Created 1 chunks for section 2.43
2026-07-28 15:24:08,401 | INFO | Chunker | Created 1 chunks for section 2.44
2026-07-28 15:24:08,457 | INFO | Chunker | Created 1 chunks for section 2.45
2026-07-28 15:24:08,583 | INFO | Chunker | Created 1 chunks for section 2.46
2026-07-28 15:24:08,651 | INFO | Chunker | Created 1 chunks for section 2.47
2026-07-28 15:24:08,766 | INFO | Chunker | Created 1 chunks for section 2.48
2026-07-28 15:24:08,968 | INFO | Chunker | Created 1 chunks for section 2.49
2026-07-28 15:24:09,057 | INFO | Chunker | Created 1 chunks for section 2.50
2026-07-28 15:24:09,243 | INFO | Chunker | Created 3 chunks for section 2.51
2026-07-28 15:24:09,328 | INFO | Chunker | Created 1 chunks for section 2.52
2026-07-28 15:24:09,423 | INFO | Chunker | Created 1 chunks for section 2.53
2026-07-28 15:24:09,471 | INFO | Chunker | Created 1 chunks for section 2.54
2026-07-28 15:24:09,529 | INFO | Chunker | Created 1 chunks for section 2.55
2026-07-28 15:24:09,588 | INFO | Chunker | Created 1 chunks for section 2.56
2026-07-28 15:24:09,672 | INFO | Chunker | Created 1 chunks for section 2.57
2026-07-28 15:24:09,792 | INFO | Chunker | Created 1 chunks for section 2.58
2026-07-28 15:24:09,942 | INFO | Chunker | Created 1 chunks for section 2.59
2026-07-28 15:24:10,038 | INFO | Chunker | Created 1 chunks for section 2.60
2026-07-28 15:24:10,129 | INFO | Chunker | Created 1 chunks for section 2.61
2026-07-28 15:24:10,189 | INFO | Chunker | Created 1 chunks for section 2.62
2026-07-28 15:24:10,246 | INFO | Chunker | Created 1 chunks for section 2.63
2026-07-28 15:24:10,304 | INFO | Chunker | Created 1 chunks for section 2.64
2026-07-28 15:24:10,344 | INFO | Chunker | Created 1 chunks for section 2.65
2026-07-28 15:24:10,412 | INFO | Chunker | Created 1 chunks for section 2.66
2026-07-28 15:24:10,482 | INFO | Chunker | Created 1 chunks for section 2.67
2026-07-28 15:24:10,565 | INFO | Chunker | Created 1 chunks for section 2.68
2026-07-28 15:24:10,632 | INFO | Chunker | Created 1 chunks for section 2.69
2026-07-28 15:24:10,705 | INFO | Chunker | Created 1 chunks for section 2.70
2026-07-28 15:24:10,842 | INFO | Chunker | Created 1 chunks for section 2.71
2026-07-28 15:24:10,934 | INFO | Chunker | Created 1 chunks for section 2.72
2026-07-28 15:24:11,105 | INFO | Chunker | Created 1 chunks for section 2.73
2026-07-28 15:24:11,176 | INFO | Chunker | Created 1 chunks for section 2.74
2026-07-28 15:24:11,241 | INFO | Chunker | Created 1 chunks for section 2.75
2026-07-28 15:24:11,342 | INFO | Chunker | Created 2 chunks for section 2.76
2026-07-28 15:24:11,397 | INFO | Chunker | Created 1 chunks for section 2.77
2026-07-28 15:24:11,478 | INFO | Chunker | Created 1 chunks for section 2.78
2026-07-28 15:24:11,556 | INFO | Chunker | Created 1 chunks for section 2.79
2026-07-28 15:24:11,612 | INFO | Chunker | Created 1 chunks for section 2.80
2026-07-28 15:24:11,682 | INFO | Chunker | Created 1 chunks for section 2.81
2026-07-28 15:24:11,765 | INFO | Chunker | Created 1 chunks for section 2.82
2026-07-28 15:24:11,821 | INFO | Chunker | Created 1 chunks for section 2.83
2026-07-28 15:24:11,868 | INFO | Chunker | Created 1 chunks for section 2.84
2026-07-28 15:24:11,943 | INFO | Chunker | Created 1 chunks for section 2.85
2026-07-28 15:24:12,029 | INFO | Chunker | Created 1 chunks for section 2.86
2026-07-28 15:24:12,084 | INFO | Chunker | Created 1 chunks for section 2.87
2026-07-28 15:24:12,191 | INFO | Chunker | Created 1 chunks for section 2.88
2026-07-28 15:24:12,312 | INFO | Chunker | Created 1 chunks for section 2.89
2026-07-28 15:24:12,375 | INFO | Chunker | Created 1 chunks for section 2.90
2026-07-28 15:24:12,589 | INFO | Chunker | Created 1 chunks for section 2.91
2026-07-28 15:24:12,754 | INFO | Chunker | Created 10 chunks for section 2.92
2026-07-28 15:24:12,867 | INFO | Chunker | Created 2 chunks for section 2.93
2026-07-28 15:24:12,913 | INFO | Chunker | Created 1 chunks for section 2.94
2026-07-28 15:24:12,969 | INFO | Chunker | Created 1 chunks for section 2.95
2026-07-28 15:24:13,036 | INFO | Chunker | Created 1 chunks for section 2.96
2026-07-28 15:24:13,137 | INFO | Chunker | Created 1 chunks for section 2.97
2026-07-28 15:24:13,151 | INFO | DGFTKnowledgePipeline | Processing HBP2023_Chapter03.pdf
2026-07-28 15:24:13,151 | INFO | PDFLoader | Loading PDF C:\Users\mabis\OneDrive\Documents\New folder\dekai-dgft-parser\input\pdf\HBP2023_Chapter03.pdf
2026-07-28 15:24:14,249 | INFO | PDFLoader | Loaded 6 pages from HBP2023_Chapter03.pdf
2026-07-28 15:24:14,265 | INFO | TextCleaner | Cleaned 6 pages
2026-07-28 15:24:14,276 | INFO | RuleExtractor | Extracted 8 section drafts from HBP2023_Chapter03.pdf
2026-07-28 15:24:14,415 | INFO | Chunker | Created 1 chunks for section 3.01
2026-07-28 15:24:14,465 | INFO | Chunker | Created 1 chunks for section 3.02
2026-07-28 15:24:14,535 | INFO | Chunker | Created 2 chunks for section 3.03
2026-07-28 15:24:14,596 | INFO | Chunker | Created 1 chunks for section 3.05
2026-07-28 15:24:14,656 | INFO | Chunker | Created 1 chunks for section 3.06
2026-07-28 15:24:14,714 | INFO | Chunker | Created 1 chunks for section 3.07
2026-07-28 15:24:14,770 | INFO | Chunker | Created 1 chunks for section 3.08
2026-07-28 15:24:14,818 | INFO | Chunker | Created 1 chunks for section 3.09
2026-07-28 15:24:14,821 | INFO | DGFTKnowledgePipeline | Processing HBP2023_Chapter04+as+on+20.04.2026.pdf
2026-07-28 15:24:14,821 | INFO | PDFLoader | Loading PDF C:\Users\mabis\OneDrive\Documents\New folder\dekai-dgft-parser\input\pdf\HBP2023_Chapter04+as+on+20.04.2026.pdf
2026-07-28 15:24:28,544 | INFO | PDFLoader | Loaded 58 pages from HBP2023_Chapter04+as+on+20.04.2026.pdf
2026-07-28 15:24:28,715 | INFO | TextCleaner | Cleaned 58 pages
2026-07-28 15:24:28,803 | INFO | RuleExtractor | Extracted 99 section drafts from HBP2023_Chapter04+as+on+20.04.2026.pdf
2026-07-28 15:24:30,101 | INFO | Chunker | Created 1 chunks for section 4.01
2026-07-28 15:24:30,163 | INFO | Chunker | Created 1 chunks for section 4.02
2026-07-28 15:24:30,230 | INFO | Chunker | Created 1 chunks for section 4.03
2026-07-28 15:24:30,296 | INFO | Chunker | Created 1 chunks for section 4.04
2026-07-28 15:24:30,388 | INFO | Chunker | Created 1 chunks for section 4.05
2026-07-28 15:24:30,500 | INFO | Chunker | Created 2 chunks for section 4.06
2026-07-28 15:24:30,765 | INFO | Chunker | Created 1 chunks for section 4.07
2026-07-28 15:24:30,929 | INFO | Chunker | Created 1 chunks for section 4.08
2026-07-28 15:24:31,056 | INFO | Chunker | Created 1 chunks for section 4.09
2026-07-28 15:24:31,145 | INFO | Chunker | Created 1 chunks for section 4.10
2026-07-28 15:24:31,212 | INFO | Chunker | Created 1 chunks for section 4.11
2026-07-28 15:24:31,334 | INFO | Chunker | Created 1 chunks for section 4.12
2026-07-28 15:24:31,399 | INFO | Chunker | Created 1 chunks for section 4.13
2026-07-28 15:24:31,490 | INFO | Chunker | Created 1 chunks for section 4.14
2026-07-28 15:24:31,602 | INFO | Chunker | Created 1 chunks for section 4.15
2026-07-28 15:24:31,685 | INFO | Chunker | Created 1 chunks for section 4.16
2026-07-28 15:24:31,853 | INFO | Chunker | Created 1 chunks for section 4.17
2026-07-28 15:24:31,926 | INFO | Chunker | Created 1 chunks for section 4.18
2026-07-28 15:24:32,047 | INFO | Chunker | Created 1 chunks for section 4.19
2026-07-28 15:24:32,161 | INFO | Chunker | Created 1 chunks for section 4.20
2026-07-28 15:24:32,241 | INFO | Chunker | Created 1 chunks for section 4.21
2026-07-28 15:24:32,341 | INFO | Chunker | Created 1 chunks for section 4.22
2026-07-28 15:24:32,407 | INFO | Chunker | Created 1 chunks for section 4.23
2026-07-28 15:24:32,508 | INFO | Chunker | Created 1 chunks for section 4.24
2026-07-28 15:24:32,605 | INFO | Chunker | Created 1 chunks for section 4.25
2026-07-28 15:24:32,729 | INFO | Chunker | Created 1 chunks for section 4.26
2026-07-28 15:24:32,818 | INFO | Chunker | Created 1 chunks for section 4.27
2026-07-28 15:24:32,878 | INFO | Chunker | Created 1 chunks for section 4.28
2026-07-28 15:24:32,951 | INFO | Chunker | Created 1 chunks for section 4.29
2026-07-28 15:24:33,068 | INFO | Chunker | Created 1 chunks for section 4.30
2026-07-28 15:24:33,144 | INFO | Chunker | Created 1 chunks for section 4.31
2026-07-28 15:24:33,342 | INFO | Chunker | Created 1 chunks for section 4.32
2026-07-28 15:24:33,458 | INFO | Chunker | Created 1 chunks for section 4.33
2026-07-28 15:24:33,513 | INFO | Chunker | Created 1 chunks for section 4.34
2026-07-28 15:24:33,634 | INFO | Chunker | Created 2 chunks for section 4.35
2026-07-28 15:24:33,768 | INFO | Chunker | Created 1 chunks for section 4.36
2026-07-28 15:24:33,917 | INFO | Chunker | Created 1 chunks for section 4.37
2026-07-28 15:24:33,969 | INFO | Chunker | Created 1 chunks for section 4.38
2026-07-28 15:24:34,041 | INFO | Chunker | Created 1 chunks for section 4.39
2026-07-28 15:24:34,218 | INFO | Chunker | Created 2 chunks for section 4.40
2026-07-28 15:24:34,305 | INFO | Chunker | Created 1 chunks for section 4.41
2026-07-28 15:24:34,363 | INFO | Chunker | Created 1 chunks for section 4.42
2026-07-28 15:24:34,506 | INFO | Chunker | Created 1 chunks for section 4.43
2026-07-28 15:24:34,634 | INFO | Chunker | Created 1 chunks for section 4.44
2026-07-28 15:24:34,748 | INFO | Chunker | Created 1 chunks for section 4.45
2026-07-28 15:24:34,837 | INFO | Chunker | Created 1 chunks for section 4.46
2026-07-28 15:24:34,953 | INFO | Chunker | Created 1 chunks for section 4.47
2026-07-28 15:24:35,192 | INFO | Chunker | Created 1 chunks for section 4.48
2026-07-28 15:24:35,366 | INFO | Chunker | Created 2 chunks for section 4.49
2026-07-28 15:24:35,493 | INFO | Chunker | Created 1 chunks for section 4.50
2026-07-28 15:24:35,554 | INFO | Chunker | Created 1 chunks for section 4.51
2026-07-28 15:24:35,606 | INFO | Chunker | Created 1 chunks for section 4.52
2026-07-28 15:24:35,687 | INFO | Chunker | Created 1 chunks for section 4.53
2026-07-28 15:24:35,750 | INFO | Chunker | Created 1 chunks for section 4.54
2026-07-28 15:24:35,839 | INFO | Chunker | Created 1 chunks for section 4.55
2026-07-28 15:24:35,946 | INFO | Chunker | Created 1 chunks for section 4.56
2026-07-28 15:24:36,017 | INFO | Chunker | Created 1 chunks for section 4.57
2026-07-28 15:24:36,156 | INFO | Chunker | Created 1 chunks for section 4.58
2026-07-28 15:24:36,247 | INFO | Chunker | Created 1 chunks for section 4.59
2026-07-28 15:24:36,329 | INFO | Chunker | Created 1 chunks for section 4.60
2026-07-28 15:24:36,394 | INFO | Chunker | Created 1 chunks for section 4.61
2026-07-28 15:24:36,448 | INFO | Chunker | Created 1 chunks for section 4.62
2026-07-28 15:24:36,553 | INFO | Chunker | Created 1 chunks for section 4.63
2026-07-28 15:24:36,620 | INFO | Chunker | Created 1 chunks for section 4.64
2026-07-28 15:24:36,705 | INFO | Chunker | Created 1 chunks for section 4.65
2026-07-28 15:24:36,852 | INFO | Chunker | Created 1 chunks for section 4.66
2026-07-28 15:24:37,015 | INFO | Chunker | Created 1 chunks for section 4.67
2026-07-28 15:24:37,138 | INFO | Chunker | Created 1 chunks for section 4.68
2026-07-28 15:24:37,261 | INFO | Chunker | Created 1 chunks for section 4.69
2026-07-28 15:24:37,332 | INFO | Chunker | Created 1 chunks for section 4.70
2026-07-28 15:24:37,400 | INFO | Chunker | Created 1 chunks for section 4.71
2026-07-28 15:24:37,486 | INFO | Chunker | Created 1 chunks for section 4.72
2026-07-28 15:24:37,582 | INFO | Chunker | Created 1 chunks for section 4.73
2026-07-28 15:24:37,681 | INFO | Chunker | Created 1 chunks for section 4.74
2026-07-28 15:24:37,756 | INFO | Chunker | Created 1 chunks for section 4.75
2026-07-28 15:24:37,878 | INFO | Chunker | Created 1 chunks for section 4.76
2026-07-28 15:24:38,036 | INFO | Chunker | Created 1 chunks for section 4.77
2026-07-28 15:24:38,094 | INFO | Chunker | Created 1 chunks for section 4.78
2026-07-28 15:24:38,267 | INFO | Chunker | Created 2 chunks for section 4.79
2026-07-28 15:24:38,333 | INFO | Chunker | Created 1 chunks for section 4.80
2026-07-28 15:24:38,522 | INFO | Chunker | Created 1 chunks for section 4.81
2026-07-28 15:24:38,623 | INFO | Chunker | Created 1 chunks for section 4.82
2026-07-28 15:24:38,736 | INFO | Chunker | Created 1 chunks for section 4.83
2026-07-28 15:24:38,860 | INFO | Chunker | Created 1 chunks for section 4.84
2026-07-28 15:24:38,943 | INFO | Chunker | Created 1 chunks for section 4.85
2026-07-28 15:24:39,006 | INFO | Chunker | Created 1 chunks for section 4.86
2026-07-28 15:24:39,075 | INFO | Chunker | Created 1 chunks for section 4.87
2026-07-28 15:24:39,120 | INFO | Chunker | Created 1 chunks for section 4.88
2026-07-28 15:24:39,202 | INFO | Chunker | Created 1 chunks for section 4.89
2026-07-28 15:24:39,346 | INFO | Chunker | Created 1 chunks for section 4.90
2026-07-28 15:24:39,391 | INFO | Chunker | Created 1 chunks for section 4.91
2026-07-28 15:24:39,477 | INFO | Chunker | Created 1 chunks for section 4.92
2026-07-28 15:24:39,605 | INFO | Chunker | Created 1 chunks for section 4.93
2026-07-28 15:24:39,748 | INFO | Chunker | Created 2 chunks for section 4.94
2026-07-28 15:24:39,839 | INFO | Chunker | Created 1 chunks for section 4.95
2026-07-28 15:24:39,911 | INFO | Chunker | Created 1 chunks for section 4.96
2026-07-28 15:24:39,969 | INFO | Chunker | Created 1 chunks for section 4.97
2026-07-28 15:24:40,112 | INFO | Chunker | Created 1 chunks for section 4.98
2026-07-28 15:24:40,206 | INFO | Chunker | Created 1 chunks for section 4.99
2026-07-28 15:24:40,213 | INFO | DGFTKnowledgePipeline | Processing HBP2023_Chapter05.pdf
2026-07-28 15:24:40,214 | INFO | PDFLoader | Loading PDF C:\Users\mabis\OneDrive\Documents\New folder\dekai-dgft-parser\input\pdf\HBP2023_Chapter05.pdf
2026-07-28 15:24:43,370 | INFO | PDFLoader | Loaded 15 pages from HBP2023_Chapter05.pdf
2026-07-28 15:24:43,404 | INFO | TextCleaner | Cleaned 15 pages
2026-07-28 15:24:43,423 | INFO | RuleExtractor | Extracted 25 section drafts from HBP2023_Chapter05.pdf
2026-07-28 15:24:43,770 | INFO | Chunker | Created 1 chunks for section 5.01
2026-07-28 15:24:43,827 | INFO | Chunker | Created 1 chunks for section 5.02
2026-07-28 15:24:43,898 | INFO | Chunker | Created 1 chunks for section 5.03
2026-07-28 15:24:43,971 | INFO | Chunker | Created 1 chunks for section 5.04
2026-07-28 15:24:44,032 | INFO | Chunker | Created 1 chunks for section 5.05
2026-07-28 15:24:44,143 | INFO | Chunker | Created 1 chunks for section 5.06
2026-07-28 15:24:44,218 | INFO | Chunker | Created 1 chunks for section 5.07
2026-07-28 15:24:44,345 | INFO | Chunker | Created 1 chunks for section 5.08
2026-07-28 15:24:44,452 | INFO | Chunker | Created 1 chunks for section 5.09
2026-07-28 15:24:44,563 | INFO | Chunker | Created 1 chunks for section 5.10
2026-07-28 15:24:44,609 | INFO | Chunker | Created 1 chunks for section 5.11
2026-07-28 15:24:44,658 | INFO | Chunker | Created 1 chunks for section 5.12
2026-07-28 15:24:44,825 | INFO | Chunker | Created 2 chunks for section 5.13
2026-07-28 15:24:44,939 | INFO | Chunker | Created 1 chunks for section 5.14
2026-07-28 15:24:45,067 | INFO | Chunker | Created 1 chunks for section 5.16
2026-07-28 15:24:45,136 | INFO | Chunker | Created 1 chunks for section 5.17
2026-07-28 15:24:45,192 | INFO | Chunker | Created 1 chunks for section 5.18
2026-07-28 15:24:45,240 | INFO | Chunker | Created 1 chunks for section 5.19
2026-07-28 15:24:45,323 | INFO | Chunker | Created 1 chunks for section 5.20
2026-07-28 15:24:45,419 | INFO | Chunker | Created 1 chunks for section 5.21
2026-07-28 15:24:45,467 | INFO | Chunker | Created 1 chunks for section 5.22
2026-07-28 15:24:45,584 | INFO | Chunker | Created 1 chunks for section 5.23
2026-07-28 15:24:45,680 | INFO | Chunker | Created 1 chunks for section 5.24
2026-07-28 15:24:45,753 | INFO | Chunker | Created 1 chunks for section 5.25
2026-07-28 15:24:45,813 | INFO | Chunker | Created 1 chunks for section 5.26
2026-07-28 15:24:45,823 | INFO | DGFTKnowledgePipeline | Processing HBP-Chapter-6.pdf
2026-07-28 15:24:45,823 | INFO | PDFLoader | Loading PDF C:\Users\mabis\OneDrive\Documents\New folder\dekai-dgft-parser\input\pdf\HBP-Chapter-6.pdf
2026-07-28 15:24:49,773 | INFO | PDFLoader | Loaded 24 pages from HBP-Chapter-6.pdf
2026-07-28 15:24:49,833 | INFO | TextCleaner | Cleaned 24 pages
2026-07-28 15:24:49,864 | INFO | RuleExtractor | Extracted 41 section drafts from HBP-Chapter-6.pdf
2026-07-28 15:24:50,326 | INFO | Chunker | Created 1 chunks for section 6.00
2026-07-28 15:24:50,429 | INFO | Chunker | Created 2 chunks for section 6.01
2026-07-28 15:24:50,481 | INFO | Chunker | Created 1 chunks for section 6.02
2026-07-28 15:24:50,540 | INFO | Chunker | Created 1 chunks for section 6.03
2026-07-28 15:24:50,596 | INFO | Chunker | Created 1 chunks for section 6.04
2026-07-28 15:24:50,640 | INFO | Chunker | Created 1 chunks for section 6.05
2026-07-28 15:24:50,723 | INFO | Chunker | Created 1 chunks for section 6.06
2026-07-28 15:24:50,813 | INFO | Chunker | Created 1 chunks for section 6.07
2026-07-28 15:24:50,883 | INFO | Chunker | Created 1 chunks for section 6.08
2026-07-28 15:24:50,965 | INFO | Chunker | Created 1 chunks for section 6.09
2026-07-28 15:24:51,072 | INFO | Chunker | Created 1 chunks for section 6.10
2026-07-28 15:24:51,174 | INFO | Chunker | Created 1 chunks for section 6.11
2026-07-28 15:24:51,229 | INFO | Chunker | Created 1 chunks for section 6.12
2026-07-28 15:24:51,391 | INFO | Chunker | Created 1 chunks for section 6.13
2026-07-28 15:24:51,456 | INFO | Chunker | Created 1 chunks for section 6.14
2026-07-28 15:24:51,508 | INFO | Chunker | Created 1 chunks for section 6.15
2026-07-28 15:24:51,570 | INFO | Chunker | Created 1 chunks for section 6.16
2026-07-28 15:24:51,638 | INFO | Chunker | Created 1 chunks for section 6.17
2026-07-28 15:24:51,715 | INFO | Chunker | Created 1 chunks for section 6.18
2026-07-28 15:24:51,787 | INFO | Chunker | Created 1 chunks for section 6.19
2026-07-28 15:24:51,901 | INFO | Chunker | Created 2 chunks for section 6.20
2026-07-28 15:24:52,108 | INFO | Chunker | Created 1 chunks for section 6.22
2026-07-28 15:24:52,204 | INFO | Chunker | Created 1 chunks for section 6.23
2026-07-28 15:24:52,275 | INFO | Chunker | Created 1 chunks for section 6.24
2026-07-28 15:24:52,333 | INFO | Chunker | Created 1 chunks for section 6.25
2026-07-28 15:24:52,395 | INFO | Chunker | Created 1 chunks for section 6.26
2026-07-28 15:24:52,491 | INFO | Chunker | Created 1 chunks for section 6.27
2026-07-28 15:24:52,583 | INFO | Chunker | Created 1 chunks for section 6.28
2026-07-28 15:24:52,688 | INFO | Chunker | Created 1 chunks for section 6.29
2026-07-28 15:24:52,756 | INFO | Chunker | Created 1 chunks for section 6.30
2026-07-28 15:24:52,815 | INFO | Chunker | Created 1 chunks for section 6.31
2026-07-28 15:24:52,906 | INFO | Chunker | Created 1 chunks for section 6.32
2026-07-28 15:24:53,014 | INFO | Chunker | Created 1 chunks for section 6.33
2026-07-28 15:24:53,257 | INFO | Chunker | Created 1 chunks for section 6.34
2026-07-28 15:24:53,318 | INFO | Chunker | Created 1 chunks for section 6.35
2026-07-28 15:24:53,395 | INFO | Chunker | Created 1 chunks for section 6.36
2026-07-28 15:24:53,464 | INFO | Chunker | Created 1 chunks for section 6.37
2026-07-28 15:24:53,524 | INFO | Chunker | Created 1 chunks for section 6.38
2026-07-28 15:24:53,625 | INFO | Chunker | Created 1 chunks for section 6.39
2026-07-28 15:24:53,743 | INFO | Chunker | Created 1 chunks for section 6.40
2026-07-28 15:24:53,824 | INFO | Chunker | Created 1 chunks for section 6.41
2026-07-28 15:24:53,835 | INFO | DGFTKnowledgePipeline | Processing Chapter-7-of-HBP-2023.pdf
2026-07-28 15:24:53,835 | INFO | PDFLoader | Loading PDF C:\Users\mabis\OneDrive\Documents\New folder\dekai-dgft-parser\input\pdf\Chapter-7-of-HBP-2023.pdf
2026-07-28 15:24:54,721 | INFO | PDFLoader | Loaded 6 pages from Chapter-7-of-HBP-2023.pdf
2026-07-28 15:24:54,733 | INFO | TextCleaner | Cleaned 6 pages
2026-07-28 15:24:54,740 | INFO | RuleExtractor | Extracted 12 section drafts from Chapter-7-of-HBP-2023.pdf
2026-07-28 15:24:54,901 | INFO | Chunker | Created 1 chunks for section 7.00
2026-07-28 15:24:54,962 | INFO | Chunker | Created 1 chunks for section 7.01
2026-07-28 15:24:55,060 | INFO | Chunker | Created 1 chunks for section 7.02
2026-07-28 15:24:55,150 | INFO | Chunker | Created 1 chunks for section 7.03
2026-07-28 15:24:55,208 | INFO | Chunker | Created 1 chunks for section 7.04
2026-07-28 15:24:55,295 | INFO | Chunker | Created 1 chunks for section 7.05
2026-07-28 15:24:55,356 | INFO | Chunker | Created 1 chunks for section 7.06
2026-07-28 15:24:55,408 | INFO | Chunker | Created 1 chunks for section 7.07
2026-07-28 15:24:55,480 | INFO | Chunker | Created 1 chunks for section 7.08
2026-07-28 15:24:55,562 | INFO | Chunker | Created 1 chunks for section 7.09
2026-07-28 15:24:55,632 | INFO | Chunker | Created 1 chunks for section 7.10
2026-07-28 15:24:55,692 | INFO | Chunker | Created 1 chunks for section 7.11
2026-07-28 15:24:55,698 | INFO | DGFTKnowledgePipeline | Processing HBP2023_Chapter08.pdf
2026-07-28 15:24:55,701 | INFO | PDFLoader | Loading PDF C:\Users\mabis\OneDrive\Documents\New folder\dekai-dgft-parser\input\pdf\HBP2023_Chapter08.pdf
2026-07-28 15:24:56,193 | INFO | PDFLoader | Loaded 4 pages from HBP2023_Chapter08.pdf
2026-07-28 15:24:56,201 | INFO | TextCleaner | Cleaned 4 pages
2026-07-28 15:24:56,209 | INFO | RuleExtractor | Extracted 5 section drafts from HBP2023_Chapter08.pdf
2026-07-28 15:24:56,327 | INFO | Chunker | Created 1 chunks for section 8.01
2026-07-28 15:24:56,387 | INFO | Chunker | Created 1 chunks for section 8.02
2026-07-28 15:24:56,461 | INFO | Chunker | Created 1 chunks for section 8.03
2026-07-28 15:24:56,641 | INFO | Chunker | Created 1 chunks for section 8.04
2026-07-28 15:24:56,712 | INFO | Chunker | Created 1 chunks for section 8.05
2026-07-28 15:24:56,716 | INFO | DGFTKnowledgePipeline | Processing HBP2023_Chapter09.pdf
2026-07-28 15:24:56,717 | INFO | PDFLoader | Loading PDF C:\Users\mabis\OneDrive\Documents\New folder\dekai-dgft-parser\input\pdf\HBP2023_Chapter09.pdf
2026-07-28 15:24:56,886 | INFO | PDFLoader | Loaded 2 pages from HBP2023_Chapter09.pdf
2026-07-28 15:24:56,891 | INFO | TextCleaner | Cleaned 2 pages
2026-07-28 15:24:56,893 | INFO | RuleExtractor | Extracted 3 section drafts from HBP2023_Chapter09.pdf
2026-07-28 15:24:56,996 | INFO | Chunker | Created 1 chunks for section 9.00
2026-07-28 15:24:57,049 | INFO | Chunker | Created 1 chunks for section 9.01
2026-07-28 15:24:57,125 | INFO | Chunker | Created 1 chunks for section 9.02
2026-07-28 15:24:57,129 | INFO | DGFTKnowledgePipeline | Processing Chapter+10+HBP+(19.05.2026).pdf
2026-07-28 15:24:57,129 | INFO | PDFLoader | Loading PDF C:\Users\mabis\OneDrive\Documents\New folder\dekai-dgft-parser\input\pdf\Chapter+10+HBP+(19.05.2026).pdf
2026-07-28 15:25:04,669 | INFO | PDFLoader | Loaded 48 pages from Chapter+10+HBP+(19.05.2026).pdf
2026-07-28 15:25:04,876 | INFO | TextCleaner | Cleaned 48 pages
2026-07-28 15:25:04,938 | INFO | RuleExtractor | Extracted 21 section drafts from Chapter+10+HBP+(19.05.2026).pdf
2026-07-28 15:25:05,827 | INFO | Chunker | Created 1 chunks for section 10.00
2026-07-28 15:25:05,881 | INFO | Chunker | Created 1 chunks for section 10.01
2026-07-28 15:25:05,963 | INFO | Chunker | Created 1 chunks for section 10.02
2026-07-28 15:25:06,053 | INFO | Chunker | Created 1 chunks for section 10.03
2026-07-28 15:25:06,171 | INFO | Chunker | Created 1 chunks for section 10.04
2026-07-28 15:25:06,269 | INFO | Chunker | Created 1 chunks for section 10.05
2026-07-28 15:25:06,420 | INFO | Chunker | Created 1 chunks for section 10.06
2026-07-28 15:25:06,484 | INFO | Chunker | Created 1 chunks for section 10.07
2026-07-28 15:25:06,641 | INFO | Chunker | Created 1 chunks for section 10.08
2026-07-28 15:25:06,941 | INFO | Chunker | Created 5 chunks for section 10.09
2026-07-28 15:25:06,995 | INFO | Chunker | Created 1 chunks for section 10.11
2026-07-28 15:25:07,265 | INFO | Chunker | Created 8 chunks for section 10.12
2026-07-28 15:25:07,428 | INFO | Chunker | Created 2 chunks for section 10.13
2026-07-28 15:25:07,545 | INFO | Chunker | Created 1 chunks for section 10.14
2026-07-28 15:25:07,628 | INFO | Chunker | Created 1 chunks for section 10.15
2026-07-28 15:25:07,927 | INFO | Chunker | Created 11 chunks for section 10.15
2026-07-28 15:25:08,110 | INFO | Chunker | Created 7 chunks for section 10.16
2026-07-28 15:25:08,225 | INFO | Chunker | Created 2 chunks for section 10.17
2026-07-28 15:25:08,292 | INFO | Chunker | Created 1 chunks for section 10.18
2026-07-28 15:25:08,444 | INFO | Chunker | Created 4 chunks for section 10.19
2026-07-28 15:25:08,529 | INFO | Chunker | Created 1 chunks for section 10.20
2026-07-28 15:27:03,854 | INFO | DGFTKnowledgePipeline | Processing HBP2023_Chapter01.pdf
2026-07-28 15:27:03,854 | INFO | PDFLoader | Loading PDF C:\Users\mabis\OneDrive\Documents\New folder\dekai-dgft-parser\input\pdf\HBP2023_Chapter01.pdf
2026-07-28 15:27:04,150 | INFO | PDFLoader | Loaded 7 pages from HBP2023_Chapter01.pdf
2026-07-28 15:27:04,157 | INFO | TextCleaner | Cleaned 7 pages
2026-07-28 15:27:04,160 | INFO | RuleExtractor | Extracted 12 section drafts from HBP2023_Chapter01.pdf
2026-07-28 15:27:04,261 | INFO | Chunker | Created 1 chunks for section 1.01
2026-07-28 15:27:04,286 | INFO | Chunker | Created 1 chunks for section 1.02
2026-07-28 15:27:04,310 | INFO | Chunker | Created 1 chunks for section 1.03
2026-07-28 15:27:04,351 | INFO | Chunker | Created 2 chunks for section 1.04
2026-07-28 15:27:04,385 | INFO | Chunker | Created 1 chunks for section 1.05
2026-07-28 15:27:04,417 | INFO | Chunker | Created 1 chunks for section 1.06
2026-07-28 15:27:04,446 | INFO | Chunker | Created 1 chunks for section 1.07
2026-07-28 15:27:04,467 | INFO | Chunker | Created 1 chunks for section 1.08
2026-07-28 15:27:04,489 | INFO | Chunker | Created 1 chunks for section 1.09
2026-07-28 15:27:04,521 | INFO | Chunker | Created 1 chunks for section 1.10
2026-07-28 15:27:04,567 | INFO | Chunker | Created 1 chunks for section 1.11
2026-07-28 15:27:04,586 | INFO | Chunker | Created 1 chunks for section 1.12
2026-07-28 15:27:04,587 | INFO | DGFTKnowledgePipeline | Processing HBP Chapter 2.pdf
2026-07-28 15:27:04,588 | INFO | PDFLoader | Loading PDF C:\Users\mabis\OneDrive\Documents\New folder\dekai-dgft-parser\input\pdf\HBP Chapter 2.pdf
2026-07-28 15:27:12,949 | INFO | PDFLoader | Loaded 52 pages from HBP Chapter 2.pdf
2026-07-28 15:27:13,100 | INFO | TextCleaner | Cleaned 52 pages
2026-07-28 15:27:13,178 | INFO | RuleExtractor | Extracted 99 section drafts from HBP Chapter 2.pdf
2026-07-28 15:27:14,510 | INFO | Chunker | Created 1 chunks for section 2.00
2026-07-28 15:27:14,563 | INFO | Chunker | Created 1 chunks for section 2.01
2026-07-28 15:27:14,621 | INFO | Chunker | Created 1 chunks for section 2.02
2026-07-28 15:27:14,717 | INFO | Chunker | Created 1 chunks for section 2.03
2026-07-28 15:27:14,760 | INFO | Chunker | Created 1 chunks for section 2.04
2026-07-28 15:27:14,832 | INFO | Chunker | Created 1 chunks for section 2.05
2026-07-28 15:27:14,913 | INFO | Chunker | Created 1 chunks for section 2.06
2026-07-28 15:27:15,060 | INFO | Chunker | Created 1 chunks for section 2.07
2026-07-28 15:27:15,329 | INFO | Chunker | Created 1 chunks for section 2.08
2026-07-28 15:27:15,450 | INFO | Chunker | Created 1 chunks for section 2.09
2026-07-28 15:27:15,525 | INFO | Chunker | Created 1 chunks for section 2.10
2026-07-28 15:27:15,592 | INFO | Chunker | Created 1 chunks for section 2.11
2026-07-28 15:27:15,844 | INFO | Chunker | Created 1 chunks for section 2.12
2026-07-28 15:27:15,975 | INFO | Chunker | Created 1 chunks for section 2.13
2026-07-28 15:27:16,112 | INFO | Chunker | Created 1 chunks for section 2.14
2026-07-28 15:27:16,184 | INFO | Chunker | Created 1 chunks for section 2.15
2026-07-28 15:27:16,265 | INFO | Chunker | Created 1 chunks for section 2.16
2026-07-28 15:27:16,322 | INFO | Chunker | Created 1 chunks for section 2.17
2026-07-28 15:27:16,389 | INFO | Chunker | Created 1 chunks for section 2.18
2026-07-28 15:27:16,453 | INFO | Chunker | Created 1 chunks for section 2.19
2026-07-28 15:27:16,559 | INFO | Chunker | Created 1 chunks for section 2.20
2026-07-28 15:27:16,614 | INFO | Chunker | Created 1 chunks for section 2.21
2026-07-28 15:27:16,773 | INFO | Chunker | Created 1 chunks for section 2.22
2026-07-28 15:27:16,884 | INFO | Chunker | Created 1 chunks for section 2.23
2026-07-28 15:27:17,002 | INFO | Chunker | Created 1 chunks for section 2.24
2026-07-28 15:27:17,087 | INFO | Chunker | Created 1 chunks for section 2.25
2026-07-28 15:27:17,195 | INFO | Chunker | Created 1 chunks for section 2.26
2026-07-28 15:27:17,303 | INFO | Chunker | Created 1 chunks for section 2.27
2026-07-28 15:27:17,393 | INFO | Chunker | Created 1 chunks for section 2.28
2026-07-28 15:27:17,498 | INFO | Chunker | Created 1 chunks for section 2.29
2026-07-28 15:27:17,601 | INFO | Chunker | Created 1 chunks for section 2.29
2026-07-28 15:27:17,772 | INFO | Chunker | Created 1 chunks for section 2.30
2026-07-28 15:27:17,855 | INFO | Chunker | Created 1 chunks for section 2.31
2026-07-28 15:27:17,935 | INFO | Chunker | Created 1 chunks for section 2.32
2026-07-28 15:27:18,003 | INFO | Chunker | Created 1 chunks for section 2.33
2026-07-28 15:27:18,094 | INFO | Chunker | Created 1 chunks for section 2.34
2026-07-28 15:27:18,191 | INFO | Chunker | Created 1 chunks for section 2.35
2026-07-28 15:27:18,343 | INFO | Chunker | Created 1 chunks for section 2.36
2026-07-28 15:27:18,474 | INFO | Chunker | Created 1 chunks for section 2.37
2026-07-28 15:27:18,539 | INFO | Chunker | Created 1 chunks for section 2.38
2026-07-28 15:27:18,635 | INFO | Chunker | Created 1 chunks for section 2.39
2026-07-28 15:27:18,780 | INFO | Chunker | Created 1 chunks for section 2.40
2026-07-28 15:27:18,976 | INFO | Chunker | Created 1 chunks for section 2.41
2026-07-28 15:27:19,038 | INFO | Chunker | Created 1 chunks for section 2.42
2026-07-28 15:27:19,204 | INFO | Chunker | Created 1 chunks for section 2.43
2026-07-28 15:27:19,316 | INFO | Chunker | Created 1 chunks for section 2.44
2026-07-28 15:27:19,400 | INFO | Chunker | Created 1 chunks for section 2.45
2026-07-28 15:27:19,533 | INFO | Chunker | Created 1 chunks for section 2.46
2026-07-28 15:27:19,611 | INFO | Chunker | Created 1 chunks for section 2.47
2026-07-28 15:27:19,694 | INFO | Chunker | Created 1 chunks for section 2.48
2026-07-28 15:27:19,800 | INFO | Chunker | Created 1 chunks for section 2.49
2026-07-28 15:27:19,851 | INFO | Chunker | Created 1 chunks for section 2.50
2026-07-28 15:27:20,173 | INFO | Chunker | Created 3 chunks for section 2.51
2026-07-28 15:27:20,295 | INFO | Chunker | Created 1 chunks for section 2.52
2026-07-28 15:27:20,433 | INFO | Chunker | Created 1 chunks for section 2.53
2026-07-28 15:27:20,497 | INFO | Chunker | Created 1 chunks for section 2.54
2026-07-28 15:27:20,563 | INFO | Chunker | Created 1 chunks for section 2.55
2026-07-28 15:27:20,629 | INFO | Chunker | Created 1 chunks for section 2.56
2026-07-28 15:27:20,677 | INFO | Chunker | Created 1 chunks for section 2.57
2026-07-28 15:27:20,729 | INFO | Chunker | Created 1 chunks for section 2.58
2026-07-28 15:27:20,836 | INFO | Chunker | Created 1 chunks for section 2.59
2026-07-28 15:27:20,918 | INFO | Chunker | Created 1 chunks for section 2.60
2026-07-28 15:27:21,025 | INFO | Chunker | Created 1 chunks for section 2.61
2026-07-28 15:27:21,092 | INFO | Chunker | Created 1 chunks for section 2.62
2026-07-28 15:27:21,275 | INFO | Chunker | Created 1 chunks for section 2.63
2026-07-28 15:27:21,335 | INFO | Chunker | Created 1 chunks for section 2.64
2026-07-28 15:27:21,407 | INFO | Chunker | Created 1 chunks for section 2.65
2026-07-28 15:27:21,519 | INFO | Chunker | Created 1 chunks for section 2.66
2026-07-28 15:27:21,638 | INFO | Chunker | Created 1 chunks for section 2.67
2026-07-28 15:27:21,720 | INFO | Chunker | Created 1 chunks for section 2.68
2026-07-28 15:27:21,806 | INFO | Chunker | Created 1 chunks for section 2.69
2026-07-28 15:27:21,905 | INFO | Chunker | Created 1 chunks for section 2.70
2026-07-28 15:27:22,018 | INFO | Chunker | Created 1 chunks for section 2.71
2026-07-28 15:27:22,093 | INFO | Chunker | Created 1 chunks for section 2.72
2026-07-28 15:27:22,165 | INFO | Chunker | Created 1 chunks for section 2.73
2026-07-28 15:27:22,320 | INFO | Chunker | Created 1 chunks for section 2.74
2026-07-28 15:27:22,417 | INFO | Chunker | Created 1 chunks for section 2.75
2026-07-28 15:27:22,546 | INFO | Chunker | Created 2 chunks for section 2.76
2026-07-28 15:27:22,626 | INFO | Chunker | Created 1 chunks for section 2.77
2026-07-28 15:27:22,716 | INFO | Chunker | Created 1 chunks for section 2.78
2026-07-28 15:27:22,815 | INFO | Chunker | Created 1 chunks for section 2.79
2026-07-28 15:27:22,891 | INFO | Chunker | Created 1 chunks for section 2.80
2026-07-28 15:27:22,976 | INFO | Chunker | Created 1 chunks for section 2.81
2026-07-28 15:27:23,071 | INFO | Chunker | Created 1 chunks for section 2.82
2026-07-28 15:27:23,170 | INFO | Chunker | Created 1 chunks for section 2.83
2026-07-28 15:27:23,229 | INFO | Chunker | Created 1 chunks for section 2.84
2026-07-28 15:27:23,300 | INFO | Chunker | Created 1 chunks for section 2.85
2026-07-28 15:27:23,406 | INFO | Chunker | Created 1 chunks for section 2.86
2026-07-28 15:27:23,494 | INFO | Chunker | Created 1 chunks for section 2.87
2026-07-28 15:27:23,678 | INFO | Chunker | Created 1 chunks for section 2.88
2026-07-28 15:27:23,805 | INFO | Chunker | Created 1 chunks for section 2.89
2026-07-28 15:27:23,893 | INFO | Chunker | Created 1 chunks for section 2.90
2026-07-28 15:27:24,019 | INFO | Chunker | Created 1 chunks for section 2.91
2026-07-28 15:27:24,219 | INFO | Chunker | Created 10 chunks for section 2.92
2026-07-28 15:27:24,388 | INFO | Chunker | Created 2 chunks for section 2.93
2026-07-28 15:27:24,452 | INFO | Chunker | Created 1 chunks for section 2.94
2026-07-28 15:27:24,527 | INFO | Chunker | Created 1 chunks for section 2.95
2026-07-28 15:27:24,618 | INFO | Chunker | Created 1 chunks for section 2.96
2026-07-28 15:27:24,672 | INFO | Chunker | Created 1 chunks for section 2.97
2026-07-28 15:27:24,680 | INFO | DGFTKnowledgePipeline | Processing HBP2023_Chapter03.pdf
2026-07-28 15:27:24,680 | INFO | PDFLoader | Loading PDF C:\Users\mabis\OneDrive\Documents\New folder\dekai-dgft-parser\input\pdf\HBP2023_Chapter03.pdf
2026-07-28 15:27:26,021 | INFO | PDFLoader | Loaded 6 pages from HBP2023_Chapter03.pdf
2026-07-28 15:27:26,037 | INFO | TextCleaner | Cleaned 6 pages
2026-07-28 15:27:26,044 | INFO | RuleExtractor | Extracted 8 section drafts from HBP2023_Chapter03.pdf
2026-07-28 15:27:26,187 | INFO | Chunker | Created 1 chunks for section 3.01
2026-07-28 15:27:26,223 | INFO | Chunker | Created 1 chunks for section 3.02
2026-07-28 15:27:26,277 | INFO | Chunker | Created 2 chunks for section 3.03
2026-07-28 15:27:26,322 | INFO | Chunker | Created 1 chunks for section 3.05
2026-07-28 15:27:26,408 | INFO | Chunker | Created 1 chunks for section 3.06
2026-07-28 15:27:26,469 | INFO | Chunker | Created 1 chunks for section 3.07
2026-07-28 15:27:26,536 | INFO | Chunker | Created 1 chunks for section 3.08
2026-07-28 15:27:26,606 | INFO | Chunker | Created 1 chunks for section 3.09
2026-07-28 15:27:26,618 | INFO | DGFTKnowledgePipeline | Processing HBP2023_Chapter04+as+on+20.04.2026.pdf
2026-07-28 15:27:26,618 | INFO | PDFLoader | Loading PDF C:\Users\mabis\OneDrive\Documents\New folder\dekai-dgft-parser\input\pdf\HBP2023_Chapter04+as+on+20.04.2026.pdf
2026-07-28 15:27:38,221 | INFO | PDFLoader | Loaded 58 pages from HBP2023_Chapter04+as+on+20.04.2026.pdf
2026-07-28 15:27:38,345 | INFO | TextCleaner | Cleaned 58 pages
2026-07-28 15:27:38,403 | INFO | RuleExtractor | Extracted 99 section drafts from HBP2023_Chapter04+as+on+20.04.2026.pdf
2026-07-28 15:27:39,585 | INFO | Chunker | Created 1 chunks for section 4.01
2026-07-28 15:27:39,642 | INFO | Chunker | Created 1 chunks for section 4.02
2026-07-28 15:27:39,705 | INFO | Chunker | Created 1 chunks for section 4.03
2026-07-28 15:27:39,759 | INFO | Chunker | Created 1 chunks for section 4.04
2026-07-28 15:27:39,828 | INFO | Chunker | Created 1 chunks for section 4.05
2026-07-28 15:27:39,918 | INFO | Chunker | Created 2 chunks for section 4.06
2026-07-28 15:27:40,057 | INFO | Chunker | Created 1 chunks for section 4.07
2026-07-28 15:27:40,334 | INFO | Chunker | Created 1 chunks for section 4.08
2026-07-28 15:27:40,400 | INFO | Chunker | Created 1 chunks for section 4.09
2026-07-28 15:27:40,510 | INFO | Chunker | Created 1 chunks for section 4.10
2026-07-28 15:27:40,561 | INFO | Chunker | Created 1 chunks for section 4.11
2026-07-28 15:27:40,672 | INFO | Chunker | Created 1 chunks for section 4.12
2026-07-28 15:27:40,763 | INFO | Chunker | Created 1 chunks for section 4.13
2026-07-28 15:27:40,848 | INFO | Chunker | Created 1 chunks for section 4.14
2026-07-28 15:27:40,934 | INFO | Chunker | Created 1 chunks for section 4.15
2026-07-28 15:27:41,025 | INFO | Chunker | Created 1 chunks for section 4.16
2026-07-28 15:27:41,123 | INFO | Chunker | Created 1 chunks for section 4.17
2026-07-28 15:27:41,222 | INFO | Chunker | Created 1 chunks for section 4.18
2026-07-28 15:27:41,348 | INFO | Chunker | Created 1 chunks for section 4.19
2026-07-28 15:27:41,460 | INFO | Chunker | Created 1 chunks for section 4.20
2026-07-28 15:27:41,528 | INFO | Chunker | Created 1 chunks for section 4.21
2026-07-28 15:27:41,610 | INFO | Chunker | Created 1 chunks for section 4.22
2026-07-28 15:27:41,660 | INFO | Chunker | Created 1 chunks for section 4.23
2026-07-28 15:27:41,712 | INFO | Chunker | Created 1 chunks for section 4.24
2026-07-28 15:27:41,753 | INFO | Chunker | Created 1 chunks for section 4.25
2026-07-28 15:27:41,837 | INFO | Chunker | Created 1 chunks for section 4.26
2026-07-28 15:27:41,925 | INFO | Chunker | Created 1 chunks for section 4.27
2026-07-28 15:27:41,973 | INFO | Chunker | Created 1 chunks for section 4.28
2026-07-28 15:27:42,054 | INFO | Chunker | Created 1 chunks for section 4.29
2026-07-28 15:27:42,239 | INFO | Chunker | Created 1 chunks for section 4.30
2026-07-28 15:27:42,306 | INFO | Chunker | Created 1 chunks for section 4.31
2026-07-28 15:27:42,403 | INFO | Chunker | Created 1 chunks for section 4.32
2026-07-28 15:27:42,553 | INFO | Chunker | Created 1 chunks for section 4.33
2026-07-28 15:27:42,603 | INFO | Chunker | Created 1 chunks for section 4.34
2026-07-28 15:27:42,700 | INFO | Chunker | Created 2 chunks for section 4.35
2026-07-28 15:27:42,790 | INFO | Chunker | Created 1 chunks for section 4.36
2026-07-28 15:27:42,884 | INFO | Chunker | Created 1 chunks for section 4.37
2026-07-28 15:27:42,941 | INFO | Chunker | Created 1 chunks for section 4.38
2026-07-28 15:27:42,993 | INFO | Chunker | Created 1 chunks for section 4.39
2026-07-28 15:27:43,201 | INFO | Chunker | Created 2 chunks for section 4.40
2026-07-28 15:27:43,323 | INFO | Chunker | Created 1 chunks for section 4.41
2026-07-28 15:27:43,411 | INFO | Chunker | Created 1 chunks for section 4.42
2026-07-28 15:27:43,565 | INFO | Chunker | Created 1 chunks for section 4.43
2026-07-28 15:27:43,676 | INFO | Chunker | Created 1 chunks for section 4.44
2026-07-28 15:27:43,774 | INFO | Chunker | Created 1 chunks for section 4.45
2026-07-28 15:27:43,818 | INFO | Chunker | Created 1 chunks for section 4.46
2026-07-28 15:27:43,921 | INFO | Chunker | Created 1 chunks for section 4.47
2026-07-28 15:27:44,025 | INFO | Chunker | Created 1 chunks for section 4.48
2026-07-28 15:27:44,277 | INFO | Chunker | Created 2 chunks for section 4.49
2026-07-28 15:27:44,397 | INFO | Chunker | Created 1 chunks for section 4.50
2026-07-28 15:27:44,469 | INFO | Chunker | Created 1 chunks for section 4.51
2026-07-28 15:27:44,510 | INFO | Chunker | Created 1 chunks for section 4.52
2026-07-28 15:27:44,564 | INFO | Chunker | Created 1 chunks for section 4.53
2026-07-28 15:27:44,602 | INFO | Chunker | Created 1 chunks for section 4.54
2026-07-28 15:27:44,663 | INFO | Chunker | Created 1 chunks for section 4.55
2026-07-28 15:27:44,747 | INFO | Chunker | Created 1 chunks for section 4.56
2026-07-28 15:27:44,802 | INFO | Chunker | Created 1 chunks for section 4.57
2026-07-28 15:27:44,888 | INFO | Chunker | Created 1 chunks for section 4.58
2026-07-28 15:27:44,970 | INFO | Chunker | Created 1 chunks for section 4.59
2026-07-28 15:27:45,092 | INFO | Chunker | Created 1 chunks for section 4.60
2026-07-28 15:27:45,189 | INFO | Chunker | Created 1 chunks for section 4.61
2026-07-28 15:27:45,343 | INFO | Chunker | Created 1 chunks for section 4.62
2026-07-28 15:27:45,414 | INFO | Chunker | Created 1 chunks for section 4.63
2026-07-28 15:27:45,492 | INFO | Chunker | Created 1 chunks for section 4.64
2026-07-28 15:27:45,581 | INFO | Chunker | Created 1 chunks for section 4.65
2026-07-28 15:27:45,628 | INFO | Chunker | Created 1 chunks for section 4.66
2026-07-28 15:27:45,727 | INFO | Chunker | Created 1 chunks for section 4.67
2026-07-28 15:27:45,820 | INFO | Chunker | Created 1 chunks for section 4.68
2026-07-28 15:27:45,899 | INFO | Chunker | Created 1 chunks for section 4.69
2026-07-28 15:27:45,938 | INFO | Chunker | Created 1 chunks for section 4.70
2026-07-28 15:27:45,997 | INFO | Chunker | Created 1 chunks for section 4.71
2026-07-28 15:27:46,092 | INFO | Chunker | Created 1 chunks for section 4.72
2026-07-28 15:27:46,181 | INFO | Chunker | Created 1 chunks for section 4.73
2026-07-28 15:27:46,435 | INFO | Chunker | Created 1 chunks for section 4.74
2026-07-28 15:27:46,497 | INFO | Chunker | Created 1 chunks for section 4.75
2026-07-28 15:27:46,627 | INFO | Chunker | Created 1 chunks for section 4.76
2026-07-28 15:27:46,778 | INFO | Chunker | Created 1 chunks for section 4.77
2026-07-28 15:27:46,836 | INFO | Chunker | Created 1 chunks for section 4.78
2026-07-28 15:27:46,950 | INFO | Chunker | Created 2 chunks for section 4.79
2026-07-28 15:27:47,006 | INFO | Chunker | Created 1 chunks for section 4.80
2026-07-28 15:27:47,107 | INFO | Chunker | Created 1 chunks for section 4.81
2026-07-28 15:27:47,190 | INFO | Chunker | Created 1 chunks for section 4.82
2026-07-28 15:27:47,310 | INFO | Chunker | Created 1 chunks for section 4.83
2026-07-28 15:27:47,434 | INFO | Chunker | Created 1 chunks for section 4.84
2026-07-28 15:27:47,491 | INFO | Chunker | Created 1 chunks for section 4.85
2026-07-28 15:27:47,557 | INFO | Chunker | Created 1 chunks for section 4.86
2026-07-28 15:27:47,640 | INFO | Chunker | Created 1 chunks for section 4.87
2026-07-28 15:27:47,698 | INFO | Chunker | Created 1 chunks for section 4.88
2026-07-28 15:27:47,747 | INFO | Chunker | Created 1 chunks for section 4.89
2026-07-28 15:27:47,835 | INFO | Chunker | Created 1 chunks for section 4.90
2026-07-28 15:27:47,893 | INFO | Chunker | Created 1 chunks for section 4.91
2026-07-28 15:27:47,956 | INFO | Chunker | Created 1 chunks for section 4.92
2026-07-28 15:27:48,146 | INFO | Chunker | Created 1 chunks for section 4.93
2026-07-28 15:27:48,281 | INFO | Chunker | Created 2 chunks for section 4.94
2026-07-28 15:27:48,335 | INFO | Chunker | Created 1 chunks for section 4.95
2026-07-28 15:27:48,408 | INFO | Chunker | Created 1 chunks for section 4.96
2026-07-28 15:27:48,462 | INFO | Chunker | Created 1 chunks for section 4.97
2026-07-28 15:27:48,513 | INFO | Chunker | Created 1 chunks for section 4.98
2026-07-28 15:27:48,603 | INFO | Chunker | Created 1 chunks for section 4.99
2026-07-28 15:27:48,616 | INFO | DGFTKnowledgePipeline | Processing HBP2023_Chapter05.pdf
2026-07-28 15:27:48,617 | INFO | PDFLoader | Loading PDF C:\Users\mabis\OneDrive\Documents\New folder\dekai-dgft-parser\input\pdf\HBP2023_Chapter05.pdf
2026-07-28 15:27:51,605 | INFO | PDFLoader | Loaded 15 pages from HBP2023_Chapter05.pdf
2026-07-28 15:27:51,641 | INFO | TextCleaner | Cleaned 15 pages
2026-07-28 15:27:51,657 | INFO | RuleExtractor | Extracted 25 section drafts from HBP2023_Chapter05.pdf
2026-07-28 15:27:52,010 | INFO | Chunker | Created 1 chunks for section 5.01
2026-07-28 15:27:52,050 | INFO | Chunker | Created 1 chunks for section 5.02
2026-07-28 15:27:52,107 | INFO | Chunker | Created 1 chunks for section 5.03
2026-07-28 15:27:52,171 | INFO | Chunker | Created 1 chunks for section 5.04
2026-07-28 15:27:52,235 | INFO | Chunker | Created 1 chunks for section 5.05
2026-07-28 15:27:52,324 | INFO | Chunker | Created 1 chunks for section 5.06
2026-07-28 15:27:52,389 | INFO | Chunker | Created 1 chunks for section 5.07
2026-07-28 15:27:52,487 | INFO | Chunker | Created 1 chunks for section 5.08
2026-07-28 15:27:52,559 | INFO | Chunker | Created 1 chunks for section 5.09
2026-07-28 15:27:52,788 | INFO | Chunker | Created 1 chunks for section 5.10
2026-07-28 15:27:52,849 | INFO | Chunker | Created 1 chunks for section 5.11
2026-07-28 15:27:52,901 | INFO | Chunker | Created 1 chunks for section 5.12
2026-07-28 15:27:53,087 | INFO | Chunker | Created 2 chunks for section 5.13
2026-07-28 15:27:53,182 | INFO | Chunker | Created 1 chunks for section 5.14
2026-07-28 15:27:53,286 | INFO | Chunker | Created 1 chunks for section 5.16
2026-07-28 15:27:53,345 | INFO | Chunker | Created 1 chunks for section 5.17
2026-07-28 15:27:53,404 | INFO | Chunker | Created 1 chunks for section 5.18
2026-07-28 15:27:53,454 | INFO | Chunker | Created 1 chunks for section 5.19
2026-07-28 15:27:53,519 | INFO | Chunker | Created 1 chunks for section 5.20
2026-07-28 15:27:53,618 | INFO | Chunker | Created 1 chunks for section 5.21
2026-07-28 15:27:53,681 | INFO | Chunker | Created 1 chunks for section 5.22
2026-07-28 15:27:53,738 | INFO | Chunker | Created 1 chunks for section 5.23
2026-07-28 15:27:53,809 | INFO | Chunker | Created 1 chunks for section 5.24
2026-07-28 15:27:53,902 | INFO | Chunker | Created 1 chunks for section 5.25
2026-07-28 15:27:54,009 | INFO | Chunker | Created 1 chunks for section 5.26
2026-07-28 15:27:54,017 | INFO | DGFTKnowledgePipeline | Processing HBP-Chapter-6.pdf
2026-07-28 15:27:54,017 | INFO | PDFLoader | Loading PDF C:\Users\mabis\OneDrive\Documents\New folder\dekai-dgft-parser\input\pdf\HBP-Chapter-6.pdf
2026-07-28 15:27:57,847 | INFO | PDFLoader | Loaded 24 pages from HBP-Chapter-6.pdf
2026-07-28 15:27:57,900 | INFO | TextCleaner | Cleaned 24 pages
2026-07-28 15:27:57,931 | INFO | RuleExtractor | Extracted 41 section drafts from HBP-Chapter-6.pdf
2026-07-28 15:27:58,407 | INFO | Chunker | Created 1 chunks for section 6.00
2026-07-28 15:27:58,520 | INFO | Chunker | Created 2 chunks for section 6.01
2026-07-28 15:27:58,641 | INFO | Chunker | Created 1 chunks for section 6.02
2026-07-28 15:27:58,779 | INFO | Chunker | Created 1 chunks for section 6.03
2026-07-28 15:27:58,896 | INFO | Chunker | Created 1 chunks for section 6.04
2026-07-28 15:27:58,963 | INFO | Chunker | Created 1 chunks for section 6.05
2026-07-28 15:27:59,068 | INFO | Chunker | Created 1 chunks for section 6.06
2026-07-28 15:27:59,186 | INFO | Chunker | Created 1 chunks for section 6.07
2026-07-28 15:27:59,259 | INFO | Chunker | Created 1 chunks for section 6.08
2026-07-28 15:27:59,320 | INFO | Chunker | Created 1 chunks for section 6.09
2026-07-28 15:27:59,414 | INFO | Chunker | Created 1 chunks for section 6.10
2026-07-28 15:27:59,547 | INFO | Chunker | Created 1 chunks for section 6.11
2026-07-28 15:27:59,662 | INFO | Chunker | Created 1 chunks for section 6.12
2026-07-28 15:27:59,766 | INFO | Chunker | Created 1 chunks for section 6.13
2026-07-28 15:27:59,828 | INFO | Chunker | Created 1 chunks for section 6.14
2026-07-28 15:27:59,903 | INFO | Chunker | Created 1 chunks for section 6.15
2026-07-28 15:27:59,959 | INFO | Chunker | Created 1 chunks for section 6.16
2026-07-28 15:28:00,036 | INFO | Chunker | Created 1 chunks for section 6.17
2026-07-28 15:28:00,127 | INFO | Chunker | Created 1 chunks for section 6.18
2026-07-28 15:28:00,226 | INFO | Chunker | Created 1 chunks for section 6.19
2026-07-28 15:28:00,366 | INFO | Chunker | Created 2 chunks for section 6.20
2026-07-28 15:28:00,523 | INFO | Chunker | Created 1 chunks for section 6.22
2026-07-28 15:28:00,629 | INFO | Chunker | Created 1 chunks for section 6.23
2026-07-28 15:28:00,756 | INFO | Chunker | Created 1 chunks for section 6.24
2026-07-28 15:28:00,833 | INFO | Chunker | Created 1 chunks for section 6.25
2026-07-28 15:28:00,892 | INFO | Chunker | Created 1 chunks for section 6.26
2026-07-28 15:28:01,067 | INFO | Chunker | Created 1 chunks for section 6.27
2026-07-28 15:28:01,146 | INFO | Chunker | Created 1 chunks for section 6.28
2026-07-28 15:28:01,257 | INFO | Chunker | Created 1 chunks for section 6.29
2026-07-28 15:28:01,346 | INFO | Chunker | Created 1 chunks for section 6.30
2026-07-28 15:28:01,405 | INFO | Chunker | Created 1 chunks for section 6.31
2026-07-28 15:28:01,488 | INFO | Chunker | Created 1 chunks for section 6.32
2026-07-28 15:28:01,565 | INFO | Chunker | Created 1 chunks for section 6.33
2026-07-28 15:28:01,692 | INFO | Chunker | Created 1 chunks for section 6.34
2026-07-28 15:28:01,755 | INFO | Chunker | Created 1 chunks for section 6.35
2026-07-28 15:28:01,918 | INFO | Chunker | Created 1 chunks for section 6.36
2026-07-28 15:28:01,998 | INFO | Chunker | Created 1 chunks for section 6.37
2026-07-28 15:28:02,083 | INFO | Chunker | Created 1 chunks for section 6.38
2026-07-28 15:28:02,194 | INFO | Chunker | Created 1 chunks for section 6.39
2026-07-28 15:28:02,355 | INFO | Chunker | Created 1 chunks for section 6.40
2026-07-28 15:28:02,447 | INFO | Chunker | Created 1 chunks for section 6.41
2026-07-28 15:28:02,453 | INFO | DGFTKnowledgePipeline | Processing Chapter-7-of-HBP-2023.pdf
2026-07-28 15:28:02,453 | INFO | PDFLoader | Loading PDF C:\Users\mabis\OneDrive\Documents\New folder\dekai-dgft-parser\input\pdf\Chapter-7-of-HBP-2023.pdf
2026-07-28 15:28:03,456 | INFO | PDFLoader | Loaded 6 pages from Chapter-7-of-HBP-2023.pdf
2026-07-28 15:28:03,471 | INFO | TextCleaner | Cleaned 6 pages
2026-07-28 15:28:03,479 | INFO | RuleExtractor | Extracted 12 section drafts from Chapter-7-of-HBP-2023.pdf
2026-07-28 15:28:03,644 | INFO | Chunker | Created 1 chunks for section 7.00
2026-07-28 15:28:03,698 | INFO | Chunker | Created 1 chunks for section 7.01
2026-07-28 15:28:03,765 | INFO | Chunker | Created 1 chunks for section 7.02
2026-07-28 15:28:03,849 | INFO | Chunker | Created 1 chunks for section 7.03
2026-07-28 15:28:03,913 | INFO | Chunker | Created 1 chunks for section 7.04
2026-07-28 15:28:03,980 | INFO | Chunker | Created 1 chunks for section 7.05
2026-07-28 15:28:04,027 | INFO | Chunker | Created 1 chunks for section 7.06
2026-07-28 15:28:04,070 | INFO | Chunker | Created 1 chunks for section 7.07
2026-07-28 15:28:04,134 | INFO | Chunker | Created 1 chunks for section 7.08
2026-07-28 15:28:04,185 | INFO | Chunker | Created 1 chunks for section 7.09
2026-07-28 15:28:04,266 | INFO | Chunker | Created 1 chunks for section 7.10
2026-07-28 15:28:04,333 | INFO | Chunker | Created 1 chunks for section 7.11
2026-07-28 15:28:04,348 | INFO | DGFTKnowledgePipeline | Processing HBP2023_Chapter08.pdf
2026-07-28 15:28:04,348 | INFO | PDFLoader | Loading PDF C:\Users\mabis\OneDrive\Documents\New folder\dekai-dgft-parser\input\pdf\HBP2023_Chapter08.pdf
2026-07-28 15:28:05,027 | INFO | PDFLoader | Loaded 4 pages from HBP2023_Chapter08.pdf
2026-07-28 15:28:05,039 | INFO | TextCleaner | Cleaned 4 pages
2026-07-28 15:28:05,047 | INFO | RuleExtractor | Extracted 5 section drafts from HBP2023_Chapter08.pdf
2026-07-28 15:28:05,176 | INFO | Chunker | Created 1 chunks for section 8.01
2026-07-28 15:28:05,238 | INFO | Chunker | Created 1 chunks for section 8.02
2026-07-28 15:28:05,297 | INFO | Chunker | Created 1 chunks for section 8.03
2026-07-28 15:28:05,353 | INFO | Chunker | Created 1 chunks for section 8.04
2026-07-28 15:28:05,407 | INFO | Chunker | Created 1 chunks for section 8.05
2026-07-28 15:28:05,410 | INFO | DGFTKnowledgePipeline | Processing HBP2023_Chapter09.pdf
2026-07-28 15:28:05,410 | INFO | PDFLoader | Loading PDF C:\Users\mabis\OneDrive\Documents\New folder\dekai-dgft-parser\input\pdf\HBP2023_Chapter09.pdf
2026-07-28 15:28:05,620 | INFO | PDFLoader | Loaded 2 pages from HBP2023_Chapter09.pdf
2026-07-28 15:28:05,623 | INFO | TextCleaner | Cleaned 2 pages
2026-07-28 15:28:05,627 | INFO | RuleExtractor | Extracted 3 section drafts from HBP2023_Chapter09.pdf
2026-07-28 15:28:05,715 | INFO | Chunker | Created 1 chunks for section 9.00
2026-07-28 15:28:05,769 | INFO | Chunker | Created 1 chunks for section 9.01
2026-07-28 15:28:05,822 | INFO | Chunker | Created 1 chunks for section 9.02
2026-07-28 15:28:05,828 | INFO | DGFTKnowledgePipeline | Processing Chapter+10+HBP+(19.05.2026).pdf
2026-07-28 15:28:05,828 | INFO | PDFLoader | Loading PDF C:\Users\mabis\OneDrive\Documents\New folder\dekai-dgft-parser\input\pdf\Chapter+10+HBP+(19.05.2026).pdf
2026-07-28 15:28:13,709 | INFO | PDFLoader | Loaded 48 pages from Chapter+10+HBP+(19.05.2026).pdf
2026-07-28 15:28:13,831 | INFO | TextCleaner | Cleaned 48 pages
2026-07-28 15:28:13,887 | INFO | RuleExtractor | Extracted 21 section drafts from Chapter+10+HBP+(19.05.2026).pdf
2026-07-28 15:28:14,793 | INFO | Chunker | Created 1 chunks for section 10.00
2026-07-28 15:28:14,829 | INFO | Chunker | Created 1 chunks for section 10.01
2026-07-28 15:28:15,040 | INFO | Chunker | Created 1 chunks for section 10.02
2026-07-28 15:28:15,118 | INFO | Chunker | Created 1 chunks for section 10.03
2026-07-28 15:28:15,244 | INFO | Chunker | Created 1 chunks for section 10.04
2026-07-28 15:28:15,389 | INFO | Chunker | Created 1 chunks for section 10.05
2026-07-28 15:28:15,522 | INFO | Chunker | Created 1 chunks for section 10.06
2026-07-28 15:28:15,579 | INFO | Chunker | Created 1 chunks for section 10.07
2026-07-28 15:28:15,664 | INFO | Chunker | Created 1 chunks for section 10.08
2026-07-28 15:28:16,082 | INFO | Chunker | Created 5 chunks for section 10.09
2026-07-28 15:28:16,159 | INFO | Chunker | Created 1 chunks for section 10.11
2026-07-28 15:28:16,437 | INFO | Chunker | Created 8 chunks for section 10.12
2026-07-28 15:28:16,624 | INFO | Chunker | Created 2 chunks for section 10.13
2026-07-28 15:28:16,742 | INFO | Chunker | Created 1 chunks for section 10.14
2026-07-28 15:28:16,822 | INFO | Chunker | Created 1 chunks for section 10.15
2026-07-28 15:28:17,147 | INFO | Chunker | Created 11 chunks for section 10.15
2026-07-28 15:28:17,338 | INFO | Chunker | Created 7 chunks for section 10.16
2026-07-28 15:28:17,455 | INFO | Chunker | Created 2 chunks for section 10.17
2026-07-28 15:28:17,535 | INFO | Chunker | Created 1 chunks for section 10.18
2026-07-28 15:28:17,667 | INFO | Chunker | Created 4 chunks for section 10.19
2026-07-28 15:28:17,738 | INFO | Chunker | Created 1 chunks for section 10.20
2026-07-29 10:26:21,198 | INFO | DGFTKnowledgePipeline | Processing HBP2023_Chapter01.pdf
2026-07-29 10:26:21,224 | INFO | PDFLoader | Loading PDF C:\Users\mabis\OneDrive\Documents\New folder\dekai-dgft-parser\input\pdf\HBP2023_Chapter01.pdf
2026-07-29 10:26:23,785 | INFO | PDFLoader | Loaded 7 pages from HBP2023_Chapter01.pdf
2026-07-29 10:26:23,807 | INFO | TextCleaner | Cleaned 7 pages
2026-07-29 10:26:24,482 | INFO | RuleExtractor | Extracted 12 section drafts from HBP2023_Chapter01.pdf
2026-07-29 10:26:25,588 | INFO | Chunker | Created 1 chunks for section 1.01
2026-07-29 10:26:25,643 | INFO | Chunker | Created 1 chunks for section 1.02
2026-07-29 10:26:25,717 | INFO | Chunker | Created 1 chunks for section 1.03
2026-07-29 10:26:25,820 | INFO | Chunker | Created 2 chunks for section 1.04
2026-07-29 10:26:25,901 | INFO | Chunker | Created 1 chunks for section 1.05
2026-07-29 10:26:25,963 | INFO | Chunker | Created 1 chunks for section 1.06
2026-07-29 10:26:26,037 | INFO | Chunker | Created 1 chunks for section 1.07
2026-07-29 10:26:26,109 | INFO | Chunker | Created 1 chunks for section 1.08
2026-07-29 10:26:26,179 | INFO | Chunker | Created 1 chunks for section 1.09
2026-07-29 10:26:26,293 | INFO | Chunker | Created 1 chunks for section 1.10
2026-07-29 10:26:27,093 | INFO | Chunker | Created 1 chunks for section 1.11
2026-07-29 10:26:27,134 | INFO | Chunker | Created 1 chunks for section 1.12
2026-07-29 10:26:27,139 | INFO | DGFTKnowledgePipeline | Processing HBP Chapter 2.pdf
2026-07-29 10:26:27,139 | INFO | PDFLoader | Loading PDF C:\Users\mabis\OneDrive\Documents\New folder\dekai-dgft-parser\input\pdf\HBP Chapter 2.pdf
2026-07-29 10:26:44,317 | INFO | PDFLoader | Loaded 52 pages from HBP Chapter 2.pdf
2026-07-29 10:26:44,409 | INFO | TextCleaner | Cleaned 52 pages
2026-07-29 10:26:44,599 | INFO | RuleExtractor | Extracted 99 section drafts from HBP Chapter 2.pdf
2026-07-29 10:26:46,119 | INFO | Chunker | Created 1 chunks for section 2.00
2026-07-29 10:26:46,264 | INFO | Chunker | Created 1 chunks for section 2.01
2026-07-29 10:26:46,466 | INFO | Chunker | Created 1 chunks for section 2.02
2026-07-29 10:26:49,533 | INFO | Chunker | Created 1 chunks for section 2.03
2026-07-29 10:26:49,577 | INFO | Chunker | Created 1 chunks for section 2.04
2026-07-29 10:26:49,671 | INFO | Chunker | Created 1 chunks for section 2.05
2026-07-29 10:26:49,716 | INFO | Chunker | Created 1 chunks for section 2.06
2026-07-29 10:26:49,823 | INFO | Chunker | Created 1 chunks for section 2.07
2026-07-29 10:26:49,918 | INFO | Chunker | Created 1 chunks for section 2.08
2026-07-29 10:26:49,969 | INFO | Chunker | Created 1 chunks for section 2.09
2026-07-29 10:26:50,014 | INFO | Chunker | Created 1 chunks for section 2.10
2026-07-29 10:26:50,081 | INFO | Chunker | Created 1 chunks for section 2.11
2026-07-29 10:26:50,125 | INFO | Chunker | Created 1 chunks for section 2.12
2026-07-29 10:26:50,201 | INFO | Chunker | Created 1 chunks for section 2.13
2026-07-29 10:26:50,330 | INFO | Chunker | Created 1 chunks for section 2.14
2026-07-29 10:26:50,385 | INFO | Chunker | Created 1 chunks for section 2.15
2026-07-29 10:26:50,469 | INFO | Chunker | Created 1 chunks for section 2.16
2026-07-29 10:26:50,520 | INFO | Chunker | Created 1 chunks for section 2.17
2026-07-29 10:26:50,575 | INFO | Chunker | Created 1 chunks for section 2.18
2026-07-29 10:26:50,632 | INFO | Chunker | Created 1 chunks for section 2.19
2026-07-29 10:26:50,711 | INFO | Chunker | Created 1 chunks for section 2.20
2026-07-29 10:26:50,757 | INFO | Chunker | Created 1 chunks for section 2.21
2026-07-29 10:26:50,808 | INFO | Chunker | Created 1 chunks for section 2.22
2026-07-29 10:26:50,878 | INFO | Chunker | Created 1 chunks for section 2.23
2026-07-29 10:26:50,970 | INFO | Chunker | Created 1 chunks for section 2.24
2026-07-29 10:26:51,048 | INFO | Chunker | Created 1 chunks for section 2.25
2026-07-29 10:26:51,913 | INFO | Chunker | Created 1 chunks for section 2.26
2026-07-29 10:26:51,967 | INFO | Chunker | Created 1 chunks for section 2.27
2026-07-29 10:26:52,023 | INFO | Chunker | Created 1 chunks for section 2.28
2026-07-29 10:26:52,110 | INFO | Chunker | Created 1 chunks for section 2.29
2026-07-29 10:26:52,183 | INFO | Chunker | Created 1 chunks for section 2.29
2026-07-29 10:26:52,276 | INFO | Chunker | Created 1 chunks for section 2.30
2026-07-29 10:26:52,325 | INFO | Chunker | Created 1 chunks for section 2.31
2026-07-29 10:26:52,385 | INFO | Chunker | Created 1 chunks for section 2.32
2026-07-29 10:26:52,485 | INFO | Chunker | Created 1 chunks for section 2.33
2026-07-29 10:26:52,643 | INFO | Chunker | Created 1 chunks for section 2.34
2026-07-29 10:26:52,715 | INFO | Chunker | Created 1 chunks for section 2.35
2026-07-29 10:26:52,813 | INFO | Chunker | Created 1 chunks for section 2.36
2026-07-29 10:26:52,909 | INFO | Chunker | Created 1 chunks for section 2.37
2026-07-29 10:26:52,954 | INFO | Chunker | Created 1 chunks for section 2.38
2026-07-29 10:26:53,005 | INFO | Chunker | Created 1 chunks for section 2.39
2026-07-29 10:26:53,088 | INFO | Chunker | Created 1 chunks for section 2.40
2026-07-29 10:26:53,179 | INFO | Chunker | Created 1 chunks for section 2.41
2026-07-29 10:26:53,216 | INFO | Chunker | Created 1 chunks for section 2.42
2026-07-29 10:26:53,289 | INFO | Chunker | Created 1 chunks for section 2.43
2026-07-29 10:26:53,330 | INFO | Chunker | Created 1 chunks for section 2.44
2026-07-29 10:26:53,349 | INFO | Chunker | Created 1 chunks for section 2.45
2026-07-29 10:26:53,393 | INFO | Chunker | Created 1 chunks for section 2.46
2026-07-29 10:26:53,460 | INFO | Chunker | Created 1 chunks for section 2.47
2026-07-29 10:26:54,032 | INFO | Chunker | Created 1 chunks for section 2.48
2026-07-29 10:26:54,129 | INFO | Chunker | Created 1 chunks for section 2.49
2026-07-29 10:26:54,179 | INFO | Chunker | Created 1 chunks for section 2.50
2026-07-29 10:26:54,339 | INFO | Chunker | Created 3 chunks for section 2.51
2026-07-29 10:26:54,430 | INFO | Chunker | Created 1 chunks for section 2.52
2026-07-29 10:26:54,539 | INFO | Chunker | Created 1 chunks for section 2.53
2026-07-29 10:26:54,583 | INFO | Chunker | Created 1 chunks for section 2.54
2026-07-29 10:26:54,631 | INFO | Chunker | Created 1 chunks for section 2.55
2026-07-29 10:26:54,687 | INFO | Chunker | Created 1 chunks for section 2.56
2026-07-29 10:26:54,745 | INFO | Chunker | Created 1 chunks for section 2.57
2026-07-29 10:26:54,796 | INFO | Chunker | Created 1 chunks for section 2.58
2026-07-29 10:26:54,877 | INFO | Chunker | Created 1 chunks for section 2.59
2026-07-29 10:26:54,938 | INFO | Chunker | Created 1 chunks for section 2.60
2026-07-29 10:26:55,022 | INFO | Chunker | Created 1 chunks for section 2.61
2026-07-29 10:26:55,090 | INFO | Chunker | Created 1 chunks for section 2.62
2026-07-29 10:26:55,144 | INFO | Chunker | Created 1 chunks for section 2.63
2026-07-29 10:26:55,312 | INFO | Chunker | Created 1 chunks for section 2.64
2026-07-29 10:26:55,356 | INFO | Chunker | Created 1 chunks for section 2.65
2026-07-29 10:26:55,443 | INFO | Chunker | Created 1 chunks for section 2.66
2026-07-29 10:26:55,545 | INFO | Chunker | Created 1 chunks for section 2.67
2026-07-29 10:26:59,202 | INFO | Chunker | Created 1 chunks for section 2.68
2026-07-29 10:26:59,342 | INFO | Chunker | Created 1 chunks for section 2.69
2026-07-29 10:26:59,495 | INFO | Chunker | Created 1 chunks for section 2.70
2026-07-29 10:26:59,716 | INFO | Chunker | Created 1 chunks for section 2.71
2026-07-29 10:26:59,828 | INFO | Chunker | Created 1 chunks for section 2.72
2026-07-29 10:26:59,901 | INFO | Chunker | Created 1 chunks for section 2.73
2026-07-29 10:26:59,950 | INFO | Chunker | Created 1 chunks for section 2.74
2026-07-29 10:27:00,001 | INFO | Chunker | Created 1 chunks for section 2.75
2026-07-29 10:27:00,076 | INFO | Chunker | Created 2 chunks for section 2.76
2026-07-29 10:27:00,115 | INFO | Chunker | Created 1 chunks for section 2.77
2026-07-29 10:27:00,153 | INFO | Chunker | Created 1 chunks for section 2.78
2026-07-29 10:27:00,214 | INFO | Chunker | Created 1 chunks for section 2.79
2026-07-29 10:27:00,247 | INFO | Chunker | Created 1 chunks for section 2.80
2026-07-29 10:27:00,274 | INFO | Chunker | Created 1 chunks for section 2.81
2026-07-29 10:27:00,303 | INFO | Chunker | Created 1 chunks for section 2.82
2026-07-29 10:27:00,330 | INFO | Chunker | Created 1 chunks for section 2.83
2026-07-29 10:27:00,358 | INFO | Chunker | Created 1 chunks for section 2.84
2026-07-29 10:27:00,386 | INFO | Chunker | Created 1 chunks for section 2.85
2026-07-29 10:27:00,418 | INFO | Chunker | Created 1 chunks for section 2.86
2026-07-29 10:27:00,444 | INFO | Chunker | Created 1 chunks for section 2.87
2026-07-29 10:27:00,478 | INFO | Chunker | Created 1 chunks for section 2.88
2026-07-29 10:27:00,515 | INFO | Chunker | Created 1 chunks for section 2.89
2026-07-29 10:27:00,545 | INFO | Chunker | Created 1 chunks for section 2.90
2026-07-29 10:27:00,585 | INFO | Chunker | Created 1 chunks for section 2.91
2026-07-29 10:27:00,644 | INFO | Chunker | Created 10 chunks for section 2.92
2026-07-29 10:27:00,695 | INFO | Chunker | Created 2 chunks for section 2.93
2026-07-29 10:27:00,753 | INFO | Chunker | Created 1 chunks for section 2.94
2026-07-29 10:27:00,793 | INFO | Chunker | Created 1 chunks for section 2.95
2026-07-29 10:27:00,823 | INFO | Chunker | Created 1 chunks for section 2.96
2026-07-29 10:27:00,846 | INFO | Chunker | Created 1 chunks for section 2.97
2026-07-29 10:27:00,849 | INFO | DGFTKnowledgePipeline | Processing HBP2023_Chapter03.pdf
2026-07-29 10:27:00,849 | INFO | PDFLoader | Loading PDF C:\Users\mabis\OneDrive\Documents\New folder\dekai-dgft-parser\input\pdf\HBP2023_Chapter03.pdf
2026-07-29 10:27:01,308 | INFO | PDFLoader | Loaded 6 pages from HBP2023_Chapter03.pdf
2026-07-29 10:27:01,315 | INFO | TextCleaner | Cleaned 6 pages
2026-07-29 10:27:01,320 | INFO | RuleExtractor | Extracted 8 section drafts from HBP2023_Chapter03.pdf
2026-07-29 10:27:01,388 | INFO | Chunker | Created 1 chunks for section 3.01
2026-07-29 10:27:01,409 | INFO | Chunker | Created 1 chunks for section 3.02
2026-07-29 10:27:01,435 | INFO | Chunker | Created 2 chunks for section 3.03
2026-07-29 10:27:01,456 | INFO | Chunker | Created 1 chunks for section 3.05
2026-07-29 10:27:01,478 | INFO | Chunker | Created 1 chunks for section 3.06
2026-07-29 10:27:01,496 | INFO | Chunker | Created 1 chunks for section 3.07
2026-07-29 10:27:01,515 | INFO | Chunker | Created 1 chunks for section 3.08
2026-07-29 10:27:01,548 | INFO | Chunker | Created 1 chunks for section 3.09
2026-07-29 10:27:01,551 | INFO | DGFTKnowledgePipeline | Processing HBP2023_Chapter04+as+on+20.04.2026.pdf
2026-07-29 10:27:01,552 | INFO | PDFLoader | Loading PDF C:\Users\mabis\OneDrive\Documents\New folder\dekai-dgft-parser\input\pdf\HBP2023_Chapter04+as+on+20.04.2026.pdf
2026-07-29 10:27:25,529 | INFO | PDFLoader | Loaded 58 pages from HBP2023_Chapter04+as+on+20.04.2026.pdf
2026-07-29 10:27:26,278 | INFO | TextCleaner | Cleaned 58 pages
2026-07-29 10:27:26,589 | INFO | RuleExtractor | Extracted 99 section drafts from HBP2023_Chapter04+as+on+20.04.2026.pdf
2026-07-29 10:27:29,686 | INFO | Chunker | Created 1 chunks for section 4.01
2026-07-29 10:27:29,865 | INFO | Chunker | Created 1 chunks for section 4.02
2026-07-29 10:27:29,960 | INFO | Chunker | Created 1 chunks for section 4.03
2026-07-29 10:27:30,140 | INFO | Chunker | Created 1 chunks for section 4.04
2026-07-29 10:27:30,373 | INFO | Chunker | Created 1 chunks for section 4.05
2026-07-29 10:27:31,018 | INFO | Chunker | Created 2 chunks for section 4.06
2026-07-29 10:27:32,123 | INFO | Chunker | Created 1 chunks for section 4.07
2026-07-29 10:27:32,433 | INFO | Chunker | Created 1 chunks for section 4.08
2026-07-29 10:27:32,668 | INFO | Chunker | Created 1 chunks for section 4.09
2026-07-29 10:27:32,957 | INFO | Chunker | Created 1 chunks for section 4.10
2026-07-29 10:27:33,093 | INFO | Chunker | Created 1 chunks for section 4.11
2026-07-29 10:27:33,552 | INFO | Chunker | Created 1 chunks for section 4.12
2026-07-29 10:27:33,726 | INFO | Chunker | Created 1 chunks for section 4.13
2026-07-29 10:27:34,243 | INFO | Chunker | Created 1 chunks for section 4.14
2026-07-29 10:27:34,538 | INFO | Chunker | Created 1 chunks for section 4.15
2026-07-29 10:27:34,798 | INFO | Chunker | Created 1 chunks for section 4.16
2026-07-29 10:27:35,042 | INFO | Chunker | Created 1 chunks for section 4.17
2026-07-29 10:27:35,225 | INFO | Chunker | Created 1 chunks for section 4.18
2026-07-29 10:27:35,444 | INFO | Chunker | Created 1 chunks for section 4.19
2026-07-29 10:27:35,758 | INFO | Chunker | Created 1 chunks for section 4.20
2026-07-29 10:27:35,937 | INFO | Chunker | Created 1 chunks for section 4.21
2026-07-29 10:27:36,444 | INFO | Chunker | Created 1 chunks for section 4.22
2026-07-29 10:27:36,693 | INFO | Chunker | Created 1 chunks for section 4.23
2026-07-29 10:27:36,975 | INFO | Chunker | Created 1 chunks for section 4.24
2026-07-29 10:27:37,099 | INFO | Chunker | Created 1 chunks for section 4.25
2026-07-29 10:27:37,290 | INFO | Chunker | Created 1 chunks for section 4.26
2026-07-29 10:27:37,580 | INFO | Chunker | Created 1 chunks for section 4.27
2026-07-29 10:27:37,786 | INFO | Chunker | Created 1 chunks for section 4.28
2026-07-29 10:27:38,207 | INFO | Chunker | Created 1 chunks for section 4.29
2026-07-29 10:27:38,947 | INFO | Chunker | Created 1 chunks for section 4.30
2026-07-29 10:27:39,133 | INFO | Chunker | Created 1 chunks for section 4.31
2026-07-29 10:27:39,527 | INFO | Chunker | Created 1 chunks for section 4.32
2026-07-29 10:27:39,935 | INFO | Chunker | Created 1 chunks for section 4.33
2026-07-29 10:27:40,225 | INFO | Chunker | Created 1 chunks for section 4.34
2026-07-29 10:27:40,522 | INFO | Chunker | Created 2 chunks for section 4.35
2026-07-29 10:27:41,607 | INFO | Chunker | Created 1 chunks for section 4.36
2026-07-29 10:27:42,061 | INFO | Chunker | Created 1 chunks for section 4.37
2026-07-29 10:27:42,231 | INFO | Chunker | Created 1 chunks for section 4.38
2026-07-29 10:27:42,517 | INFO | Chunker | Created 1 chunks for section 4.39
2026-07-29 10:27:43,034 | INFO | Chunker | Created 2 chunks for section 4.40
2026-07-29 10:27:43,237 | INFO | Chunker | Created 1 chunks for section 4.41
2026-07-29 10:27:43,487 | INFO | Chunker | Created 1 chunks for section 4.42
2026-07-29 10:27:44,294 | INFO | Chunker | Created 1 chunks for section 4.43
2026-07-29 10:27:44,614 | INFO | Chunker | Created 1 chunks for section 4.44
2026-07-29 10:27:44,999 | INFO | Chunker | Created 1 chunks for section 4.45
2026-07-29 10:27:45,077 | INFO | Chunker | Created 1 chunks for section 4.46
2026-07-29 10:27:45,475 | INFO | Chunker | Created 1 chunks for section 4.47
2026-07-29 10:27:45,753 | INFO | Chunker | Created 1 chunks for section 4.48
2026-07-29 10:27:46,409 | INFO | Chunker | Created 2 chunks for section 4.49
2026-07-29 10:27:47,150 | INFO | Chunker | Created 1 chunks for section 4.50
2026-07-29 10:27:47,286 | INFO | Chunker | Created 1 chunks for section 4.51
2026-07-29 10:27:47,359 | INFO | Chunker | Created 1 chunks for section 4.52
2026-07-29 10:27:47,629 | INFO | Chunker | Created 1 chunks for section 4.53
2026-07-29 10:27:47,733 | INFO | Chunker | Created 1 chunks for section 4.54
2026-07-29 10:27:48,012 | INFO | Chunker | Created 1 chunks for section 4.55
2026-07-29 10:27:48,202 | INFO | Chunker | Created 1 chunks for section 4.56
2026-07-29 10:27:48,380 | INFO | Chunker | Created 1 chunks for section 4.57
2026-07-29 10:27:48,855 | INFO | Chunker | Created 1 chunks for section 4.58
2026-07-29 10:27:49,051 | INFO | Chunker | Created 1 chunks for section 4.59
2026-07-29 10:27:49,415 | INFO | Chunker | Created 1 chunks for section 4.60
2026-07-29 10:27:49,786 | INFO | Chunker | Created 1 chunks for section 4.61
2026-07-29 10:27:49,951 | INFO | Chunker | Created 1 chunks for section 4.62
2026-07-29 10:27:50,116 | INFO | Chunker | Created 1 chunks for section 4.63
2026-07-29 10:27:50,309 | INFO | Chunker | Created 1 chunks for section 4.64
2026-07-29 10:27:50,525 | INFO | Chunker | Created 1 chunks for section 4.65
2026-07-29 10:27:50,847 | INFO | Chunker | Created 1 chunks for section 4.66
2026-07-29 10:27:51,458 | INFO | Chunker | Created 1 chunks for section 4.67
2026-07-29 10:27:51,677 | INFO | Chunker | Created 1 chunks for section 4.68
2026-07-29 10:27:51,818 | INFO | Chunker | Created 1 chunks for section 4.69
2026-07-29 10:27:51,964 | INFO | Chunker | Created 1 chunks for section 4.70
2026-07-29 10:27:52,305 | INFO | Chunker | Created 1 chunks for section 4.71
2026-07-29 10:27:52,504 | INFO | Chunker | Created 1 chunks for section 4.72
2026-07-29 10:27:52,834 | INFO | Chunker | Created 1 chunks for section 4.73
2026-07-29 10:27:53,050 | INFO | Chunker | Created 1 chunks for section 4.74
2026-07-29 10:27:53,509 | INFO | Chunker | Created 1 chunks for section 4.75
2026-07-29 10:27:53,865 | INFO | Chunker | Created 1 chunks for section 4.76
2026-07-29 10:27:54,173 | INFO | Chunker | Created 1 chunks for section 4.77
2026-07-29 10:27:54,313 | INFO | Chunker | Created 1 chunks for section 4.78
2026-07-29 10:27:54,759 | INFO | Chunker | Created 2 chunks for section 4.79
2026-07-29 10:27:55,008 | INFO | Chunker | Created 1 chunks for section 4.80
2026-07-29 10:27:55,354 | INFO | Chunker | Created 1 chunks for section 4.81
2026-07-29 10:27:55,546 | INFO | Chunker | Created 1 chunks for section 4.82
2026-07-29 10:27:55,979 | INFO | Chunker | Created 1 chunks for section 4.83
2026-07-29 10:27:56,395 | INFO | Chunker | Created 1 chunks for section 4.84
2026-07-29 10:27:56,498 | INFO | Chunker | Created 1 chunks for section 4.85
2026-07-29 10:27:56,654 | INFO | Chunker | Created 1 chunks for section 4.86
2026-07-29 10:27:56,937 | INFO | Chunker | Created 1 chunks for section 4.87
2026-07-29 10:27:57,118 | INFO | Chunker | Created 1 chunks for section 4.88
2026-07-29 10:27:57,700 | INFO | Chunker | Created 1 chunks for section 4.89
2026-07-29 10:27:57,901 | INFO | Chunker | Created 1 chunks for section 4.90
2026-07-29 10:27:58,074 | INFO | Chunker | Created 1 chunks for section 4.91
2026-07-29 10:27:58,158 | INFO | Chunker | Created 1 chunks for section 4.92
2026-07-29 10:27:58,429 | INFO | Chunker | Created 1 chunks for section 4.93
2026-07-29 10:27:58,787 | INFO | Chunker | Created 2 chunks for section 4.94
2026-07-29 10:27:58,968 | INFO | Chunker | Created 1 chunks for section 4.95
2026-07-29 10:27:59,143 | INFO | Chunker | Created 1 chunks for section 4.96
2026-07-29 10:27:59,327 | INFO | Chunker | Created 1 chunks for section 4.97
2026-07-29 10:27:59,486 | INFO | Chunker | Created 1 chunks for section 4.98
2026-07-29 10:27:59,831 | INFO | Chunker | Created 1 chunks for section 4.99
2026-07-29 10:27:59,845 | INFO | DGFTKnowledgePipeline | Processing HBP2023_Chapter05.pdf
2026-07-29 10:27:59,846 | INFO | PDFLoader | Loading PDF C:\Users\mabis\OneDrive\Documents\New folder\dekai-dgft-parser\input\pdf\HBP2023_Chapter05.pdf
2026-07-29 10:28:04,762 | INFO | PDFLoader | Loaded 15 pages from HBP2023_Chapter05.pdf
2026-07-29 10:28:04,800 | INFO | TextCleaner | Cleaned 15 pages
2026-07-29 10:28:04,809 | INFO | RuleExtractor | Extracted 25 section drafts from HBP2023_Chapter05.pdf
2026-07-29 10:28:05,004 | INFO | Chunker | Created 1 chunks for section 5.01
2026-07-29 10:28:05,025 | INFO | Chunker | Created 1 chunks for section 5.02
2026-07-29 10:28:05,052 | INFO | Chunker | Created 1 chunks for section 5.03
2026-07-29 10:28:05,081 | INFO | Chunker | Created 1 chunks for section 5.04
2026-07-29 10:28:05,102 | INFO | Chunker | Created 1 chunks for section 5.05
2026-07-29 10:28:05,137 | INFO | Chunker | Created 1 chunks for section 5.06
2026-07-29 10:28:05,169 | INFO | Chunker | Created 1 chunks for section 5.07
2026-07-29 10:28:05,212 | INFO | Chunker | Created 1 chunks for section 5.08
2026-07-29 10:28:05,237 | INFO | Chunker | Created 1 chunks for section 5.09
2026-07-29 10:28:05,277 | INFO | Chunker | Created 1 chunks for section 5.10
2026-07-29 10:28:05,296 | INFO | Chunker | Created 1 chunks for section 5.11
2026-07-29 10:28:05,315 | INFO | Chunker | Created 1 chunks for section 5.12
2026-07-29 10:28:05,395 | INFO | Chunker | Created 2 chunks for section 5.13
2026-07-29 10:28:05,430 | INFO | Chunker | Created 1 chunks for section 5.14
2026-07-29 10:28:05,472 | INFO | Chunker | Created 1 chunks for section 5.16
2026-07-29 10:28:05,492 | INFO | Chunker | Created 1 chunks for section 5.17
2026-07-29 10:28:05,509 | INFO | Chunker | Created 1 chunks for section 5.18
2026-07-29 10:28:05,529 | INFO | Chunker | Created 1 chunks for section 5.19
2026-07-29 10:28:05,556 | INFO | Chunker | Created 1 chunks for section 5.20
2026-07-29 10:28:05,599 | INFO | Chunker | Created 1 chunks for section 5.21
2026-07-29 10:28:05,620 | INFO | Chunker | Created 1 chunks for section 5.22
2026-07-29 10:28:05,639 | INFO | Chunker | Created 1 chunks for section 5.23
2026-07-29 10:28:05,657 | INFO | Chunker | Created 1 chunks for section 5.24
2026-07-29 10:28:05,681 | INFO | Chunker | Created 1 chunks for section 5.25
2026-07-29 10:28:05,709 | INFO | Chunker | Created 1 chunks for section 5.26
2026-07-29 10:28:05,714 | INFO | DGFTKnowledgePipeline | Processing HBP-Chapter-6.pdf
2026-07-29 10:28:05,714 | INFO | PDFLoader | Loading PDF C:\Users\mabis\OneDrive\Documents\New folder\dekai-dgft-parser\input\pdf\HBP-Chapter-6.pdf
2026-07-29 10:28:10,750 | INFO | PDFLoader | Loaded 24 pages from HBP-Chapter-6.pdf
2026-07-29 10:28:10,944 | INFO | TextCleaner | Cleaned 24 pages
2026-07-29 10:28:11,099 | INFO | RuleExtractor | Extracted 41 section drafts from HBP-Chapter-6.pdf
2026-07-29 10:28:12,639 | INFO | Chunker | Created 1 chunks for section 6.00
2026-07-29 10:28:12,997 | INFO | Chunker | Created 2 chunks for section 6.01
2026-07-29 10:28:13,174 | INFO | Chunker | Created 1 chunks for section 6.02
2026-07-29 10:28:13,384 | INFO | Chunker | Created 1 chunks for section 6.03
2026-07-29 10:28:13,989 | INFO | Chunker | Created 1 chunks for section 6.04
2026-07-29 10:28:14,892 | INFO | Chunker | Created 1 chunks for section 6.05
2026-07-29 10:28:16,850 | INFO | Chunker | Created 1 chunks for section 6.06
2026-07-29 10:28:17,218 | INFO | Chunker | Created 1 chunks for section 6.07
2026-07-29 10:28:17,540 | INFO | Chunker | Created 1 chunks for section 6.08
2026-07-29 10:28:17,843 | INFO | Chunker | Created 1 chunks for section 6.09
2026-07-29 10:28:18,415 | INFO | Chunker | Created 1 chunks for section 6.10
2026-07-29 10:28:18,937 | INFO | Chunker | Created 1 chunks for section 6.11
2026-07-29 10:28:19,297 | INFO | Chunker | Created 1 chunks for section 6.12
2026-07-29 10:28:19,656 | INFO | Chunker | Created 1 chunks for section 6.13
2026-07-29 10:28:19,827 | INFO | Chunker | Created 1 chunks for section 6.14
2026-07-29 10:28:20,571 | INFO | Chunker | Created 1 chunks for section 6.15
2026-07-29 10:28:21,244 | INFO | Chunker | Created 1 chunks for section 6.16
2026-07-29 10:28:22,094 | INFO | Chunker | Created 1 chunks for section 6.17
2026-07-29 10:28:23,463 | INFO | Chunker | Created 1 chunks for section 6.18
2026-07-29 10:28:24,491 | INFO | Chunker | Created 1 chunks for section 6.19
2026-07-29 10:28:25,921 | INFO | Chunker | Created 2 chunks for section 6.20
2026-07-29 10:28:27,724 | INFO | Chunker | Created 1 chunks for section 6.22
2026-07-29 10:28:28,607 | INFO | Chunker | Created 1 chunks for section 6.23
2026-07-29 10:28:29,546 | INFO | Chunker | Created 1 chunks for section 6.24
2026-07-29 10:28:30,180 | INFO | Chunker | Created 1 chunks for section 6.25
2026-07-29 10:28:30,643 | INFO | Chunker | Created 1 chunks for section 6.26
2026-07-29 10:28:31,487 | INFO | Chunker | Created 1 chunks for section 6.27
2026-07-29 10:28:32,277 | INFO | Chunker | Created 1 chunks for section 6.28
2026-07-29 10:28:33,140 | INFO | Chunker | Created 1 chunks for section 6.29
2026-07-29 10:28:33,811 | INFO | Chunker | Created 1 chunks for section 6.30
2026-07-29 10:28:34,356 | INFO | Chunker | Created 1 chunks for section 6.31
2026-07-29 10:28:35,938 | INFO | Chunker | Created 1 chunks for section 6.32
2026-07-29 10:28:37,156 | INFO | Chunker | Created 1 chunks for section 6.33
2026-07-29 10:28:38,890 | INFO | Chunker | Created 1 chunks for section 6.34
2026-07-29 10:28:39,593 | INFO | Chunker | Created 1 chunks for section 6.35
2026-07-29 10:28:40,148 | INFO | Chunker | Created 1 chunks for section 6.36
2026-07-29 10:28:40,633 | INFO | Chunker | Created 1 chunks for section 6.37
2026-07-29 10:28:41,181 | INFO | Chunker | Created 1 chunks for section 6.38
2026-07-29 10:28:42,303 | INFO | Chunker | Created 1 chunks for section 6.39
2026-07-29 10:28:43,603 | INFO | Chunker | Created 1 chunks for section 6.40
2026-07-29 10:28:44,299 | INFO | Chunker | Created 1 chunks for section 6.41
2026-07-29 10:28:44,308 | INFO | DGFTKnowledgePipeline | Processing Chapter-7-of-HBP-2023.pdf
2026-07-29 10:28:44,308 | INFO | PDFLoader | Loading PDF C:\Users\mabis\OneDrive\Documents\New folder\dekai-dgft-parser\input\pdf\Chapter-7-of-HBP-2023.pdf
2026-07-29 10:29:03,024 | INFO | PDFLoader | Loaded 6 pages from Chapter-7-of-HBP-2023.pdf
2026-07-29 10:29:03,383 | INFO | TextCleaner | Cleaned 6 pages
2026-07-29 10:29:03,453 | INFO | RuleExtractor | Extracted 12 section drafts from Chapter-7-of-HBP-2023.pdf
2026-07-29 10:29:06,269 | INFO | Chunker | Created 1 chunks for section 7.00
2026-07-29 10:29:07,297 | INFO | Chunker | Created 1 chunks for section 7.01
2026-07-29 10:29:08,445 | INFO | Chunker | Created 1 chunks for section 7.02
2026-07-29 10:29:09,633 | INFO | Chunker | Created 1 chunks for section 7.03
2026-07-29 10:29:10,442 | INFO | Chunker | Created 1 chunks for section 7.04
2026-07-29 10:29:11,716 | INFO | Chunker | Created 1 chunks for section 7.05
2026-07-29 10:29:12,517 | INFO | Chunker | Created 1 chunks for section 7.06
2026-07-29 10:29:13,340 | INFO | Chunker | Created 1 chunks for section 7.07
2026-07-29 10:29:14,201 | INFO | Chunker | Created 1 chunks for section 7.08
2026-07-29 10:29:14,950 | INFO | Chunker | Created 1 chunks for section 7.09
2026-07-29 10:29:16,372 | INFO | Chunker | Created 1 chunks for section 7.10
2026-07-29 10:29:17,276 | INFO | Chunker | Created 1 chunks for section 7.11
2026-07-29 10:29:17,280 | INFO | DGFTKnowledgePipeline | Processing HBP2023_Chapter08.pdf
2026-07-29 10:29:17,292 | INFO | PDFLoader | Loading PDF C:\Users\mabis\OneDrive\Documents\New folder\dekai-dgft-parser\input\pdf\HBP2023_Chapter08.pdf
2026-07-29 10:29:26,507 | INFO | PDFLoader | Loaded 4 pages from HBP2023_Chapter08.pdf
2026-07-29 10:29:26,674 | INFO | TextCleaner | Cleaned 4 pages
2026-07-29 10:29:26,819 | INFO | RuleExtractor | Extracted 5 section drafts from HBP2023_Chapter08.pdf
2026-07-29 10:29:28,733 | INFO | Chunker | Created 1 chunks for section 8.01
2026-07-29 10:29:29,294 | INFO | Chunker | Created 1 chunks for section 8.02
2026-07-29 10:29:30,020 | INFO | Chunker | Created 1 chunks for section 8.03
2026-07-29 10:29:30,577 | INFO | Chunker | Created 1 chunks for section 8.04
2026-07-29 10:29:31,763 | INFO | Chunker | Created 1 chunks for section 8.05
2026-07-29 10:29:31,779 | INFO | DGFTKnowledgePipeline | Processing Chapter+10+HBP+(19.05.2026).pdf
2026-07-29 10:29:31,780 | INFO | PDFLoader | Loading PDF C:\Users\mabis\OneDrive\Documents\New folder\dekai-dgft-parser\input\pdf\Chapter+10+HBP+(19.05.2026).pdf
2026-07-29 10:30:39,247 | INFO | PDFLoader | Loaded 48 pages from Chapter+10+HBP+(19.05.2026).pdf
2026-07-29 10:30:39,588 | INFO | TextCleaner | Cleaned 48 pages
2026-07-29 10:30:39,713 | INFO | RuleExtractor | Extracted 21 section drafts from Chapter+10+HBP+(19.05.2026).pdf
2026-07-29 10:30:42,074 | INFO | Chunker | Created 1 chunks for section 10.00
2026-07-29 10:30:42,167 | INFO | Chunker | Created 1 chunks for section 10.01
2026-07-29 10:30:42,389 | INFO | Chunker | Created 1 chunks for section 10.02
2026-07-29 10:30:42,661 | INFO | Chunker | Created 1 chunks for section 10.03
2026-07-29 10:30:43,198 | INFO | Chunker | Created 1 chunks for section 10.04
2026-07-29 10:30:43,585 | INFO | Chunker | Created 1 chunks for section 10.05
2026-07-29 10:30:44,290 | INFO | Chunker | Created 1 chunks for section 10.06
2026-07-29 10:30:45,102 | INFO | Chunker | Created 1 chunks for section 10.07
2026-07-29 10:30:45,636 | INFO | Chunker | Created 1 chunks for section 10.08
2026-07-29 10:30:47,948 | INFO | Chunker | Created 5 chunks for section 10.09
2026-07-29 10:30:48,973 | INFO | Chunker | Created 1 chunks for section 10.11
2026-07-29 10:30:51,072 | INFO | Chunker | Created 8 chunks for section 10.12
2026-07-29 10:30:51,630 | INFO | Chunker | Created 2 chunks for section 10.13
2026-07-29 10:30:52,150 | INFO | Chunker | Created 1 chunks for section 10.14
2026-07-29 10:30:52,485 | INFO | Chunker | Created 1 chunks for section 10.15
2026-07-29 10:30:53,575 | INFO | Chunker | Created 11 chunks for section 10.15
2026-07-29 10:30:54,027 | INFO | Chunker | Created 7 chunks for section 10.16
2026-07-29 10:30:54,414 | INFO | Chunker | Created 2 chunks for section 10.17
2026-07-29 10:30:54,586 | INFO | Chunker | Created 1 chunks for section 10.18
2026-07-29 10:30:54,964 | INFO | Chunker | Created 4 chunks for section 10.19
2026-07-29 10:30:55,157 | INFO | Chunker | Created 1 chunks for section 10.20
2026-07-29 10:39:38,885 | INFO | DGFTKnowledgePipeline | Processing HBP2023_Chapter01.pdf
2026-07-29 10:39:38,889 | INFO | PDFLoader | Loading PDF C:\Users\mabis\OneDrive\Documents\New folder\dekai-dgft-parser\input\pdf\HBP2023_Chapter01.pdf
2026-07-29 10:39:40,768 | INFO | PDFLoader | Loaded 7 pages from HBP2023_Chapter01.pdf
2026-07-29 10:39:40,791 | INFO | TextCleaner | Cleaned 7 pages
2026-07-29 10:39:40,801 | INFO | RuleExtractor | Extracted 12 section drafts from HBP2023_Chapter01.pdf
2026-07-29 10:39:41,050 | INFO | Chunker | Created 1 chunks for section 1.01
2026-07-29 10:39:41,093 | INFO | Chunker | Created 1 chunks for section 1.02
2026-07-29 10:39:41,137 | INFO | Chunker | Created 1 chunks for section 1.03
2026-07-29 10:39:41,210 | INFO | Chunker | Created 2 chunks for section 1.04
2026-07-29 10:39:41,286 | INFO | Chunker | Created 1 chunks for section 1.05
2026-07-29 10:39:41,329 | INFO | Chunker | Created 1 chunks for section 1.06
2026-07-29 10:39:41,437 | INFO | Chunker | Created 1 chunks for section 1.07
2026-07-29 10:39:43,143 | INFO | Chunker | Created 1 chunks for section 1.08
2026-07-29 10:39:43,214 | INFO | Chunker | Created 1 chunks for section 1.09
2026-07-29 10:39:43,268 | INFO | Chunker | Created 1 chunks for section 1.10
2026-07-29 10:39:43,346 | INFO | Chunker | Created 1 chunks for section 1.11
2026-07-29 10:39:43,390 | INFO | Chunker | Created 1 chunks for section 1.12
2026-07-29 10:39:43,397 | INFO | DGFTKnowledgePipeline | Processing HBP Chapter 2.pdf
2026-07-29 10:39:43,398 | INFO | PDFLoader | Loading PDF C:\Users\mabis\OneDrive\Documents\New folder\dekai-dgft-parser\input\pdf\HBP Chapter 2.pdf
2026-07-29 10:40:12,674 | INFO | PDFLoader | Loaded 52 pages from HBP Chapter 2.pdf
2026-07-29 10:40:13,683 | INFO | TextCleaner | Cleaned 52 pages
2026-07-29 10:40:14,588 | INFO | RuleExtractor | Extracted 99 section drafts from HBP Chapter 2.pdf
2026-07-29 10:40:17,134 | INFO | Chunker | Created 1 chunks for section 2.00
2026-07-29 10:40:17,185 | INFO | Chunker | Created 1 chunks for section 2.01
2026-07-29 10:40:17,235 | INFO | Chunker | Created 1 chunks for section 2.02
2026-07-29 10:40:17,322 | INFO | Chunker | Created 1 chunks for section 2.03
2026-07-29 10:40:17,367 | INFO | Chunker | Created 1 chunks for section 2.04
2026-07-29 10:40:17,417 | INFO | Chunker | Created 1 chunks for section 2.05
2026-07-29 10:40:17,479 | INFO | Chunker | Created 1 chunks for section 2.06
2026-07-29 10:40:17,563 | INFO | Chunker | Created 1 chunks for section 2.07
2026-07-29 10:40:17,648 | INFO | Chunker | Created 1 chunks for section 2.08
2026-07-29 10:40:17,687 | INFO | Chunker | Created 1 chunks for section 2.09
2026-07-29 10:40:17,768 | INFO | Chunker | Created 1 chunks for section 2.10
2026-07-29 10:40:17,875 | INFO | Chunker | Created 1 chunks for section 2.11
2026-07-29 10:40:17,950 | INFO | Chunker | Created 1 chunks for section 2.12
2026-07-29 10:40:18,000 | INFO | Chunker | Created 1 chunks for section 2.13
2026-07-29 10:40:18,077 | INFO | Chunker | Created 1 chunks for section 2.14
2026-07-29 10:40:18,138 | INFO | Chunker | Created 1 chunks for section 2.15
2026-07-29 10:40:18,226 | INFO | Chunker | Created 1 chunks for section 2.16
2026-07-29 10:40:18,285 | INFO | Chunker | Created 1 chunks for section 2.17
2026-07-29 10:40:18,342 | INFO | Chunker | Created 1 chunks for section 2.18
2026-07-29 10:40:18,391 | INFO | Chunker | Created 1 chunks for section 2.19
2026-07-29 10:40:18,477 | INFO | Chunker | Created 1 chunks for section 2.20
2026-07-29 10:40:18,523 | INFO | Chunker | Created 1 chunks for section 2.21
2026-07-29 10:40:18,574 | INFO | Chunker | Created 1 chunks for section 2.22
2026-07-29 10:40:18,652 | INFO | Chunker | Created 1 chunks for section 2.23
2026-07-29 10:40:19,539 | INFO | Chunker | Created 1 chunks for section 2.24
2026-07-29 10:40:19,586 | INFO | Chunker | Created 1 chunks for section 2.25
2026-07-29 10:40:19,631 | INFO | Chunker | Created 1 chunks for section 2.26
2026-07-29 10:40:19,716 | INFO | Chunker | Created 1 chunks for section 2.27
2026-07-29 10:40:19,753 | INFO | Chunker | Created 1 chunks for section 2.28
2026-07-29 10:40:19,847 | INFO | Chunker | Created 1 chunks for section 2.29
2026-07-29 10:40:19,908 | INFO | Chunker | Created 1 chunks for section 2.29
2026-07-29 10:40:19,999 | INFO | Chunker | Created 1 chunks for section 2.30
2026-07-29 10:40:20,043 | INFO | Chunker | Created 1 chunks for section 2.31
2026-07-29 10:40:20,092 | INFO | Chunker | Created 1 chunks for section 2.32
2026-07-29 10:40:20,149 | INFO | Chunker | Created 1 chunks for section 2.33
2026-07-29 10:40:20,232 | INFO | Chunker | Created 1 chunks for section 2.34
2026-07-29 10:40:20,281 | INFO | Chunker | Created 1 chunks for section 2.35
2026-07-29 10:40:20,371 | INFO | Chunker | Created 1 chunks for section 2.36
2026-07-29 10:40:20,480 | INFO | Chunker | Created 1 chunks for section 2.37
2026-07-29 10:40:20,541 | INFO | Chunker | Created 1 chunks for section 2.38
2026-07-29 10:40:20,705 | INFO | Chunker | Created 1 chunks for section 2.39
2026-07-29 10:40:20,791 | INFO | Chunker | Created 1 chunks for section 2.40
2026-07-29 10:40:20,864 | INFO | Chunker | Created 1 chunks for section 2.41
2026-07-29 10:40:20,915 | INFO | Chunker | Created 1 chunks for section 2.42
2026-07-29 10:40:20,999 | INFO | Chunker | Created 1 chunks for section 2.43
2026-07-29 10:40:21,097 | INFO | Chunker | Created 1 chunks for section 2.44
2026-07-29 10:40:21,976 | INFO | Chunker | Created 1 chunks for section 2.45
2026-07-29 10:40:22,179 | INFO | Chunker | Created 1 chunks for section 2.46
2026-07-29 10:40:22,247 | INFO | Chunker | Created 1 chunks for section 2.47
2026-07-29 10:40:22,325 | INFO | Chunker | Created 1 chunks for section 2.48
2026-07-29 10:40:22,407 | INFO | Chunker | Created 1 chunks for section 2.49
2026-07-29 10:40:22,468 | INFO | Chunker | Created 1 chunks for section 2.50
2026-07-29 10:40:22,622 | INFO | Chunker | Created 3 chunks for section 2.51
2026-07-29 10:40:22,723 | INFO | Chunker | Created 1 chunks for section 2.52
2026-07-29 10:40:22,823 | INFO | Chunker | Created 1 chunks for section 2.53
2026-07-29 10:40:22,867 | INFO | Chunker | Created 1 chunks for section 2.54
2026-07-29 10:40:22,908 | INFO | Chunker | Created 1 chunks for section 2.55
2026-07-29 10:40:22,976 | INFO | Chunker | Created 1 chunks for section 2.56
2026-07-29 10:40:23,027 | INFO | Chunker | Created 1 chunks for section 2.57
2026-07-29 10:40:23,092 | INFO | Chunker | Created 1 chunks for section 2.58
2026-07-29 10:40:23,172 | INFO | Chunker | Created 1 chunks for section 2.59
2026-07-29 10:40:23,307 | INFO | Chunker | Created 1 chunks for section 2.60
2026-07-29 10:40:23,394 | INFO | Chunker | Created 1 chunks for section 2.61
2026-07-29 10:40:23,466 | INFO | Chunker | Created 1 chunks for section 2.62
2026-07-29 10:40:24,319 | INFO | Chunker | Created 1 chunks for section 2.63
2026-07-29 10:40:24,371 | INFO | Chunker | Created 1 chunks for section 2.64
2026-07-29 10:40:24,419 | INFO | Chunker | Created 1 chunks for section 2.65
2026-07-29 10:40:24,491 | INFO | Chunker | Created 1 chunks for section 2.66
2026-07-29 10:40:24,566 | INFO | Chunker | Created 1 chunks for section 2.67
2026-07-29 10:40:24,651 | INFO | Chunker | Created 1 chunks for section 2.68
2026-07-29 10:40:24,693 | INFO | Chunker | Created 1 chunks for section 2.69
2026-07-29 10:40:24,752 | INFO | Chunker | Created 1 chunks for section 2.70
2026-07-29 10:40:24,831 | INFO | Chunker | Created 1 chunks for section 2.71
2026-07-29 10:40:24,888 | INFO | Chunker | Created 1 chunks for section 2.72
2026-07-29 10:40:24,941 | INFO | Chunker | Created 1 chunks for section 2.73
2026-07-29 10:40:25,010 | INFO | Chunker | Created 1 chunks for section 2.74
2026-07-29 10:40:25,086 | INFO | Chunker | Created 1 chunks for section 2.75
2026-07-29 10:40:25,184 | INFO | Chunker | Created 2 chunks for section 2.76
2026-07-29 10:40:25,243 | INFO | Chunker | Created 1 chunks for section 2.77
2026-07-29 10:40:25,315 | INFO | Chunker | Created 1 chunks for section 2.78
2026-07-29 10:40:25,376 | INFO | Chunker | Created 1 chunks for section 2.79
2026-07-29 10:40:25,446 | INFO | Chunker | Created 1 chunks for section 2.80
2026-07-29 10:40:25,495 | INFO | Chunker | Created 1 chunks for section 2.81
2026-07-29 10:40:25,554 | INFO | Chunker | Created 1 chunks for section 2.82
2026-07-29 10:40:25,607 | INFO | Chunker | Created 1 chunks for section 2.83
2026-07-29 10:40:25,662 | INFO | Chunker | Created 1 chunks for section 2.84
2026-07-29 10:40:25,703 | INFO | Chunker | Created 1 chunks for section 2.85
2026-07-29 10:40:25,763 | INFO | Chunker | Created 1 chunks for section 2.86
2026-07-29 10:40:25,866 | INFO | Chunker | Created 1 chunks for section 2.87
2026-07-29 10:40:26,843 | INFO | Chunker | Created 1 chunks for section 2.88
2026-07-29 10:40:26,942 | INFO | Chunker | Created 1 chunks for section 2.89
2026-07-29 10:40:27,054 | INFO | Chunker | Created 1 chunks for section 2.90
2026-07-29 10:40:27,148 | INFO | Chunker | Created 1 chunks for section 2.91
2026-07-29 10:40:27,306 | INFO | Chunker | Created 10 chunks for section 2.92
2026-07-29 10:40:27,423 | INFO | Chunker | Created 2 chunks for section 2.93
2026-07-29 10:40:27,470 | INFO | Chunker | Created 1 chunks for section 2.94
2026-07-29 10:40:27,524 | INFO | Chunker | Created 1 chunks for section 2.95
2026-07-29 10:40:27,606 | INFO | Chunker | Created 1 chunks for section 2.96
2026-07-29 10:40:27,652 | INFO | Chunker | Created 1 chunks for section 2.97
2026-07-29 10:40:27,676 | INFO | DGFTKnowledgePipeline | Processing HBP2023_Chapter03.pdf
2026-07-29 10:40:27,677 | INFO | PDFLoader | Loading PDF C:\Users\mabis\OneDrive\Documents\New folder\dekai-dgft-parser\input\pdf\HBP2023_Chapter03.pdf
2026-07-29 10:40:30,367 | INFO | PDFLoader | Loaded 6 pages from HBP2023_Chapter03.pdf
2026-07-29 10:40:30,388 | INFO | TextCleaner | Cleaned 6 pages
2026-07-29 10:40:30,399 | INFO | RuleExtractor | Extracted 8 section drafts from HBP2023_Chapter03.pdf
2026-07-29 10:40:30,577 | INFO | Chunker | Created 1 chunks for section 3.01
2026-07-29 10:40:30,664 | INFO | Chunker | Created 1 chunks for section 3.02
2026-07-29 10:40:30,786 | INFO | Chunker | Created 2 chunks for section 3.03
2026-07-29 10:40:30,840 | INFO | Chunker | Created 1 chunks for section 3.05
2026-07-29 10:40:30,899 | INFO | Chunker | Created 1 chunks for section 3.06
2026-07-29 10:40:30,942 | INFO | Chunker | Created 1 chunks for section 3.07
2026-07-29 10:40:30,989 | INFO | Chunker | Created 1 chunks for section 3.08
2026-07-29 10:40:31,043 | INFO | Chunker | Created 1 chunks for section 3.09
2026-07-29 10:40:31,049 | INFO | DGFTKnowledgePipeline | Processing HBP2023_Chapter04+as+on+20.04.2026.pdf
2026-07-29 10:40:31,050 | INFO | PDFLoader | Loading PDF C:\Users\mabis\OneDrive\Documents\New folder\dekai-dgft-parser\input\pdf\HBP2023_Chapter04+as+on+20.04.2026.pdf
2026-07-29 10:40:52,374 | INFO | PDFLoader | Loaded 58 pages from HBP2023_Chapter04+as+on+20.04.2026.pdf
2026-07-29 10:40:52,583 | INFO | TextCleaner | Cleaned 58 pages
2026-07-29 10:40:52,691 | INFO | RuleExtractor | Extracted 99 section drafts from HBP2023_Chapter04+as+on+20.04.2026.pdf
2026-07-29 10:40:55,379 | INFO | Chunker | Created 1 chunks for section 4.01
2026-07-29 10:40:55,441 | INFO | Chunker | Created 1 chunks for section 4.02
2026-07-29 10:40:55,479 | INFO | Chunker | Created 1 chunks for section 4.03
2026-07-29 10:40:55,518 | INFO | Chunker | Created 1 chunks for section 4.04
2026-07-29 10:40:55,596 | INFO | Chunker | Created 1 chunks for section 4.05
2026-07-29 10:40:55,703 | INFO | Chunker | Created 2 chunks for section 4.06
2026-07-29 10:40:55,834 | INFO | Chunker | Created 1 chunks for section 4.07
2026-07-29 10:40:55,960 | INFO | Chunker | Created 1 chunks for section 4.08
2026-07-29 10:40:56,112 | INFO | Chunker | Created 1 chunks for section 4.09
2026-07-29 10:40:56,214 | INFO | Chunker | Created 1 chunks for section 4.10
2026-07-29 10:40:56,274 | INFO | Chunker | Created 1 chunks for section 4.11
2026-07-29 10:40:56,384 | INFO | Chunker | Created 1 chunks for section 4.12
2026-07-29 10:40:56,461 | INFO | Chunker | Created 1 chunks for section 4.13
2026-07-29 10:40:56,546 | INFO | Chunker | Created 1 chunks for section 4.14
2026-07-29 10:40:57,563 | INFO | Chunker | Created 1 chunks for section 4.15
2026-07-29 10:40:57,638 | INFO | Chunker | Created 1 chunks for section 4.16
2026-07-29 10:40:57,708 | INFO | Chunker | Created 1 chunks for section 4.17
2026-07-29 10:40:57,772 | INFO | Chunker | Created 1 chunks for section 4.18
2026-07-29 10:40:57,850 | INFO | Chunker | Created 1 chunks for section 4.19
2026-07-29 10:40:57,937 | INFO | Chunker | Created 1 chunks for section 4.20
2026-07-29 10:40:57,999 | INFO | Chunker | Created 1 chunks for section 4.21
2026-07-29 10:40:58,081 | INFO | Chunker | Created 1 chunks for section 4.22
2026-07-29 10:40:58,214 | INFO | Chunker | Created 1 chunks for section 4.23
2026-07-29 10:40:58,273 | INFO | Chunker | Created 1 chunks for section 4.24
2026-07-29 10:40:58,310 | INFO | Chunker | Created 1 chunks for section 4.25
2026-07-29 10:40:58,404 | INFO | Chunker | Created 1 chunks for section 4.26
2026-07-29 10:40:58,482 | INFO | Chunker | Created 1 chunks for section 4.27
2026-07-29 10:40:58,530 | INFO | Chunker | Created 1 chunks for section 4.28
2026-07-29 10:40:58,588 | INFO | Chunker | Created 1 chunks for section 4.29
2026-07-29 10:40:58,653 | INFO | Chunker | Created 1 chunks for section 4.30
2026-07-29 10:40:58,689 | INFO | Chunker | Created 1 chunks for section 4.31
2026-07-29 10:40:58,744 | INFO | Chunker | Created 1 chunks for section 4.32
2026-07-29 10:40:58,808 | INFO | Chunker | Created 1 chunks for section 4.33
2026-07-29 10:40:58,861 | INFO | Chunker | Created 1 chunks for section 4.34
2026-07-29 10:40:58,973 | INFO | Chunker | Created 2 chunks for section 4.35
2026-07-29 10:40:59,096 | INFO | Chunker | Created 1 chunks for section 4.36
2026-07-29 10:41:00,097 | INFO | Chunker | Created 1 chunks for section 4.37
2026-07-29 10:41:00,146 | INFO | Chunker | Created 1 chunks for section 4.38
2026-07-29 10:41:00,204 | INFO | Chunker | Created 1 chunks for section 4.39
2026-07-29 10:41:00,359 | INFO | Chunker | Created 2 chunks for section 4.40
2026-07-29 10:41:00,423 | INFO | Chunker | Created 1 chunks for section 4.41
2026-07-29 10:41:00,484 | INFO | Chunker | Created 1 chunks for section 4.42
2026-07-29 10:41:00,604 | INFO | Chunker | Created 1 chunks for section 4.43
2026-07-29 10:41:00,713 | INFO | Chunker | Created 1 chunks for section 4.44
2026-07-29 10:41:00,801 | INFO | Chunker | Created 1 chunks for section 4.45
2026-07-29 10:41:00,857 | INFO | Chunker | Created 1 chunks for section 4.46
2026-07-29 10:41:00,963 | INFO | Chunker | Created 1 chunks for section 4.47
2026-07-29 10:41:01,063 | INFO | Chunker | Created 1 chunks for section 4.48
2026-07-29 10:41:02,391 | INFO | Chunker | Created 2 chunks for section 4.49
2026-07-29 10:41:04,235 | INFO | Chunker | Created 1 chunks for section 4.50
2026-07-29 10:41:04,283 | INFO | Chunker | Created 1 chunks for section 4.51
2026-07-29 10:41:04,336 | INFO | Chunker | Created 1 chunks for section 4.52
2026-07-29 10:41:04,397 | INFO | Chunker | Created 1 chunks for section 4.53
2026-07-29 10:41:04,459 | INFO | Chunker | Created 1 chunks for section 4.54
2026-07-29 10:41:04,521 | INFO | Chunker | Created 1 chunks for section 4.55
2026-07-29 10:41:04,615 | INFO | Chunker | Created 1 chunks for section 4.56
2026-07-29 10:41:04,656 | INFO | Chunker | Created 1 chunks for section 4.57
2026-07-29 10:41:04,750 | INFO | Chunker | Created 1 chunks for section 4.58
2026-07-29 10:41:04,793 | INFO | Chunker | Created 1 chunks for section 4.59
2026-07-29 10:41:04,944 | INFO | Chunker | Created 1 chunks for section 4.60
2026-07-29 10:41:04,991 | INFO | Chunker | Created 1 chunks for section 4.61
2026-07-29 10:41:05,043 | INFO | Chunker | Created 1 chunks for section 4.62
2026-07-29 10:41:05,123 | INFO | Chunker | Created 1 chunks for section 4.63
2026-07-29 10:41:05,171 | INFO | Chunker | Created 1 chunks for section 4.64
2026-07-29 10:41:05,239 | INFO | Chunker | Created 1 chunks for section 4.65
2026-07-29 10:41:05,310 | INFO | Chunker | Created 1 chunks for section 4.66
2026-07-29 10:41:05,407 | INFO | Chunker | Created 1 chunks for section 4.67
2026-07-29 10:41:05,482 | INFO | Chunker | Created 1 chunks for section 4.68
2026-07-29 10:41:05,539 | INFO | Chunker | Created 1 chunks for section 4.69
2026-07-29 10:41:05,599 | INFO | Chunker | Created 1 chunks for section 4.70
2026-07-29 10:41:05,658 | INFO | Chunker | Created 1 chunks for section 4.71
2026-07-29 10:41:05,731 | INFO | Chunker | Created 1 chunks for section 4.72
2026-07-29 10:41:05,810 | INFO | Chunker | Created 1 chunks for section 4.73
2026-07-29 10:41:06,935 | INFO | Chunker | Created 1 chunks for section 4.74
2026-07-29 10:41:07,000 | INFO | Chunker | Created 1 chunks for section 4.75
2026-07-29 10:41:07,110 | INFO | Chunker | Created 1 chunks for section 4.76
2026-07-29 10:41:07,255 | INFO | Chunker | Created 1 chunks for section 4.77
2026-07-29 10:41:07,306 | INFO | Chunker | Created 1 chunks for section 4.78
2026-07-29 10:41:07,440 | INFO | Chunker | Created 2 chunks for section 4.79
2026-07-29 10:41:07,488 | INFO | Chunker | Created 1 chunks for section 4.80
2026-07-29 10:41:07,625 | INFO | Chunker | Created 1 chunks for section 4.81
2026-07-29 10:41:07,727 | INFO | Chunker | Created 1 chunks for section 4.82
2026-07-29 10:41:07,857 | INFO | Chunker | Created 1 chunks for section 4.83
2026-07-29 10:41:07,943 | INFO | Chunker | Created 1 chunks for section 4.84
2026-07-29 10:41:07,996 | INFO | Chunker | Created 1 chunks for section 4.85
2026-07-29 10:41:08,057 | INFO | Chunker | Created 1 chunks for section 4.86
2026-07-29 10:41:08,134 | INFO | Chunker | Created 1 chunks for section 4.87
2026-07-29 10:41:08,239 | INFO | Chunker | Created 1 chunks for section 4.88
2026-07-29 10:41:08,285 | INFO | Chunker | Created 1 chunks for section 4.89
2026-07-29 10:41:08,358 | INFO | Chunker | Created 1 chunks for section 4.90
2026-07-29 10:41:08,412 | INFO | Chunker | Created 1 chunks for section 4.91
2026-07-29 10:41:08,470 | INFO | Chunker | Created 1 chunks for section 4.92
2026-07-29 10:41:09,226 | INFO | Chunker | Created 1 chunks for section 4.93
2026-07-29 10:41:09,336 | INFO | Chunker | Created 2 chunks for section 4.94
2026-07-29 10:41:09,389 | INFO | Chunker | Created 1 chunks for section 4.95
2026-07-29 10:41:09,447 | INFO | Chunker | Created 1 chunks for section 4.96
2026-07-29 10:41:09,499 | INFO | Chunker | Created 1 chunks for section 4.97
2026-07-29 10:41:09,569 | INFO | Chunker | Created 1 chunks for section 4.98
2026-07-29 10:41:09,655 | INFO | Chunker | Created 1 chunks for section 4.99
2026-07-29 10:41:09,662 | INFO | DGFTKnowledgePipeline | Processing HBP2023_Chapter05.pdf
2026-07-29 10:41:09,671 | INFO | PDFLoader | Loading PDF C:\Users\mabis\OneDrive\Documents\New folder\dekai-dgft-parser\input\pdf\HBP2023_Chapter05.pdf
2026-07-29 10:41:22,984 | INFO | PDFLoader | Loaded 15 pages from HBP2023_Chapter05.pdf
2026-07-29 10:41:23,040 | INFO | TextCleaner | Cleaned 15 pages
2026-07-29 10:41:23,071 | INFO | RuleExtractor | Extracted 25 section drafts from HBP2023_Chapter05.pdf
2026-07-29 10:41:23,602 | INFO | Chunker | Created 1 chunks for section 5.01
2026-07-29 10:41:23,671 | INFO | Chunker | Created 1 chunks for section 5.02
2026-07-29 10:41:23,769 | INFO | Chunker | Created 1 chunks for section 5.03
2026-07-29 10:41:24,165 | INFO | Chunker | Created 1 chunks for section 5.04
2026-07-29 10:41:24,428 | INFO | Chunker | Created 1 chunks for section 5.05
2026-07-29 10:41:24,820 | INFO | Chunker | Created 1 chunks for section 5.06
2026-07-29 10:41:24,940 | INFO | Chunker | Created 1 chunks for section 5.07
2026-07-29 10:41:25,038 | INFO | Chunker | Created 1 chunks for section 5.08
2026-07-29 10:41:25,103 | INFO | Chunker | Created 1 chunks for section 5.09
2026-07-29 10:41:25,229 | INFO | Chunker | Created 1 chunks for section 5.10
2026-07-29 10:41:25,284 | INFO | Chunker | Created 1 chunks for section 5.11
2026-07-29 10:41:25,330 | INFO | Chunker | Created 1 chunks for section 5.12
2026-07-29 10:41:25,473 | INFO | Chunker | Created 2 chunks for section 5.13
2026-07-29 10:41:25,558 | INFO | Chunker | Created 1 chunks for section 5.14
2026-07-29 10:41:25,650 | INFO | Chunker | Created 1 chunks for section 5.16
2026-07-29 10:41:25,708 | INFO | Chunker | Created 1 chunks for section 5.17
2026-07-29 10:41:25,757 | INFO | Chunker | Created 1 chunks for section 5.18
2026-07-29 10:41:25,803 | INFO | Chunker | Created 1 chunks for section 5.19
2026-07-29 10:41:25,850 | INFO | Chunker | Created 1 chunks for section 5.20
2026-07-29 10:41:25,895 | INFO | Chunker | Created 1 chunks for section 5.21
2026-07-29 10:41:25,933 | INFO | Chunker | Created 1 chunks for section 5.22
2026-07-29 10:41:25,975 | INFO | Chunker | Created 1 chunks for section 5.23
2026-07-29 10:41:26,022 | INFO | Chunker | Created 1 chunks for section 5.24
2026-07-29 10:41:26,081 | INFO | Chunker | Created 1 chunks for section 5.25
2026-07-29 10:41:26,120 | INFO | Chunker | Created 1 chunks for section 5.26
2026-07-29 10:41:26,126 | INFO | DGFTKnowledgePipeline | Processing HBP-Chapter-6.pdf
2026-07-29 10:41:26,127 | INFO | PDFLoader | Loading PDF C:\Users\mabis\OneDrive\Documents\New folder\dekai-dgft-parser\input\pdf\HBP-Chapter-6.pdf
2026-07-29 10:41:39,342 | INFO | PDFLoader | Loaded 24 pages from HBP-Chapter-6.pdf
2026-07-29 10:41:39,598 | INFO | TextCleaner | Cleaned 24 pages
2026-07-29 10:41:39,721 | INFO | RuleExtractor | Extracted 41 section drafts from HBP-Chapter-6.pdf
2026-07-29 10:41:41,933 | INFO | Chunker | Created 1 chunks for section 6.00
2026-07-29 10:41:42,438 | INFO | Chunker | Created 2 chunks for section 6.01
2026-07-29 10:41:42,598 | INFO | Chunker | Created 1 chunks for section 6.02
2026-07-29 10:41:42,817 | INFO | Chunker | Created 1 chunks for section 6.03
2026-07-29 10:41:42,994 | INFO | Chunker | Created 1 chunks for section 6.04
2026-07-29 10:41:43,197 | INFO | Chunker | Created 1 chunks for section 6.05
2026-07-29 10:41:44,031 | INFO | Chunker | Created 1 chunks for section 6.06
2026-07-29 10:41:44,386 | INFO | Chunker | Created 1 chunks for section 6.07
2026-07-29 10:41:44,690 | INFO | Chunker | Created 1 chunks for section 6.08
2026-07-29 10:41:44,985 | INFO | Chunker | Created 1 chunks for section 6.09
2026-07-29 10:41:45,369 | INFO | Chunker | Created 1 chunks for section 6.10
2026-07-29 10:41:45,583 | INFO | Chunker | Created 1 chunks for section 6.11
2026-07-29 10:41:45,807 | INFO | Chunker | Created 1 chunks for section 6.12
2026-07-29 10:41:46,238 | INFO | Chunker | Created 1 chunks for section 6.13
2026-07-29 10:41:46,768 | INFO | Chunker | Created 1 chunks for section 6.14
2026-07-29 10:41:47,014 | INFO | Chunker | Created 1 chunks for section 6.15
2026-07-29 10:41:47,223 | INFO | Chunker | Created 1 chunks for section 6.16
2026-07-29 10:41:47,703 | INFO | Chunker | Created 1 chunks for section 6.17
2026-07-29 10:41:47,990 | INFO | Chunker | Created 1 chunks for section 6.18
2026-07-29 10:41:48,308 | INFO | Chunker | Created 1 chunks for section 6.19
2026-07-29 10:41:49,215 | INFO | Chunker | Created 2 chunks for section 6.20
2026-07-29 10:41:49,652 | INFO | Chunker | Created 1 chunks for section 6.22
2026-07-29 10:41:50,089 | INFO | Chunker | Created 1 chunks for section 6.23
2026-07-29 10:41:50,343 | INFO | Chunker | Created 1 chunks for section 6.24
2026-07-29 10:41:50,663 | INFO | Chunker | Created 1 chunks for section 6.25
2026-07-29 10:41:50,809 | INFO | Chunker | Created 1 chunks for section 6.26
2026-07-29 10:41:51,166 | INFO | Chunker | Created 1 chunks for section 6.27
2026-07-29 10:41:51,524 | INFO | Chunker | Created 1 chunks for section 6.28
2026-07-29 10:41:52,269 | INFO | Chunker | Created 1 chunks for section 6.29
2026-07-29 10:41:52,462 | INFO | Chunker | Created 1 chunks for section 6.30
2026-07-29 10:41:52,729 | INFO | Chunker | Created 1 chunks for section 6.31
2026-07-29 10:41:53,078 | INFO | Chunker | Created 1 chunks for section 6.32
2026-07-29 10:41:53,441 | INFO | Chunker | Created 1 chunks for section 6.33
2026-07-29 10:41:53,924 | INFO | Chunker | Created 1 chunks for section 6.34
2026-07-29 10:41:54,272 | INFO | Chunker | Created 1 chunks for section 6.35
2026-07-29 10:41:54,670 | INFO | Chunker | Created 1 chunks for section 6.36
2026-07-29 10:41:54,907 | INFO | Chunker | Created 1 chunks for section 6.37
2026-07-29 10:41:55,156 | INFO | Chunker | Created 1 chunks for section 6.38
2026-07-29 10:41:55,650 | INFO | Chunker | Created 1 chunks for section 6.39
2026-07-29 10:41:55,855 | INFO | Chunker | Created 1 chunks for section 6.40
2026-07-29 10:41:56,095 | INFO | Chunker | Created 1 chunks for section 6.41
2026-07-29 10:41:56,137 | INFO | DGFTKnowledgePipeline | Processing Chapter-7-of-HBP-2023.pdf
2026-07-29 10:41:56,139 | INFO | PDFLoader | Loading PDF C:\Users\mabis\OneDrive\Documents\New folder\dekai-dgft-parser\input\pdf\Chapter-7-of-HBP-2023.pdf
2026-07-29 10:41:58,879 | INFO | PDFLoader | Loaded 6 pages from Chapter-7-of-HBP-2023.pdf
2026-07-29 10:41:58,926 | INFO | TextCleaner | Cleaned 6 pages
2026-07-29 10:41:58,939 | INFO | RuleExtractor | Extracted 12 section drafts from Chapter-7-of-HBP-2023.pdf
2026-07-29 10:41:59,509 | INFO | Chunker | Created 1 chunks for section 7.00
2026-07-29 10:42:00,117 | INFO | Chunker | Created 1 chunks for section 7.01
2026-07-29 10:42:00,727 | INFO | Chunker | Created 1 chunks for section 7.02
2026-07-29 10:42:01,390 | INFO | Chunker | Created 1 chunks for section 7.03
2026-07-29 10:42:01,677 | INFO | Chunker | Created 1 chunks for section 7.04
2026-07-29 10:42:01,988 | INFO | Chunker | Created 1 chunks for section 7.05
2026-07-29 10:42:02,134 | INFO | Chunker | Created 1 chunks for section 7.06
2026-07-29 10:42:02,337 | INFO | Chunker | Created 1 chunks for section 7.07
2026-07-29 10:42:02,551 | INFO | Chunker | Created 1 chunks for section 7.08
2026-07-29 10:42:03,027 | INFO | Chunker | Created 1 chunks for section 7.09
2026-07-29 10:42:03,472 | INFO | Chunker | Created 1 chunks for section 7.10
2026-07-29 10:42:03,705 | INFO | Chunker | Created 1 chunks for section 7.11
2026-07-29 10:42:03,716 | INFO | DGFTKnowledgePipeline | Processing Chapter+10+HBP+(19.05.2026).pdf
2026-07-29 10:42:03,717 | INFO | PDFLoader | Loading PDF C:\Users\mabis\OneDrive\Documents\New folder\dekai-dgft-parser\input\pdf\Chapter+10+HBP+(19.05.2026).pdf
2026-07-29 10:42:25,495 | INFO | PDFLoader | Loaded 48 pages from Chapter+10+HBP+(19.05.2026).pdf
2026-07-29 10:42:25,750 | INFO | TextCleaner | Cleaned 48 pages
2026-07-29 10:42:25,910 | INFO | RuleExtractor | Extracted 21 section drafts from Chapter+10+HBP+(19.05.2026).pdf
2026-07-29 10:42:27,653 | INFO | Chunker | Created 1 chunks for section 10.00
2026-07-29 10:42:27,739 | INFO | Chunker | Created 1 chunks for section 10.01
2026-07-29 10:42:28,008 | INFO | Chunker | Created 1 chunks for section 10.02
2026-07-29 10:42:28,383 | INFO | Chunker | Created 1 chunks for section 10.03
2026-07-29 10:42:29,203 | INFO | Chunker | Created 1 chunks for section 10.04
2026-07-29 10:42:29,652 | INFO | Chunker | Created 1 chunks for section 10.05
2026-07-29 10:42:30,105 | INFO | Chunker | Created 1 chunks for section 10.06
2026-07-29 10:42:30,308 | INFO | Chunker | Created 1 chunks for section 10.07
2026-07-29 10:42:30,614 | INFO | Chunker | Created 1 chunks for section 10.08
2026-07-29 10:42:31,478 | INFO | Chunker | Created 5 chunks for section 10.09
2026-07-29 10:42:31,678 | INFO | Chunker | Created 1 chunks for section 10.11
2026-07-29 10:42:32,909 | INFO | Chunker | Created 8 chunks for section 10.12
2026-07-29 10:42:33,573 | INFO | Chunker | Created 2 chunks for section 10.13
2026-07-29 10:42:34,004 | INFO | Chunker | Created 1 chunks for section 10.14
2026-07-29 10:42:34,376 | INFO | Chunker | Created 1 chunks for section 10.15
2026-07-29 10:42:35,702 | INFO | Chunker | Created 11 chunks for section 10.15
2026-07-29 10:42:36,721 | INFO | Chunker | Created 7 chunks for section 10.16
2026-07-29 10:42:37,763 | INFO | Chunker | Created 2 chunks for section 10.17
2026-07-29 10:42:38,133 | INFO | Chunker | Created 1 chunks for section 10.18
2026-07-29 10:42:38,711 | INFO | Chunker | Created 4 chunks for section 10.19
2026-07-29 10:42:39,116 | INFO | Chunker | Created 1 chunks for section 10.20
2026-07-29 10:59:04,481 | INFO | DGFTKnowledgePipeline | Processing HBP2023_Chapter01.pdf
2026-07-29 10:59:04,482 | INFO | PDFLoader | Loading PDF C:\Users\mabis\OneDrive\Documents\New folder\dekai-dgft-parser\input\pdf\HBP2023_Chapter01.pdf
2026-07-29 10:59:05,623 | INFO | PDFLoader | Loaded 7 pages from HBP2023_Chapter01.pdf
2026-07-29 10:59:05,632 | INFO | TextCleaner | Cleaned 7 pages
2026-07-29 10:59:05,638 | INFO | RuleExtractor | Extracted 12 section drafts from HBP2023_Chapter01.pdf
2026-07-29 10:59:05,780 | INFO | Chunker | Created 1 chunks for section 1.01
2026-07-29 10:59:05,816 | INFO | Chunker | Created 1 chunks for section 1.02
2026-07-29 10:59:05,866 | INFO | Chunker | Created 1 chunks for section 1.03
2026-07-29 10:59:05,925 | INFO | Chunker | Created 2 chunks for section 1.04
2026-07-29 10:59:05,972 | INFO | Chunker | Created 1 chunks for section 1.05
2026-07-29 10:59:06,011 | INFO | Chunker | Created 1 chunks for section 1.06
2026-07-29 10:59:06,062 | INFO | Chunker | Created 1 chunks for section 1.07
2026-07-29 10:59:06,134 | INFO | Chunker | Created 1 chunks for section 1.08
2026-07-29 10:59:06,219 | INFO | Chunker | Created 1 chunks for section 1.09
2026-07-29 10:59:06,289 | INFO | Chunker | Created 1 chunks for section 1.10
2026-07-29 10:59:06,379 | INFO | Chunker | Created 1 chunks for section 1.11
2026-07-29 10:59:06,522 | INFO | Chunker | Created 1 chunks for section 1.12
2026-07-29 10:59:06,530 | INFO | DGFTKnowledgePipeline | Processing HBP Chapter 2.pdf
2026-07-29 10:59:06,531 | INFO | PDFLoader | Loading PDF C:\Users\mabis\OneDrive\Documents\New folder\dekai-dgft-parser\input\pdf\HBP Chapter 2.pdf
2026-07-29 10:59:17,165 | INFO | PDFLoader | Loaded 52 pages from HBP Chapter 2.pdf
2026-07-29 10:59:17,291 | INFO | TextCleaner | Cleaned 52 pages
2026-07-29 10:59:17,353 | INFO | RuleExtractor | Extracted 99 section drafts from HBP Chapter 2.pdf
2026-07-29 10:59:18,749 | INFO | Chunker | Created 1 chunks for section 2.00
2026-07-29 10:59:18,804 | INFO | Chunker | Created 1 chunks for section 2.01
2026-07-29 10:59:18,847 | INFO | Chunker | Created 1 chunks for section 2.02
2026-07-29 10:59:18,896 | INFO | Chunker | Created 1 chunks for section 2.03
2026-07-29 10:59:18,948 | INFO | Chunker | Created 1 chunks for section 2.04
2026-07-29 10:59:19,016 | INFO | Chunker | Created 1 chunks for section 2.05
2026-07-29 10:59:19,084 | INFO | Chunker | Created 1 chunks for section 2.06
2026-07-29 10:59:19,159 | INFO | Chunker | Created 1 chunks for section 2.07
2026-07-29 10:59:19,267 | INFO | Chunker | Created 1 chunks for section 2.08
2026-07-29 10:59:19,363 | INFO | Chunker | Created 1 chunks for section 2.09
2026-07-29 10:59:19,434 | INFO | Chunker | Created 1 chunks for section 2.10
2026-07-29 10:59:19,497 | INFO | Chunker | Created 1 chunks for section 2.11
2026-07-29 10:59:19,548 | INFO | Chunker | Created 1 chunks for section 2.12
2026-07-29 10:59:19,613 | INFO | Chunker | Created 1 chunks for section 2.13
2026-07-29 10:59:19,713 | INFO | Chunker | Created 1 chunks for section 2.14
2026-07-29 10:59:20,675 | INFO | Chunker | Created 1 chunks for section 2.15
2026-07-29 10:59:20,745 | INFO | Chunker | Created 1 chunks for section 2.16
2026-07-29 10:59:20,792 | INFO | Chunker | Created 1 chunks for section 2.17
2026-07-29 10:59:20,857 | INFO | Chunker | Created 1 chunks for section 2.18
2026-07-29 10:59:20,923 | INFO | Chunker | Created 1 chunks for section 2.19
2026-07-29 10:59:21,017 | INFO | Chunker | Created 1 chunks for section 2.20
2026-07-29 10:59:21,069 | INFO | Chunker | Created 1 chunks for section 2.21
2026-07-29 10:59:21,134 | INFO | Chunker | Created 1 chunks for section 2.22
2026-07-29 10:59:21,249 | INFO | Chunker | Created 1 chunks for section 2.23
2026-07-29 10:59:21,347 | INFO | Chunker | Created 1 chunks for section 2.24
2026-07-29 10:59:21,415 | INFO | Chunker | Created 1 chunks for section 2.25
2026-07-29 10:59:21,488 | INFO | Chunker | Created 1 chunks for section 2.26
2026-07-29 10:59:21,585 | INFO | Chunker | Created 1 chunks for section 2.27
2026-07-29 10:59:21,637 | INFO | Chunker | Created 1 chunks for section 2.28
2026-07-29 10:59:21,730 | INFO | Chunker | Created 1 chunks for section 2.29
2026-07-29 10:59:21,821 | INFO | Chunker | Created 1 chunks for section 2.29
2026-07-29 10:59:21,899 | INFO | Chunker | Created 1 chunks for section 2.30
2026-07-29 10:59:21,985 | INFO | Chunker | Created 1 chunks for section 2.31
2026-07-29 10:59:22,061 | INFO | Chunker | Created 1 chunks for section 2.32
2026-07-29 10:59:22,152 | INFO | Chunker | Created 1 chunks for section 2.33
2026-07-29 10:59:22,238 | INFO | Chunker | Created 1 chunks for section 2.34
2026-07-29 10:59:23,085 | INFO | Chunker | Created 1 chunks for section 2.35
2026-07-29 10:59:23,167 | INFO | Chunker | Created 1 chunks for section 2.36
2026-07-29 10:59:23,251 | INFO | Chunker | Created 1 chunks for section 2.37
2026-07-29 10:59:23,314 | INFO | Chunker | Created 1 chunks for section 2.38
2026-07-29 10:59:23,388 | INFO | Chunker | Created 1 chunks for section 2.39
2026-07-29 10:59:23,477 | INFO | Chunker | Created 1 chunks for section 2.40
2026-07-29 10:59:23,549 | INFO | Chunker | Created 1 chunks for section 2.41
2026-07-29 10:59:23,597 | INFO | Chunker | Created 1 chunks for section 2.42
2026-07-29 10:59:23,684 | INFO | Chunker | Created 1 chunks for section 2.43
2026-07-29 10:59:23,781 | INFO | Chunker | Created 1 chunks for section 2.44
2026-07-29 10:59:23,859 | INFO | Chunker | Created 1 chunks for section 2.45
2026-07-29 10:59:24,056 | INFO | Chunker | Created 1 chunks for section 2.46
2026-07-29 10:59:24,138 | INFO | Chunker | Created 1 chunks for section 2.47
2026-07-29 10:59:24,261 | INFO | Chunker | Created 1 chunks for section 2.48
2026-07-29 10:59:24,383 | INFO | Chunker | Created 1 chunks for section 2.49
2026-07-29 10:59:24,470 | INFO | Chunker | Created 1 chunks for section 2.50
2026-07-29 10:59:25,231 | INFO | Chunker | Created 3 chunks for section 2.51
2026-07-29 10:59:25,304 | INFO | Chunker | Created 1 chunks for section 2.52
2026-07-29 10:59:25,377 | INFO | Chunker | Created 1 chunks for section 2.53
2026-07-29 10:59:25,425 | INFO | Chunker | Created 1 chunks for section 2.54
2026-07-29 10:59:25,489 | INFO | Chunker | Created 1 chunks for section 2.55
2026-07-29 10:59:25,563 | INFO | Chunker | Created 1 chunks for section 2.56
2026-07-29 10:59:25,635 | INFO | Chunker | Created 1 chunks for section 2.57
2026-07-29 10:59:25,694 | INFO | Chunker | Created 1 chunks for section 2.58
2026-07-29 10:59:25,848 | INFO | Chunker | Created 1 chunks for section 2.59
2026-07-29 10:59:26,003 | INFO | Chunker | Created 1 chunks for section 2.60
2026-07-29 10:59:26,130 | INFO | Chunker | Created 1 chunks for section 2.61
2026-07-29 10:59:26,217 | INFO | Chunker | Created 1 chunks for section 2.62
2026-07-29 10:59:26,325 | INFO | Chunker | Created 1 chunks for section 2.63
2026-07-29 10:59:26,375 | INFO | Chunker | Created 1 chunks for section 2.64
2026-07-29 10:59:26,421 | INFO | Chunker | Created 1 chunks for section 2.65
2026-07-29 10:59:26,491 | INFO | Chunker | Created 1 chunks for section 2.66
2026-07-29 10:59:26,560 | INFO | Chunker | Created 1 chunks for section 2.67
2026-07-29 10:59:26,613 | INFO | Chunker | Created 1 chunks for section 2.68
2026-07-29 10:59:26,661 | INFO | Chunker | Created 1 chunks for section 2.69
2026-07-29 10:59:26,752 | INFO | Chunker | Created 1 chunks for section 2.70
2026-07-29 10:59:27,541 | INFO | Chunker | Created 1 chunks for section 2.71
2026-07-29 10:59:27,599 | INFO | Chunker | Created 1 chunks for section 2.72
2026-07-29 10:59:27,644 | INFO | Chunker | Created 1 chunks for section 2.73
2026-07-29 10:59:27,687 | INFO | Chunker | Created 1 chunks for section 2.74
2026-07-29 10:59:27,736 | INFO | Chunker | Created 1 chunks for section 2.75
2026-07-29 10:59:27,806 | INFO | Chunker | Created 2 chunks for section 2.76
2026-07-29 10:59:27,885 | INFO | Chunker | Created 1 chunks for section 2.77
2026-07-29 10:59:27,960 | INFO | Chunker | Created 1 chunks for section 2.78
2026-07-29 10:59:28,008 | INFO | Chunker | Created 1 chunks for section 2.79
2026-07-29 10:59:28,059 | INFO | Chunker | Created 1 chunks for section 2.80
2026-07-29 10:59:28,152 | INFO | Chunker | Created 1 chunks for section 2.81
2026-07-29 10:59:28,261 | INFO | Chunker | Created 1 chunks for section 2.82
2026-07-29 10:59:28,370 | INFO | Chunker | Created 1 chunks for section 2.83
2026-07-29 10:59:28,447 | INFO | Chunker | Created 1 chunks for section 2.84
2026-07-29 10:59:28,537 | INFO | Chunker | Created 1 chunks for section 2.85
2026-07-29 10:59:28,618 | INFO | Chunker | Created 1 chunks for section 2.86
2026-07-29 10:59:28,687 | INFO | Chunker | Created 1 chunks for section 2.87
2026-07-29 10:59:28,786 | INFO | Chunker | Created 1 chunks for section 2.88
2026-07-29 10:59:28,885 | INFO | Chunker | Created 1 chunks for section 2.89
2026-07-29 10:59:28,955 | INFO | Chunker | Created 1 chunks for section 2.90
2026-07-29 10:59:29,612 | INFO | Chunker | Created 1 chunks for section 2.91
2026-07-29 10:59:29,840 | INFO | Chunker | Created 10 chunks for section 2.92
2026-07-29 10:59:29,926 | INFO | Chunker | Created 2 chunks for section 2.93
2026-07-29 10:59:29,967 | INFO | Chunker | Created 1 chunks for section 2.94
2026-07-29 10:59:30,010 | INFO | Chunker | Created 1 chunks for section 2.95
2026-07-29 10:59:30,088 | INFO | Chunker | Created 1 chunks for section 2.96
2026-07-29 10:59:30,142 | INFO | Chunker | Created 1 chunks for section 2.97
2026-07-29 10:59:30,147 | INFO | DGFTKnowledgePipeline | Processing HBP2023_Chapter03.pdf
2026-07-29 10:59:30,148 | INFO | PDFLoader | Loading PDF C:\Users\mabis\OneDrive\Documents\New folder\dekai-dgft-parser\input\pdf\HBP2023_Chapter03.pdf
2026-07-29 10:59:31,022 | INFO | PDFLoader | Loaded 6 pages from HBP2023_Chapter03.pdf
2026-07-29 10:59:31,032 | INFO | TextCleaner | Cleaned 6 pages
2026-07-29 10:59:31,040 | INFO | RuleExtractor | Extracted 8 section drafts from HBP2023_Chapter03.pdf
2026-07-29 10:59:31,171 | INFO | Chunker | Created 1 chunks for section 3.01
2026-07-29 10:59:31,214 | INFO | Chunker | Created 1 chunks for section 3.02
2026-07-29 10:59:31,804 | INFO | Chunker | Created 2 chunks for section 3.03
2026-07-29 10:59:31,851 | INFO | Chunker | Created 1 chunks for section 3.05
2026-07-29 10:59:31,908 | INFO | Chunker | Created 1 chunks for section 3.06
2026-07-29 10:59:31,965 | INFO | Chunker | Created 1 chunks for section 3.07
2026-07-29 10:59:32,037 | INFO | Chunker | Created 1 chunks for section 3.08
2026-07-29 10:59:32,099 | INFO | Chunker | Created 1 chunks for section 3.09
2026-07-29 10:59:32,104 | INFO | DGFTKnowledgePipeline | Processing HBP2023_Chapter04+as+on+20.04.2026.pdf
2026-07-29 10:59:32,105 | INFO | PDFLoader | Loading PDF C:\Users\mabis\OneDrive\Documents\New folder\dekai-dgft-parser\input\pdf\HBP2023_Chapter04+as+on+20.04.2026.pdf
2026-07-29 10:59:44,725 | INFO | PDFLoader | Loaded 58 pages from HBP2023_Chapter04+as+on+20.04.2026.pdf
2026-07-29 10:59:44,849 | INFO | TextCleaner | Cleaned 58 pages
2026-07-29 10:59:44,965 | INFO | RuleExtractor | Extracted 99 section drafts from HBP2023_Chapter04+as+on+20.04.2026.pdf
2026-07-29 10:59:46,174 | INFO | Chunker | Created 1 chunks for section 4.01
2026-07-29 10:59:46,230 | INFO | Chunker | Created 1 chunks for section 4.02
2026-07-29 10:59:46,273 | INFO | Chunker | Created 1 chunks for section 4.03
2026-07-29 10:59:46,308 | INFO | Chunker | Created 1 chunks for section 4.04
2026-07-29 10:59:46,368 | INFO | Chunker | Created 1 chunks for section 4.05
2026-07-29 10:59:46,452 | INFO | Chunker | Created 2 chunks for section 4.06
2026-07-29 10:59:46,585 | INFO | Chunker | Created 1 chunks for section 4.07
2026-07-29 10:59:46,705 | INFO | Chunker | Created 1 chunks for section 4.08
2026-07-29 10:59:46,857 | INFO | Chunker | Created 1 chunks for section 4.09
2026-07-29 10:59:46,932 | INFO | Chunker | Created 1 chunks for section 4.10
2026-07-29 10:59:47,015 | INFO | Chunker | Created 1 chunks for section 4.11
2026-07-29 10:59:47,107 | INFO | Chunker | Created 1 chunks for section 4.12
2026-07-29 10:59:47,160 | INFO | Chunker | Created 1 chunks for section 4.13
2026-07-29 10:59:47,226 | INFO | Chunker | Created 1 chunks for section 4.14
2026-07-29 10:59:47,304 | INFO | Chunker | Created 1 chunks for section 4.15
2026-07-29 10:59:47,405 | INFO | Chunker | Created 1 chunks for section 4.16
2026-07-29 10:59:47,492 | INFO | Chunker | Created 1 chunks for section 4.17
2026-07-29 10:59:47,554 | INFO | Chunker | Created 1 chunks for section 4.18
2026-07-29 10:59:47,626 | INFO | Chunker | Created 1 chunks for section 4.19
2026-07-29 10:59:47,694 | INFO | Chunker | Created 1 chunks for section 4.20
2026-07-29 10:59:47,760 | INFO | Chunker | Created 1 chunks for section 4.21
2026-07-29 10:59:47,845 | INFO | Chunker | Created 1 chunks for section 4.22
2026-07-29 10:59:47,902 | INFO | Chunker | Created 1 chunks for section 4.23
2026-07-29 10:59:47,946 | INFO | Chunker | Created 1 chunks for section 4.24
2026-07-29 10:59:48,078 | INFO | Chunker | Created 1 chunks for section 4.25
2026-07-29 10:59:48,221 | INFO | Chunker | Created 1 chunks for section 4.26
2026-07-29 10:59:48,328 | INFO | Chunker | Created 1 chunks for section 4.27
2026-07-29 10:59:48,410 | INFO | Chunker | Created 1 chunks for section 4.28
2026-07-29 10:59:48,497 | INFO | Chunker | Created 1 chunks for section 4.29
2026-07-29 10:59:48,612 | INFO | Chunker | Created 1 chunks for section 4.30
2026-07-29 10:59:48,691 | INFO | Chunker | Created 1 chunks for section 4.31
2026-07-29 10:59:48,852 | INFO | Chunker | Created 1 chunks for section 4.32
2026-07-29 10:59:48,971 | INFO | Chunker | Created 1 chunks for section 4.33
2026-07-29 10:59:49,029 | INFO | Chunker | Created 1 chunks for section 4.34
2026-07-29 10:59:49,114 | INFO | Chunker | Created 2 chunks for section 4.35
2026-07-29 10:59:49,209 | INFO | Chunker | Created 1 chunks for section 4.36
2026-07-29 10:59:49,275 | INFO | Chunker | Created 1 chunks for section 4.37
2026-07-29 10:59:49,331 | INFO | Chunker | Created 1 chunks for section 4.38
2026-07-29 10:59:49,399 | INFO | Chunker | Created 1 chunks for section 4.39
2026-07-29 10:59:49,525 | INFO | Chunker | Created 2 chunks for section 4.40
2026-07-29 10:59:49,574 | INFO | Chunker | Created 1 chunks for section 4.41
2026-07-29 10:59:49,623 | INFO | Chunker | Created 1 chunks for section 4.42
2026-07-29 10:59:49,704 | INFO | Chunker | Created 1 chunks for section 4.43
2026-07-29 10:59:49,775 | INFO | Chunker | Created 1 chunks for section 4.44
2026-07-29 10:59:49,865 | INFO | Chunker | Created 1 chunks for section 4.45
2026-07-29 10:59:49,951 | INFO | Chunker | Created 1 chunks for section 4.46
2026-07-29 10:59:50,076 | INFO | Chunker | Created 1 chunks for section 4.47
2026-07-29 10:59:50,164 | INFO | Chunker | Created 1 chunks for section 4.48
2026-07-29 10:59:50,351 | INFO | Chunker | Created 2 chunks for section 4.49
2026-07-29 10:59:50,461 | INFO | Chunker | Created 1 chunks for section 4.50
2026-07-29 10:59:50,524 | INFO | Chunker | Created 1 chunks for section 4.51
2026-07-29 10:59:50,563 | INFO | Chunker | Created 1 chunks for section 4.52
2026-07-29 10:59:50,609 | INFO | Chunker | Created 1 chunks for section 4.53
2026-07-29 10:59:50,649 | INFO | Chunker | Created 1 chunks for section 4.54
2026-07-29 10:59:50,714 | INFO | Chunker | Created 1 chunks for section 4.55
2026-07-29 10:59:50,760 | INFO | Chunker | Created 1 chunks for section 4.56
2026-07-29 10:59:50,801 | INFO | Chunker | Created 1 chunks for section 4.57
2026-07-29 10:59:50,866 | INFO | Chunker | Created 1 chunks for section 4.58
2026-07-29 10:59:50,908 | INFO | Chunker | Created 1 chunks for section 4.59
2026-07-29 10:59:50,963 | INFO | Chunker | Created 1 chunks for section 4.60
2026-07-29 10:59:51,003 | INFO | Chunker | Created 1 chunks for section 4.61
2026-07-29 10:59:51,045 | INFO | Chunker | Created 1 chunks for section 4.62
2026-07-29 10:59:51,121 | INFO | Chunker | Created 1 chunks for section 4.63
2026-07-29 10:59:51,179 | INFO | Chunker | Created 1 chunks for section 4.64
2026-07-29 10:59:51,240 | INFO | Chunker | Created 1 chunks for section 4.65
2026-07-29 10:59:51,295 | INFO | Chunker | Created 1 chunks for section 4.66
2026-07-29 10:59:51,398 | INFO | Chunker | Created 1 chunks for section 4.67
2026-07-29 10:59:51,505 | INFO | Chunker | Created 1 chunks for section 4.68
2026-07-29 10:59:51,669 | INFO | Chunker | Created 1 chunks for section 4.69
2026-07-29 10:59:51,735 | INFO | Chunker | Created 1 chunks for section 4.70
2026-07-29 10:59:51,791 | INFO | Chunker | Created 1 chunks for section 4.71
2026-07-29 10:59:51,861 | INFO | Chunker | Created 1 chunks for section 4.72
2026-07-29 10:59:51,916 | INFO | Chunker | Created 1 chunks for section 4.73
2026-07-29 10:59:52,000 | INFO | Chunker | Created 1 chunks for section 4.74
2026-07-29 10:59:52,067 | INFO | Chunker | Created 1 chunks for section 4.75
2026-07-29 10:59:52,182 | INFO | Chunker | Created 1 chunks for section 4.76
2026-07-29 10:59:52,328 | INFO | Chunker | Created 1 chunks for section 4.77
2026-07-29 10:59:52,375 | INFO | Chunker | Created 1 chunks for section 4.78
2026-07-29 10:59:52,465 | INFO | Chunker | Created 2 chunks for section 4.79
2026-07-29 10:59:52,506 | INFO | Chunker | Created 1 chunks for section 4.80
2026-07-29 10:59:52,568 | INFO | Chunker | Created 1 chunks for section 4.81
2026-07-29 10:59:52,626 | INFO | Chunker | Created 1 chunks for section 4.82
2026-07-29 10:59:52,724 | INFO | Chunker | Created 1 chunks for section 4.83
2026-07-29 10:59:52,827 | INFO | Chunker | Created 1 chunks for section 4.84
2026-07-29 10:59:52,886 | INFO | Chunker | Created 1 chunks for section 4.85
2026-07-29 10:59:52,949 | INFO | Chunker | Created 1 chunks for section 4.86
2026-07-29 10:59:53,003 | INFO | Chunker | Created 1 chunks for section 4.87
2026-07-29 10:59:53,055 | INFO | Chunker | Created 1 chunks for section 4.88
2026-07-29 10:59:53,095 | INFO | Chunker | Created 1 chunks for section 4.89
2026-07-29 10:59:53,166 | INFO | Chunker | Created 1 chunks for section 4.90
2026-07-29 10:59:53,622 | INFO | Chunker | Created 1 chunks for section 4.91
2026-07-29 10:59:53,658 | INFO | Chunker | Created 1 chunks for section 4.92
2026-07-29 10:59:53,713 | INFO | Chunker | Created 1 chunks for section 4.93
2026-07-29 10:59:53,778 | INFO | Chunker | Created 2 chunks for section 4.94
2026-07-29 10:59:53,826 | INFO | Chunker | Created 1 chunks for section 4.95
2026-07-29 10:59:53,900 | INFO | Chunker | Created 1 chunks for section 4.96
2026-07-29 10:59:53,952 | INFO | Chunker | Created 1 chunks for section 4.97
2026-07-29 10:59:53,996 | INFO | Chunker | Created 1 chunks for section 4.98
2026-07-29 10:59:54,063 | INFO | Chunker | Created 1 chunks for section 4.99
2026-07-29 10:59:54,067 | INFO | DGFTKnowledgePipeline | Processing HBP2023_Chapter05.pdf
2026-07-29 10:59:54,068 | INFO | PDFLoader | Loading PDF C:\Users\mabis\OneDrive\Documents\New folder\dekai-dgft-parser\input\pdf\HBP2023_Chapter05.pdf
2026-07-29 10:59:56,508 | INFO | PDFLoader | Loaded 15 pages from HBP2023_Chapter05.pdf
2026-07-29 10:59:56,553 | INFO | TextCleaner | Cleaned 15 pages
2026-07-29 10:59:56,585 | INFO | RuleExtractor | Extracted 25 section drafts from HBP2023_Chapter05.pdf
2026-07-29 10:59:56,948 | INFO | Chunker | Created 1 chunks for section 5.01
2026-07-29 10:59:56,987 | INFO | Chunker | Created 1 chunks for section 5.02
2026-07-29 10:59:57,045 | INFO | Chunker | Created 1 chunks for section 5.03
2026-07-29 10:59:57,106 | INFO | Chunker | Created 1 chunks for section 5.04
2026-07-29 10:59:57,151 | INFO | Chunker | Created 1 chunks for section 5.05
2026-07-29 10:59:57,250 | INFO | Chunker | Created 1 chunks for section 5.06
2026-07-29 10:59:57,320 | INFO | Chunker | Created 1 chunks for section 5.07
2026-07-29 10:59:57,433 | INFO | Chunker | Created 1 chunks for section 5.08
2026-07-29 10:59:57,546 | INFO | Chunker | Created 1 chunks for section 5.09
2026-07-29 10:59:57,681 | INFO | Chunker | Created 1 chunks for section 5.10
2026-07-29 10:59:57,721 | INFO | Chunker | Created 1 chunks for section 5.11
2026-07-29 10:59:57,759 | INFO | Chunker | Created 1 chunks for section 5.12
2026-07-29 10:59:57,879 | INFO | Chunker | Created 2 chunks for section 5.13
2026-07-29 10:59:57,954 | INFO | Chunker | Created 1 chunks for section 5.14
2026-07-29 10:59:58,023 | INFO | Chunker | Created 1 chunks for section 5.16
2026-07-29 10:59:58,075 | INFO | Chunker | Created 1 chunks for section 5.17
2026-07-29 10:59:58,126 | INFO | Chunker | Created 1 chunks for section 5.18
2026-07-29 10:59:58,188 | INFO | Chunker | Created 1 chunks for section 5.19
2026-07-29 10:59:58,284 | INFO | Chunker | Created 1 chunks for section 5.20
2026-07-29 10:59:58,370 | INFO | Chunker | Created 1 chunks for section 5.21
2026-07-29 10:59:58,434 | INFO | Chunker | Created 1 chunks for section 5.22
2026-07-29 10:59:58,509 | INFO | Chunker | Created 1 chunks for section 5.23
2026-07-29 10:59:58,630 | INFO | Chunker | Created 1 chunks for section 5.24
2026-07-29 10:59:58,736 | INFO | Chunker | Created 1 chunks for section 5.25
2026-07-29 10:59:58,805 | INFO | Chunker | Created 1 chunks for section 5.26
2026-07-29 10:59:58,813 | INFO | DGFTKnowledgePipeline | Processing HBP-Chapter-6.pdf
2026-07-29 10:59:58,814 | INFO | PDFLoader | Loading PDF C:\Users\mabis\OneDrive\Documents\New folder\dekai-dgft-parser\input\pdf\HBP-Chapter-6.pdf
2026-07-29 11:00:02,288 | INFO | PDFLoader | Loaded 24 pages from HBP-Chapter-6.pdf
2026-07-29 11:00:02,339 | INFO | TextCleaner | Cleaned 24 pages
2026-07-29 11:00:02,365 | INFO | RuleExtractor | Extracted 41 section drafts from HBP-Chapter-6.pdf
2026-07-29 11:00:02,802 | INFO | Chunker | Created 1 chunks for section 6.00
2026-07-29 11:00:02,891 | INFO | Chunker | Created 2 chunks for section 6.01
2026-07-29 11:00:02,935 | INFO | Chunker | Created 1 chunks for section 6.02
2026-07-29 11:00:03,054 | INFO | Chunker | Created 1 chunks for section 6.03
2026-07-29 11:00:03,108 | INFO | Chunker | Created 1 chunks for section 6.04
2026-07-29 11:00:03,157 | INFO | Chunker | Created 1 chunks for section 6.05
2026-07-29 11:00:03,226 | INFO | Chunker | Created 1 chunks for section 6.06
2026-07-29 11:00:03,299 | INFO | Chunker | Created 1 chunks for section 6.07
2026-07-29 11:00:03,352 | INFO | Chunker | Created 1 chunks for section 6.08
2026-07-29 11:00:03,401 | INFO | Chunker | Created 1 chunks for section 6.09
2026-07-29 11:00:03,466 | INFO | Chunker | Created 1 chunks for section 6.10
2026-07-29 11:00:03,540 | INFO | Chunker | Created 1 chunks for section 6.11
2026-07-29 11:00:03,606 | INFO | Chunker | Created 1 chunks for section 6.12
2026-07-29 11:00:03,671 | INFO | Chunker | Created 1 chunks for section 6.13
2026-07-29 11:00:03,741 | INFO | Chunker | Created 1 chunks for section 6.14
2026-07-29 11:00:03,833 | INFO | Chunker | Created 1 chunks for section 6.15
2026-07-29 11:00:03,867 | INFO | Chunker | Created 1 chunks for section 6.16
2026-07-29 11:00:03,917 | INFO | Chunker | Created 1 chunks for section 6.17
2026-07-29 11:00:03,949 | INFO | Chunker | Created 1 chunks for section 6.18
2026-07-29 11:00:04,000 | INFO | Chunker | Created 1 chunks for section 6.19
2026-07-29 11:00:04,068 | INFO | Chunker | Created 2 chunks for section 6.20
2026-07-29 11:00:04,162 | INFO | Chunker | Created 1 chunks for section 6.22
2026-07-29 11:00:04,260 | INFO | Chunker | Created 1 chunks for section 6.23
2026-07-29 11:00:04,392 | INFO | Chunker | Created 1 chunks for section 6.24
2026-07-29 11:00:04,479 | INFO | Chunker | Created 1 chunks for section 6.25
2026-07-29 11:00:04,530 | INFO | Chunker | Created 1 chunks for section 6.26
2026-07-29 11:00:04,602 | INFO | Chunker | Created 1 chunks for section 6.27
2026-07-29 11:00:04,665 | INFO | Chunker | Created 1 chunks for section 6.28
2026-07-29 11:00:04,746 | INFO | Chunker | Created 1 chunks for section 6.29
2026-07-29 11:00:04,818 | INFO | Chunker | Created 1 chunks for section 6.30
2026-07-29 11:00:04,882 | INFO | Chunker | Created 1 chunks for section 6.31
2026-07-29 11:00:04,959 | INFO | Chunker | Created 1 chunks for section 6.32
2026-07-29 11:00:05,036 | INFO | Chunker | Created 1 chunks for section 6.33
2026-07-29 11:00:05,161 | INFO | Chunker | Created 1 chunks for section 6.34
2026-07-29 11:00:05,211 | INFO | Chunker | Created 1 chunks for section 6.35
2026-07-29 11:00:05,331 | INFO | Chunker | Created 1 chunks for section 6.36
2026-07-29 11:00:05,382 | INFO | Chunker | Created 1 chunks for section 6.37
2026-07-29 11:00:05,422 | INFO | Chunker | Created 1 chunks for section 6.38
2026-07-29 11:00:05,483 | INFO | Chunker | Created 1 chunks for section 6.39
2026-07-29 11:00:05,556 | INFO | Chunker | Created 1 chunks for section 6.40
2026-07-29 11:00:05,598 | INFO | Chunker | Created 1 chunks for section 6.41
2026-07-29 11:00:05,603 | INFO | DGFTKnowledgePipeline | Processing Chapter-7-of-HBP-2023.pdf
2026-07-29 11:00:05,604 | INFO | PDFLoader | Loading PDF C:\Users\mabis\OneDrive\Documents\New folder\dekai-dgft-parser\input\pdf\Chapter-7-of-HBP-2023.pdf
2026-07-29 11:00:06,333 | INFO | PDFLoader | Loaded 6 pages from Chapter-7-of-HBP-2023.pdf
2026-07-29 11:00:06,344 | INFO | TextCleaner | Cleaned 6 pages
2026-07-29 11:00:06,351 | INFO | RuleExtractor | Extracted 12 section drafts from Chapter-7-of-HBP-2023.pdf
2026-07-29 11:00:06,500 | INFO | Chunker | Created 1 chunks for section 7.00
2026-07-29 11:00:06,551 | INFO | Chunker | Created 1 chunks for section 7.01
2026-07-29 11:00:06,612 | INFO | Chunker | Created 1 chunks for section 7.02
2026-07-29 11:00:06,680 | INFO | Chunker | Created 1 chunks for section 7.03
2026-07-29 11:00:06,735 | INFO | Chunker | Created 1 chunks for section 7.04
2026-07-29 11:00:06,794 | INFO | Chunker | Created 1 chunks for section 7.05
2026-07-29 11:00:06,835 | INFO | Chunker | Created 1 chunks for section 7.06
2026-07-29 11:00:06,872 | INFO | Chunker | Created 1 chunks for section 7.07
2026-07-29 11:00:06,920 | INFO | Chunker | Created 1 chunks for section 7.08
2026-07-29 11:00:06,964 | INFO | Chunker | Created 1 chunks for section 7.09
2026-07-29 11:00:07,016 | INFO | Chunker | Created 1 chunks for section 7.10
2026-07-29 11:00:07,107 | INFO | Chunker | Created 1 chunks for section 7.11
2026-07-29 11:00:07,456 | INFO | DGFTKnowledgePipeline | Processing HBP2023_Chapter08.pdf
2026-07-29 11:00:07,456 | INFO | PDFLoader | Loading PDF C:\Users\mabis\OneDrive\Documents\New folder\dekai-dgft-parser\input\pdf\HBP2023_Chapter08.pdf
2026-07-29 11:00:08,022 | INFO | PDFLoader | Loaded 4 pages from HBP2023_Chapter08.pdf
2026-07-29 11:00:08,028 | INFO | TextCleaner | Cleaned 4 pages
2026-07-29 11:00:08,032 | INFO | RuleExtractor | Extracted 5 section drafts from HBP2023_Chapter08.pdf
2026-07-29 11:00:08,119 | INFO | Chunker | Created 1 chunks for section 8.01
2026-07-29 11:00:08,153 | INFO | Chunker | Created 1 chunks for section 8.02
2026-07-29 11:00:08,196 | INFO | Chunker | Created 1 chunks for section 8.03
2026-07-29 11:00:08,237 | INFO | Chunker | Created 1 chunks for section 8.04
2026-07-29 11:00:08,275 | INFO | Chunker | Created 1 chunks for section 8.05
2026-07-29 11:00:08,331 | INFO | DGFTKnowledgePipeline | Processing Chapter+10+HBP+(19.05.2026).pdf
2026-07-29 11:00:08,331 | INFO | PDFLoader | Loading PDF C:\Users\mabis\OneDrive\Documents\New folder\dekai-dgft-parser\input\pdf\Chapter+10+HBP+(19.05.2026).pdf
2026-07-29 11:00:14,476 | INFO | PDFLoader | Loaded 48 pages from Chapter+10+HBP+(19.05.2026).pdf
2026-07-29 11:00:14,577 | INFO | TextCleaner | Cleaned 48 pages
2026-07-29 11:00:14,626 | INFO | RuleExtractor | Extracted 21 section drafts from Chapter+10+HBP+(19.05.2026).pdf
2026-07-29 11:00:15,372 | INFO | Chunker | Created 1 chunks for section 10.00
2026-07-29 11:00:15,426 | INFO | Chunker | Created 1 chunks for section 10.01
2026-07-29 11:00:15,478 | INFO | Chunker | Created 1 chunks for section 10.02
2026-07-29 11:00:15,548 | INFO | Chunker | Created 1 chunks for section 10.03
2026-07-29 11:00:15,625 | INFO | Chunker | Created 1 chunks for section 10.04
2026-07-29 11:00:15,700 | INFO | Chunker | Created 1 chunks for section 10.05
2026-07-29 11:00:15,822 | INFO | Chunker | Created 1 chunks for section 10.06
2026-07-29 11:00:15,872 | INFO | Chunker | Created 1 chunks for section 10.07
2026-07-29 11:00:15,998 | INFO | Chunker | Created 1 chunks for section 10.08
2026-07-29 11:00:16,290 | INFO | Chunker | Created 5 chunks for section 10.09
2026-07-29 11:00:16,346 | INFO | Chunker | Created 1 chunks for section 10.11
2026-07-29 11:00:16,651 | INFO | Chunker | Created 8 chunks for section 10.12
2026-07-29 11:00:16,770 | INFO | Chunker | Created 2 chunks for section 10.13
2026-07-29 11:00:16,860 | INFO | Chunker | Created 1 chunks for section 10.14
2026-07-29 11:00:16,940 | INFO | Chunker | Created 1 chunks for section 10.15
2026-07-29 11:00:17,177 | INFO | Chunker | Created 11 chunks for section 10.15
2026-07-29 11:00:17,331 | INFO | Chunker | Created 7 chunks for section 10.16
2026-07-29 11:00:17,413 | INFO | Chunker | Created 2 chunks for section 10.17
2026-07-29 11:00:17,455 | INFO | Chunker | Created 1 chunks for section 10.18
2026-07-29 11:00:17,593 | INFO | Chunker | Created 4 chunks for section 10.19
2026-07-29 11:00:17,680 | INFO | Chunker | Created 1 chunks for section 10.20
2026-07-29 11:07:01,996 | INFO | DGFTKnowledgePipeline | Processing HBP2023_Chapter01.pdf
2026-07-29 11:07:01,997 | INFO | PDFLoader | Loading PDF C:\Users\mabis\OneDrive\Documents\New folder\dekai-dgft-parser\input\pdf\HBP2023_Chapter01.pdf
2026-07-29 11:07:03,327 | INFO | PDFLoader | Loaded 7 pages from HBP2023_Chapter01.pdf
2026-07-29 11:07:03,341 | INFO | TextCleaner | Cleaned 7 pages
2026-07-29 11:07:03,348 | INFO | RuleExtractor | Extracted 12 section drafts from HBP2023_Chapter01.pdf
2026-07-29 11:07:03,568 | INFO | Chunker | Created 1 chunks for section 1.01
2026-07-29 11:07:03,607 | INFO | Chunker | Created 1 chunks for section 1.02
2026-07-29 11:07:03,643 | INFO | Chunker | Created 1 chunks for section 1.03
2026-07-29 11:07:03,692 | INFO | Chunker | Created 2 chunks for section 1.04
2026-07-29 11:07:03,734 | INFO | Chunker | Created 1 chunks for section 1.05
2026-07-29 11:07:03,777 | INFO | Chunker | Created 1 chunks for section 1.06
2026-07-29 11:07:03,840 | INFO | Chunker | Created 1 chunks for section 1.07
2026-07-29 11:07:03,885 | INFO | Chunker | Created 1 chunks for section 1.08
2026-07-29 11:07:03,933 | INFO | Chunker | Created 1 chunks for section 1.09
2026-07-29 11:07:03,980 | INFO | Chunker | Created 1 chunks for section 1.10
2026-07-29 11:07:04,047 | INFO | Chunker | Created 1 chunks for section 1.11
2026-07-29 11:07:04,108 | INFO | Chunker | Created 1 chunks for section 1.12
2026-07-29 11:07:04,116 | INFO | DGFTKnowledgePipeline | Processing HBP Chapter 2.pdf
2026-07-29 11:07:04,117 | INFO | PDFLoader | Loading PDF C:\Users\mabis\OneDrive\Documents\New folder\dekai-dgft-parser\input\pdf\HBP Chapter 2.pdf
2026-07-29 11:07:22,024 | INFO | PDFLoader | Loaded 52 pages from HBP Chapter 2.pdf
2026-07-29 11:07:22,205 | INFO | TextCleaner | Cleaned 52 pages
2026-07-29 11:07:22,312 | INFO | RuleExtractor | Extracted 99 section drafts from HBP Chapter 2.pdf
2026-07-29 11:07:24,294 | INFO | Chunker | Created 1 chunks for section 2.00
2026-07-29 11:07:24,329 | INFO | Chunker | Created 1 chunks for section 2.01
2026-07-29 11:07:24,365 | INFO | Chunker | Created 1 chunks for section 2.02
2026-07-29 11:07:24,404 | INFO | Chunker | Created 1 chunks for section 2.03
2026-07-29 11:07:24,439 | INFO | Chunker | Created 1 chunks for section 2.04
2026-07-29 11:07:24,501 | INFO | Chunker | Created 1 chunks for section 2.05
2026-07-29 11:07:24,557 | INFO | Chunker | Created 1 chunks for section 2.06
2026-07-29 11:07:24,627 | INFO | Chunker | Created 1 chunks for section 2.07
2026-07-29 11:07:24,700 | INFO | Chunker | Created 1 chunks for section 2.08
2026-07-29 11:07:24,750 | INFO | Chunker | Created 1 chunks for section 2.09
2026-07-29 11:07:24,831 | INFO | Chunker | Created 1 chunks for section 2.10
2026-07-29 11:07:24,917 | INFO | Chunker | Created 1 chunks for section 2.11
2026-07-29 11:07:24,998 | INFO | Chunker | Created 1 chunks for section 2.12
2026-07-29 11:07:25,061 | INFO | Chunker | Created 1 chunks for section 2.13
2026-07-29 11:07:25,146 | INFO | Chunker | Created 1 chunks for section 2.14
2026-07-29 11:07:25,196 | INFO | Chunker | Created 1 chunks for section 2.15
2026-07-29 11:07:25,263 | INFO | Chunker | Created 1 chunks for section 2.16
2026-07-29 11:07:25,311 | INFO | Chunker | Created 1 chunks for section 2.17
2026-07-29 11:07:25,380 | INFO | Chunker | Created 1 chunks for section 2.18
2026-07-29 11:07:25,439 | INFO | Chunker | Created 1 chunks for section 2.19
2026-07-29 11:07:25,510 | INFO | Chunker | Created 1 chunks for section 2.20
2026-07-29 11:07:25,551 | INFO | Chunker | Created 1 chunks for section 2.21
2026-07-29 11:07:25,623 | INFO | Chunker | Created 1 chunks for section 2.22
2026-07-29 11:07:25,705 | INFO | Chunker | Created 1 chunks for section 2.23
2026-07-29 11:07:26,424 | INFO | Chunker | Created 1 chunks for section 2.24
2026-07-29 11:07:26,461 | INFO | Chunker | Created 1 chunks for section 2.25
2026-07-29 11:07:26,494 | INFO | Chunker | Created 1 chunks for section 2.26
2026-07-29 11:07:26,529 | INFO | Chunker | Created 1 chunks for section 2.27
2026-07-29 11:07:26,559 | INFO | Chunker | Created 1 chunks for section 2.28
2026-07-29 11:07:26,624 | INFO | Chunker | Created 1 chunks for section 2.29
2026-07-29 11:07:26,708 | INFO | Chunker | Created 1 chunks for section 2.29
2026-07-29 11:07:26,763 | INFO | Chunker | Created 1 chunks for section 2.30
2026-07-29 11:07:26,797 | INFO | Chunker | Created 1 chunks for section 2.31
2026-07-29 11:07:26,831 | INFO | Chunker | Created 1 chunks for section 2.32
2026-07-29 11:07:26,884 | INFO | Chunker | Created 1 chunks for section 2.33
2026-07-29 11:07:26,942 | INFO | Chunker | Created 1 chunks for section 2.34
2026-07-29 11:07:27,010 | INFO | Chunker | Created 1 chunks for section 2.35
2026-07-29 11:07:27,138 | INFO | Chunker | Created 1 chunks for section 2.36
2026-07-29 11:07:27,277 | INFO | Chunker | Created 1 chunks for section 2.37
2026-07-29 11:07:27,341 | INFO | Chunker | Created 1 chunks for section 2.38
2026-07-29 11:07:27,404 | INFO | Chunker | Created 1 chunks for section 2.39
2026-07-29 11:07:27,536 | INFO | Chunker | Created 1 chunks for section 2.40
2026-07-29 11:07:27,601 | INFO | Chunker | Created 1 chunks for section 2.41
2026-07-29 11:07:27,657 | INFO | Chunker | Created 1 chunks for section 2.42
2026-07-29 11:07:27,752 | INFO | Chunker | Created 1 chunks for section 2.43
2026-07-29 11:07:27,813 | INFO | Chunker | Created 1 chunks for section 2.44
2026-07-29 11:07:27,860 | INFO | Chunker | Created 1 chunks for section 2.45
2026-07-29 11:07:27,945 | INFO | Chunker | Created 1 chunks for section 2.46
2026-07-29 11:07:28,499 | INFO | Chunker | Created 1 chunks for section 2.47
2026-07-29 11:07:28,564 | INFO | Chunker | Created 1 chunks for section 2.48
2026-07-29 11:07:28,643 | INFO | Chunker | Created 1 chunks for section 2.49
2026-07-29 11:07:28,683 | INFO | Chunker | Created 1 chunks for section 2.50
2026-07-29 11:07:28,873 | INFO | Chunker | Created 3 chunks for section 2.51
2026-07-29 11:07:29,027 | INFO | Chunker | Created 1 chunks for section 2.52
2026-07-29 11:07:29,111 | INFO | Chunker | Created 1 chunks for section 2.53
2026-07-29 11:07:29,148 | INFO | Chunker | Created 1 chunks for section 2.54
2026-07-29 11:07:29,179 | INFO | Chunker | Created 1 chunks for section 2.55
2026-07-29 11:07:29,226 | INFO | Chunker | Created 1 chunks for section 2.56
2026-07-29 11:07:29,278 | INFO | Chunker | Created 1 chunks for section 2.57
2026-07-29 11:07:29,336 | INFO | Chunker | Created 1 chunks for section 2.58
2026-07-29 11:07:29,423 | INFO | Chunker | Created 1 chunks for section 2.59
2026-07-29 11:07:29,468 | INFO | Chunker | Created 1 chunks for section 2.60
2026-07-29 11:07:29,530 | INFO | Chunker | Created 1 chunks for section 2.61
2026-07-29 11:07:29,594 | INFO | Chunker | Created 1 chunks for section 2.62
2026-07-29 11:07:29,646 | INFO | Chunker | Created 1 chunks for section 2.63
2026-07-29 11:07:29,685 | INFO | Chunker | Created 1 chunks for section 2.64
2026-07-29 11:07:29,738 | INFO | Chunker | Created 1 chunks for section 2.65
2026-07-29 11:07:29,794 | INFO | Chunker | Created 1 chunks for section 2.66
2026-07-29 11:07:29,907 | INFO | Chunker | Created 1 chunks for section 2.67
2026-07-29 11:07:30,045 | INFO | Chunker | Created 1 chunks for section 2.68
2026-07-29 11:07:30,918 | INFO | Chunker | Created 1 chunks for section 2.69
2026-07-29 11:07:30,979 | INFO | Chunker | Created 1 chunks for section 2.70
2026-07-29 11:07:31,027 | INFO | Chunker | Created 1 chunks for section 2.71
2026-07-29 11:07:31,078 | INFO | Chunker | Created 1 chunks for section 2.72
2026-07-29 11:07:31,132 | INFO | Chunker | Created 1 chunks for section 2.73
2026-07-29 11:07:31,212 | INFO | Chunker | Created 1 chunks for section 2.74
2026-07-29 11:07:31,261 | INFO | Chunker | Created 1 chunks for section 2.75
2026-07-29 11:07:31,329 | INFO | Chunker | Created 2 chunks for section 2.76
2026-07-29 11:07:31,381 | INFO | Chunker | Created 1 chunks for section 2.77
2026-07-29 11:07:31,425 | INFO | Chunker | Created 1 chunks for section 2.78
2026-07-29 11:07:31,470 | INFO | Chunker | Created 1 chunks for section 2.79
2026-07-29 11:07:31,515 | INFO | Chunker | Created 1 chunks for section 2.80
2026-07-29 11:07:31,557 | INFO | Chunker | Created 1 chunks for section 2.81
2026-07-29 11:07:31,624 | INFO | Chunker | Created 1 chunks for section 2.82
2026-07-29 11:07:31,681 | INFO | Chunker | Created 1 chunks for section 2.83
2026-07-29 11:07:31,766 | INFO | Chunker | Created 1 chunks for section 2.84
2026-07-29 11:07:31,855 | INFO | Chunker | Created 1 chunks for section 2.85
2026-07-29 11:07:31,933 | INFO | Chunker | Created 1 chunks for section 2.86
2026-07-29 11:07:32,018 | INFO | Chunker | Created 1 chunks for section 2.87
2026-07-29 11:07:32,091 | INFO | Chunker | Created 1 chunks for section 2.88
2026-07-29 11:07:32,179 | INFO | Chunker | Created 1 chunks for section 2.89
2026-07-29 11:07:32,303 | INFO | Chunker | Created 1 chunks for section 2.90
2026-07-29 11:07:32,538 | INFO | Chunker | Created 1 chunks for section 2.91
2026-07-29 11:07:33,235 | INFO | Chunker | Created 10 chunks for section 2.92
2026-07-29 11:07:33,314 | INFO | Chunker | Created 2 chunks for section 2.93
2026-07-29 11:07:33,357 | INFO | Chunker | Created 1 chunks for section 2.94
2026-07-29 11:07:33,390 | INFO | Chunker | Created 1 chunks for section 2.95
2026-07-29 11:07:33,431 | INFO | Chunker | Created 1 chunks for section 2.96
2026-07-29 11:07:33,485 | INFO | Chunker | Created 1 chunks for section 2.97
2026-07-29 11:07:33,490 | INFO | DGFTKnowledgePipeline | Processing HBP2023_Chapter03.pdf
2026-07-29 11:07:33,490 | INFO | PDFLoader | Loading PDF C:\Users\mabis\OneDrive\Documents\New folder\dekai-dgft-parser\input\pdf\HBP2023_Chapter03.pdf
2026-07-29 11:07:34,509 | INFO | PDFLoader | Loaded 6 pages from HBP2023_Chapter03.pdf
2026-07-29 11:07:34,542 | INFO | TextCleaner | Cleaned 6 pages
2026-07-29 11:07:34,557 | INFO | RuleExtractor | Extracted 8 section drafts from HBP2023_Chapter03.pdf
2026-07-29 11:07:34,705 | INFO | Chunker | Created 1 chunks for section 3.01
2026-07-29 11:07:34,754 | INFO | Chunker | Created 1 chunks for section 3.02
2026-07-29 11:07:35,430 | INFO | Chunker | Created 2 chunks for section 3.03
2026-07-29 11:07:35,469 | INFO | Chunker | Created 1 chunks for section 3.05
2026-07-29 11:07:35,509 | INFO | Chunker | Created 1 chunks for section 3.06
2026-07-29 11:07:35,617 | INFO | Chunker | Created 1 chunks for section 3.07
2026-07-29 11:07:35,668 | INFO | Chunker | Created 1 chunks for section 3.08
2026-07-29 11:07:35,718 | INFO | Chunker | Created 1 chunks for section 3.09
2026-07-29 11:07:35,721 | INFO | DGFTKnowledgePipeline | Processing HBP2023_Chapter04+as+on+20.04.2026.pdf
2026-07-29 11:07:35,723 | INFO | PDFLoader | Loading PDF C:\Users\mabis\OneDrive\Documents\New folder\dekai-dgft-parser\input\pdf\HBP2023_Chapter04+as+on+20.04.2026.pdf
2026-07-29 11:07:49,159 | INFO | PDFLoader | Loaded 58 pages from HBP2023_Chapter04+as+on+20.04.2026.pdf
2026-07-29 11:07:49,372 | INFO | TextCleaner | Cleaned 58 pages
2026-07-29 11:07:49,462 | INFO | RuleExtractor | Extracted 99 section drafts from HBP2023_Chapter04+as+on+20.04.2026.pdf
2026-07-29 11:07:51,293 | INFO | Chunker | Created 1 chunks for section 4.01
2026-07-29 11:07:51,356 | INFO | Chunker | Created 1 chunks for section 4.02
2026-07-29 11:07:51,396 | INFO | Chunker | Created 1 chunks for section 4.03
2026-07-29 11:07:51,438 | INFO | Chunker | Created 1 chunks for section 4.04
2026-07-29 11:07:51,510 | INFO | Chunker | Created 1 chunks for section 4.05
2026-07-29 11:07:51,596 | INFO | Chunker | Created 2 chunks for section 4.06
2026-07-29 11:07:51,720 | INFO | Chunker | Created 1 chunks for section 4.07
2026-07-29 11:07:51,843 | INFO | Chunker | Created 1 chunks for section 4.08
2026-07-29 11:07:51,994 | INFO | Chunker | Created 1 chunks for section 4.09
2026-07-29 11:07:52,071 | INFO | Chunker | Created 1 chunks for section 4.10
2026-07-29 11:07:52,584 | INFO | Chunker | Created 1 chunks for section 4.11
2026-07-29 11:07:52,678 | INFO | Chunker | Created 1 chunks for section 4.12
2026-07-29 11:07:52,746 | INFO | Chunker | Created 1 chunks for section 4.13
2026-07-29 11:07:52,807 | INFO | Chunker | Created 1 chunks for section 4.14
2026-07-29 11:07:52,873 | INFO | Chunker | Created 1 chunks for section 4.15
2026-07-29 11:07:52,955 | INFO | Chunker | Created 1 chunks for section 4.16
2026-07-29 11:07:53,016 | INFO | Chunker | Created 1 chunks for section 4.17
2026-07-29 11:07:53,060 | INFO | Chunker | Created 1 chunks for section 4.18
2026-07-29 11:07:53,104 | INFO | Chunker | Created 1 chunks for section 4.19
2026-07-29 11:07:53,161 | INFO | Chunker | Created 1 chunks for section 4.20
2026-07-29 11:07:53,231 | INFO | Chunker | Created 1 chunks for section 4.21
2026-07-29 11:07:53,381 | INFO | Chunker | Created 1 chunks for section 4.22
2026-07-29 11:07:53,425 | INFO | Chunker | Created 1 chunks for section 4.23
2026-07-29 11:07:53,471 | INFO | Chunker | Created 1 chunks for section 4.24
2026-07-29 11:07:53,507 | INFO | Chunker | Created 1 chunks for section 4.25
2026-07-29 11:07:53,550 | INFO | Chunker | Created 1 chunks for section 4.26
2026-07-29 11:07:53,602 | INFO | Chunker | Created 1 chunks for section 4.27
2026-07-29 11:07:53,652 | INFO | Chunker | Created 1 chunks for section 4.28
2026-07-29 11:07:53,714 | INFO | Chunker | Created 1 chunks for section 4.29
2026-07-29 11:07:53,814 | INFO | Chunker | Created 1 chunks for section 4.30
2026-07-29 11:07:53,865 | INFO | Chunker | Created 1 chunks for section 4.31
2026-07-29 11:07:53,996 | INFO | Chunker | Created 1 chunks for section 4.32
2026-07-29 11:07:54,158 | INFO | Chunker | Created 1 chunks for section 4.33
2026-07-29 11:07:54,726 | INFO | Chunker | Created 1 chunks for section 4.34
2026-07-29 11:07:54,785 | INFO | Chunker | Created 2 chunks for section 4.35
2026-07-29 11:07:54,850 | INFO | Chunker | Created 1 chunks for section 4.36
2026-07-29 11:07:54,908 | INFO | Chunker | Created 1 chunks for section 4.37
2026-07-29 11:07:54,954 | INFO | Chunker | Created 1 chunks for section 4.38
2026-07-29 11:07:55,009 | INFO | Chunker | Created 1 chunks for section 4.39
2026-07-29 11:07:55,134 | INFO | Chunker | Created 2 chunks for section 4.40
2026-07-29 11:07:55,174 | INFO | Chunker | Created 1 chunks for section 4.41
2026-07-29 11:07:55,225 | INFO | Chunker | Created 1 chunks for section 4.42
2026-07-29 11:07:55,350 | INFO | Chunker | Created 1 chunks for section 4.43
2026-07-29 11:07:55,447 | INFO | Chunker | Created 1 chunks for section 4.44
2026-07-29 11:07:55,537 | INFO | Chunker | Created 1 chunks for section 4.45
2026-07-29 11:07:55,588 | INFO | Chunker | Created 1 chunks for section 4.46
2026-07-29 11:07:55,670 | INFO | Chunker | Created 1 chunks for section 4.47
2026-07-29 11:07:55,755 | INFO | Chunker | Created 1 chunks for section 4.48
2026-07-29 11:07:55,919 | INFO | Chunker | Created 2 chunks for section 4.49
2026-07-29 11:07:56,099 | INFO | Chunker | Created 1 chunks for section 4.50
2026-07-29 11:07:56,153 | INFO | Chunker | Created 1 chunks for section 4.51
2026-07-29 11:07:56,197 | INFO | Chunker | Created 1 chunks for section 4.52
2026-07-29 11:07:56,262 | INFO | Chunker | Created 1 chunks for section 4.53
2026-07-29 11:07:56,833 | INFO | Chunker | Created 1 chunks for section 4.54
2026-07-29 11:07:56,887 | INFO | Chunker | Created 1 chunks for section 4.55
2026-07-29 11:07:56,931 | INFO | Chunker | Created 1 chunks for section 4.56
2026-07-29 11:07:56,964 | INFO | Chunker | Created 1 chunks for section 4.57
2026-07-29 11:07:57,022 | INFO | Chunker | Created 1 chunks for section 4.58
2026-07-29 11:07:57,054 | INFO | Chunker | Created 1 chunks for section 4.59
2026-07-29 11:07:57,101 | INFO | Chunker | Created 1 chunks for section 4.60
2026-07-29 11:07:57,159 | INFO | Chunker | Created 1 chunks for section 4.61
2026-07-29 11:07:57,208 | INFO | Chunker | Created 1 chunks for section 4.62
2026-07-29 11:07:57,261 | INFO | Chunker | Created 1 chunks for section 4.63
2026-07-29 11:07:57,299 | INFO | Chunker | Created 1 chunks for section 4.64
2026-07-29 11:07:57,346 | INFO | Chunker | Created 1 chunks for section 4.65
2026-07-29 11:07:57,384 | INFO | Chunker | Created 1 chunks for section 4.66
2026-07-29 11:07:57,455 | INFO | Chunker | Created 1 chunks for section 4.67
2026-07-29 11:07:57,526 | INFO | Chunker | Created 1 chunks for section 4.68
2026-07-29 11:07:57,594 | INFO | Chunker | Created 1 chunks for section 4.69
2026-07-29 11:07:57,664 | INFO | Chunker | Created 1 chunks for section 4.70
2026-07-29 11:07:57,752 | INFO | Chunker | Created 1 chunks for section 4.71
2026-07-29 11:07:57,862 | INFO | Chunker | Created 1 chunks for section 4.72
2026-07-29 11:07:57,978 | INFO | Chunker | Created 1 chunks for section 4.73
2026-07-29 11:07:58,133 | INFO | Chunker | Created 1 chunks for section 4.74
2026-07-29 11:07:58,220 | INFO | Chunker | Created 1 chunks for section 4.75
2026-07-29 11:07:58,319 | INFO | Chunker | Created 1 chunks for section 4.76
2026-07-29 11:07:58,996 | INFO | Chunker | Created 1 chunks for section 4.77
2026-07-29 11:07:59,042 | INFO | Chunker | Created 1 chunks for section 4.78
2026-07-29 11:07:59,134 | INFO | Chunker | Created 2 chunks for section 4.79
2026-07-29 11:07:59,207 | INFO | Chunker | Created 1 chunks for section 4.80
2026-07-29 11:07:59,280 | INFO | Chunker | Created 1 chunks for section 4.81
2026-07-29 11:07:59,350 | INFO | Chunker | Created 1 chunks for section 4.82
2026-07-29 11:07:59,433 | INFO | Chunker | Created 1 chunks for section 4.83
2026-07-29 11:07:59,526 | INFO | Chunker | Created 1 chunks for section 4.84
2026-07-29 11:07:59,565 | INFO | Chunker | Created 1 chunks for section 4.85
2026-07-29 11:07:59,629 | INFO | Chunker | Created 1 chunks for section 4.86
2026-07-29 11:07:59,710 | INFO | Chunker | Created 1 chunks for section 4.87
2026-07-29 11:07:59,773 | INFO | Chunker | Created 1 chunks for section 4.88
2026-07-29 11:07:59,818 | INFO | Chunker | Created 1 chunks for section 4.89
2026-07-29 11:07:59,882 | INFO | Chunker | Created 1 chunks for section 4.90
2026-07-29 11:07:59,924 | INFO | Chunker | Created 1 chunks for section 4.91
2026-07-29 11:07:59,970 | INFO | Chunker | Created 1 chunks for section 4.92
2026-07-29 11:08:00,036 | INFO | Chunker | Created 1 chunks for section 4.93
2026-07-29 11:08:00,178 | INFO | Chunker | Created 2 chunks for section 4.94
2026-07-29 11:08:00,278 | INFO | Chunker | Created 1 chunks for section 4.95
2026-07-29 11:08:00,375 | INFO | Chunker | Created 1 chunks for section 4.96
2026-07-29 11:08:00,437 | INFO | Chunker | Created 1 chunks for section 4.97
2026-07-29 11:08:00,507 | INFO | Chunker | Created 1 chunks for section 4.98
2026-07-29 11:08:00,598 | INFO | Chunker | Created 1 chunks for section 4.99
2026-07-29 11:08:00,609 | INFO | DGFTKnowledgePipeline | Processing HBP2023_Chapter05.pdf
2026-07-29 11:08:00,610 | INFO | PDFLoader | Loading PDF C:\Users\mabis\OneDrive\Documents\New folder\dekai-dgft-parser\input\pdf\HBP2023_Chapter05.pdf
2026-07-29 11:08:04,118 | INFO | PDFLoader | Loaded 15 pages from HBP2023_Chapter05.pdf
2026-07-29 11:08:04,163 | INFO | TextCleaner | Cleaned 15 pages
2026-07-29 11:08:04,181 | INFO | RuleExtractor | Extracted 25 section drafts from HBP2023_Chapter05.pdf
2026-07-29 11:08:04,506 | INFO | Chunker | Created 1 chunks for section 5.01
2026-07-29 11:08:04,563 | INFO | Chunker | Created 1 chunks for section 5.02
2026-07-29 11:08:04,615 | INFO | Chunker | Created 1 chunks for section 5.03
2026-07-29 11:08:04,677 | INFO | Chunker | Created 1 chunks for section 5.04
2026-07-29 11:08:04,732 | INFO | Chunker | Created 1 chunks for section 5.05
2026-07-29 11:08:04,848 | INFO | Chunker | Created 1 chunks for section 5.06
2026-07-29 11:08:04,935 | INFO | Chunker | Created 1 chunks for section 5.07
2026-07-29 11:08:05,039 | INFO | Chunker | Created 1 chunks for section 5.08
2026-07-29 11:08:05,094 | INFO | Chunker | Created 1 chunks for section 5.09
2026-07-29 11:08:05,192 | INFO | Chunker | Created 1 chunks for section 5.10
2026-07-29 11:08:05,784 | INFO | Chunker | Created 1 chunks for section 5.11
2026-07-29 11:08:05,833 | INFO | Chunker | Created 1 chunks for section 5.12
2026-07-29 11:08:05,985 | INFO | Chunker | Created 2 chunks for section 5.13
2026-07-29 11:08:06,094 | INFO | Chunker | Created 1 chunks for section 5.14
2026-07-29 11:08:06,203 | INFO | Chunker | Created 1 chunks for section 5.16
2026-07-29 11:08:06,261 | INFO | Chunker | Created 1 chunks for section 5.17
2026-07-29 11:08:06,315 | INFO | Chunker | Created 1 chunks for section 5.18
2026-07-29 11:08:06,373 | INFO | Chunker | Created 1 chunks for section 5.19
2026-07-29 11:08:06,437 | INFO | Chunker | Created 1 chunks for section 5.20
2026-07-29 11:08:06,507 | INFO | Chunker | Created 1 chunks for section 5.21
2026-07-29 11:08:06,579 | INFO | Chunker | Created 1 chunks for section 5.22
2026-07-29 11:08:06,674 | INFO | Chunker | Created 1 chunks for section 5.23
2026-07-29 11:08:06,749 | INFO | Chunker | Created 1 chunks for section 5.24
2026-07-29 11:08:06,900 | INFO | Chunker | Created 1 chunks for section 5.25
2026-07-29 11:08:07,028 | INFO | Chunker | Created 1 chunks for section 5.26
2026-07-29 11:08:07,034 | INFO | DGFTKnowledgePipeline | Processing HBP-Chapter-6.pdf
2026-07-29 11:08:07,035 | INFO | PDFLoader | Loading PDF C:\Users\mabis\OneDrive\Documents\New folder\dekai-dgft-parser\input\pdf\HBP-Chapter-6.pdf
2026-07-29 11:08:11,334 | INFO | PDFLoader | Loaded 24 pages from HBP-Chapter-6.pdf
2026-07-29 11:08:11,384 | INFO | TextCleaner | Cleaned 24 pages
2026-07-29 11:08:11,409 | INFO | RuleExtractor | Extracted 41 section drafts from HBP-Chapter-6.pdf
2026-07-29 11:08:11,837 | INFO | Chunker | Created 1 chunks for section 6.00
2026-07-29 11:08:11,909 | INFO | Chunker | Created 2 chunks for section 6.01
2026-07-29 11:08:11,953 | INFO | Chunker | Created 1 chunks for section 6.02
2026-07-29 11:08:12,012 | INFO | Chunker | Created 1 chunks for section 6.03
2026-07-29 11:08:12,712 | INFO | Chunker | Created 1 chunks for section 6.04
2026-07-29 11:08:12,767 | INFO | Chunker | Created 1 chunks for section 6.05
2026-07-29 11:08:12,848 | INFO | Chunker | Created 1 chunks for section 6.06
2026-07-29 11:08:12,996 | INFO | Chunker | Created 1 chunks for section 6.07
2026-07-29 11:08:13,066 | INFO | Chunker | Created 1 chunks for section 6.08
2026-07-29 11:08:13,115 | INFO | Chunker | Created 1 chunks for section 6.09
2026-07-29 11:08:13,213 | INFO | Chunker | Created 1 chunks for section 6.10
2026-07-29 11:08:13,302 | INFO | Chunker | Created 1 chunks for section 6.11
2026-07-29 11:08:13,349 | INFO | Chunker | Created 1 chunks for section 6.12
2026-07-29 11:08:13,420 | INFO | Chunker | Created 1 chunks for section 6.13
2026-07-29 11:08:13,484 | INFO | Chunker | Created 1 chunks for section 6.14
2026-07-29 11:08:13,558 | INFO | Chunker | Created 1 chunks for section 6.15
2026-07-29 11:08:13,660 | INFO | Chunker | Created 1 chunks for section 6.16
2026-07-29 11:08:13,747 | INFO | Chunker | Created 1 chunks for section 6.17
2026-07-29 11:08:13,822 | INFO | Chunker | Created 1 chunks for section 6.18
2026-07-29 11:08:13,899 | INFO | Chunker | Created 1 chunks for section 6.19
2026-07-29 11:08:14,004 | INFO | Chunker | Created 2 chunks for section 6.20
2026-07-29 11:08:14,143 | INFO | Chunker | Created 1 chunks for section 6.22
2026-07-29 11:08:14,279 | INFO | Chunker | Created 1 chunks for section 6.23
2026-07-29 11:08:14,930 | INFO | Chunker | Created 1 chunks for section 6.24
2026-07-29 11:08:14,992 | INFO | Chunker | Created 1 chunks for section 6.25
2026-07-29 11:08:15,029 | INFO | Chunker | Created 1 chunks for section 6.26
2026-07-29 11:08:15,083 | INFO | Chunker | Created 1 chunks for section 6.27
2026-07-29 11:08:15,138 | INFO | Chunker | Created 1 chunks for section 6.28
2026-07-29 11:08:15,215 | INFO | Chunker | Created 1 chunks for section 6.29
2026-07-29 11:08:15,274 | INFO | Chunker | Created 1 chunks for section 6.30
2026-07-29 11:08:15,314 | INFO | Chunker | Created 1 chunks for section 6.31
2026-07-29 11:08:15,362 | INFO | Chunker | Created 1 chunks for section 6.32
2026-07-29 11:08:15,425 | INFO | Chunker | Created 1 chunks for section 6.33
2026-07-29 11:08:15,519 | INFO | Chunker | Created 1 chunks for section 6.34
2026-07-29 11:08:15,582 | INFO | Chunker | Created 1 chunks for section 6.35
2026-07-29 11:08:15,707 | INFO | Chunker | Created 1 chunks for section 6.36
2026-07-29 11:08:15,825 | INFO | Chunker | Created 1 chunks for section 6.37
2026-07-29 11:08:15,922 | INFO | Chunker | Created 1 chunks for section 6.38
2026-07-29 11:08:16,037 | INFO | Chunker | Created 1 chunks for section 6.39
2026-07-29 11:08:16,177 | INFO | Chunker | Created 1 chunks for section 6.40
2026-07-29 11:08:16,279 | INFO | Chunker | Created 1 chunks for section 6.41
2026-07-29 11:08:16,297 | INFO | DGFTKnowledgePipeline | Processing Chapter-7-of-HBP-2023.pdf
2026-07-29 11:08:16,300 | INFO | PDFLoader | Loading PDF C:\Users\mabis\OneDrive\Documents\New folder\dekai-dgft-parser\input\pdf\Chapter-7-of-HBP-2023.pdf
2026-07-29 11:08:17,511 | INFO | PDFLoader | Loaded 6 pages from Chapter-7-of-HBP-2023.pdf
2026-07-29 11:08:17,522 | INFO | TextCleaner | Cleaned 6 pages
2026-07-29 11:08:17,528 | INFO | RuleExtractor | Extracted 12 section drafts from Chapter-7-of-HBP-2023.pdf
2026-07-29 11:08:17,664 | INFO | Chunker | Created 1 chunks for section 7.00
2026-07-29 11:08:17,715 | INFO | Chunker | Created 1 chunks for section 7.01
2026-07-29 11:08:17,775 | INFO | Chunker | Created 1 chunks for section 7.02
2026-07-29 11:08:17,855 | INFO | Chunker | Created 1 chunks for section 7.03
2026-07-29 11:08:17,901 | INFO | Chunker | Created 1 chunks for section 7.04
2026-07-29 11:08:17,956 | INFO | Chunker | Created 1 chunks for section 7.05
2026-07-29 11:08:18,001 | INFO | Chunker | Created 1 chunks for section 7.06
2026-07-29 11:08:18,046 | INFO | Chunker | Created 1 chunks for section 7.07
2026-07-29 11:08:18,109 | INFO | Chunker | Created 1 chunks for section 7.08
2026-07-29 11:08:18,174 | INFO | Chunker | Created 1 chunks for section 7.09
2026-07-29 11:08:18,256 | INFO | Chunker | Created 1 chunks for section 7.10
2026-07-29 11:08:18,329 | INFO | Chunker | Created 1 chunks for section 7.11
2026-07-29 11:08:18,336 | INFO | DGFTKnowledgePipeline | Processing Chapter+10+HBP+(19.05.2026).pdf
2026-07-29 11:08:18,346 | INFO | PDFLoader | Loading PDF C:\Users\mabis\OneDrive\Documents\New folder\dekai-dgft-parser\input\pdf\Chapter+10+HBP+(19.05.2026).pdf
2026-07-29 11:08:26,954 | INFO | PDFLoader | Loaded 48 pages from Chapter+10+HBP+(19.05.2026).pdf
2026-07-29 11:08:27,056 | INFO | TextCleaner | Cleaned 48 pages
2026-07-29 11:08:27,108 | INFO | RuleExtractor | Extracted 21 section drafts from Chapter+10+HBP+(19.05.2026).pdf
2026-07-29 11:08:27,900 | INFO | Chunker | Created 1 chunks for section 10.00
2026-07-29 11:08:27,949 | INFO | Chunker | Created 1 chunks for section 10.01
2026-07-29 11:08:28,040 | INFO | Chunker | Created 1 chunks for section 10.02
2026-07-29 11:08:28,133 | INFO | Chunker | Created 1 chunks for section 10.03
2026-07-29 11:08:28,245 | INFO | Chunker | Created 1 chunks for section 10.04
2026-07-29 11:08:28,343 | INFO | Chunker | Created 1 chunks for section 10.05
2026-07-29 11:08:28,965 | INFO | Chunker | Created 1 chunks for section 10.06
2026-07-29 11:08:29,001 | INFO | Chunker | Created 1 chunks for section 10.07
2026-07-29 11:08:29,048 | INFO | Chunker | Created 1 chunks for section 10.08
2026-07-29 11:08:29,285 | INFO | Chunker | Created 5 chunks for section 10.09
2026-07-29 11:08:29,377 | INFO | Chunker | Created 1 chunks for section 10.11
2026-07-29 11:08:29,599 | INFO | Chunker | Created 8 chunks for section 10.12
2026-07-29 11:08:29,742 | INFO | Chunker | Created 2 chunks for section 10.13
2026-07-29 11:08:29,816 | INFO | Chunker | Created 1 chunks for section 10.14
2026-07-29 11:08:29,880 | INFO | Chunker | Created 1 chunks for section 10.15
2026-07-29 11:08:30,132 | INFO | Chunker | Created 11 chunks for section 10.15
2026-07-29 11:08:30,289 | INFO | Chunker | Created 7 chunks for section 10.16
2026-07-29 11:08:30,384 | INFO | Chunker | Created 2 chunks for section 10.17
2026-07-29 11:08:30,461 | INFO | Chunker | Created 1 chunks for section 10.18
2026-07-29 11:08:31,165 | INFO | Chunker | Created 4 chunks for section 10.19
2026-07-29 11:08:31,270 | INFO | Chunker | Created 1 chunks for section 10.20
2026-07-29 11:10:18,767 | INFO | httpx | HTTP Request: GET http://testserver/api/documents "HTTP/1.1 200 OK"
2026-07-29 11:11:05,017 | INFO | httpx | HTTP Request: GET http://testserver/api/documents "HTTP/1.1 200 OK"
2026-07-29 11:11:42,061 | INFO | DGFTKnowledgePipeline | Processing HBP2023_Chapter01.pdf
2026-07-29 11:11:42,062 | INFO | PDFLoader | Loading PDF C:\Users\mabis\OneDrive\Documents\New folder\dekai-dgft-parser\input\pdf\HBP2023_Chapter01.pdf
2026-07-29 11:11:43,054 | INFO | PDFLoader | Loaded 7 pages from HBP2023_Chapter01.pdf
2026-07-29 11:11:43,074 | INFO | TextCleaner | Cleaned 7 pages
2026-07-29 11:11:43,085 | INFO | RuleExtractor | Extracted 12 section drafts from HBP2023_Chapter01.pdf
2026-07-29 11:11:43,334 | INFO | Chunker | Created 1 chunks for section 1.01
2026-07-29 11:11:43,388 | INFO | Chunker | Created 1 chunks for section 1.02
2026-07-29 11:11:43,437 | INFO | Chunker | Created 1 chunks for section 1.03
2026-07-29 11:11:43,507 | INFO | Chunker | Created 2 chunks for section 1.04
2026-07-29 11:11:43,561 | INFO | Chunker | Created 1 chunks for section 1.05
2026-07-29 11:11:43,620 | INFO | Chunker | Created 1 chunks for section 1.06
2026-07-29 11:11:43,680 | INFO | Chunker | Created 1 chunks for section 1.07
2026-07-29 11:11:43,747 | INFO | Chunker | Created 1 chunks for section 1.08
2026-07-29 11:11:43,806 | INFO | Chunker | Created 1 chunks for section 1.09
2026-07-29 11:11:43,891 | INFO | Chunker | Created 1 chunks for section 1.10
2026-07-29 11:11:44,036 | INFO | Chunker | Created 1 chunks for section 1.11
2026-07-29 11:11:44,133 | INFO | Chunker | Created 1 chunks for section 1.12
2026-07-29 11:11:44,191 | INFO | DGFTKnowledgePipeline | Processing HBP Chapter 2.pdf
2026-07-29 11:11:44,191 | INFO | PDFLoader | Loading PDF C:\Users\mabis\OneDrive\Documents\New folder\dekai-dgft-parser\input\pdf\HBP Chapter 2.pdf
2026-07-29 11:11:53,398 | INFO | PDFLoader | Loaded 52 pages from HBP Chapter 2.pdf
2026-07-29 11:11:53,526 | INFO | TextCleaner | Cleaned 52 pages
2026-07-29 11:11:53,820 | INFO | RuleExtractor | Extracted 99 section drafts from HBP Chapter 2.pdf
2026-07-29 11:11:54,778 | INFO | Chunker | Created 1 chunks for section 2.00
2026-07-29 11:11:54,815 | INFO | Chunker | Created 1 chunks for section 2.01
2026-07-29 11:11:54,859 | INFO | Chunker | Created 1 chunks for section 2.02
2026-07-29 11:11:54,904 | INFO | Chunker | Created 1 chunks for section 2.03
2026-07-29 11:11:54,962 | INFO | Chunker | Created 1 chunks for section 2.04
2026-07-29 11:11:55,012 | INFO | Chunker | Created 1 chunks for section 2.05
2026-07-29 11:11:55,070 | INFO | Chunker | Created 1 chunks for section 2.06
2026-07-29 11:11:55,180 | INFO | Chunker | Created 1 chunks for section 2.07
2026-07-29 11:11:55,273 | INFO | Chunker | Created 1 chunks for section 2.08
2026-07-29 11:11:55,374 | INFO | Chunker | Created 1 chunks for section 2.09
2026-07-29 11:11:55,451 | INFO | Chunker | Created 1 chunks for section 2.10
2026-07-29 11:11:55,554 | INFO | Chunker | Created 1 chunks for section 2.11
2026-07-29 11:11:55,643 | INFO | Chunker | Created 1 chunks for section 2.12
2026-07-29 11:11:55,708 | INFO | Chunker | Created 1 chunks for section 2.13
2026-07-29 11:11:55,794 | INFO | Chunker | Created 1 chunks for section 2.14
2026-07-29 11:11:55,872 | INFO | Chunker | Created 1 chunks for section 2.15
2026-07-29 11:11:55,943 | INFO | Chunker | Created 1 chunks for section 2.16
2026-07-29 11:11:56,001 | INFO | Chunker | Created 1 chunks for section 2.17
2026-07-29 11:11:56,066 | INFO | Chunker | Created 1 chunks for section 2.18
2026-07-29 11:11:56,127 | INFO | Chunker | Created 1 chunks for section 2.19
2026-07-29 11:11:56,220 | INFO | Chunker | Created 1 chunks for section 2.20
2026-07-29 11:11:56,264 | INFO | Chunker | Created 1 chunks for section 2.21
2026-07-29 11:11:56,339 | INFO | Chunker | Created 1 chunks for section 2.22
2026-07-29 11:11:56,518 | INFO | Chunker | Created 1 chunks for section 2.23
2026-07-29 11:11:56,605 | INFO | Chunker | Created 1 chunks for section 2.24
2026-07-29 11:11:56,659 | INFO | Chunker | Created 1 chunks for section 2.25
2026-07-29 11:11:56,725 | INFO | Chunker | Created 1 chunks for section 2.26
2026-07-29 11:11:56,784 | INFO | Chunker | Created 1 chunks for section 2.27
2026-07-29 11:11:56,862 | INFO | Chunker | Created 1 chunks for section 2.28
2026-07-29 11:11:56,958 | INFO | Chunker | Created 1 chunks for section 2.29
2026-07-29 11:11:57,025 | INFO | Chunker | Created 1 chunks for section 2.29
2026-07-29 11:11:57,128 | INFO | Chunker | Created 1 chunks for section 2.30
2026-07-29 11:11:57,181 | INFO | Chunker | Created 1 chunks for section 2.31
2026-07-29 11:11:57,232 | INFO | Chunker | Created 1 chunks for section 2.32
2026-07-29 11:11:57,293 | INFO | Chunker | Created 1 chunks for section 2.33
2026-07-29 11:11:57,389 | INFO | Chunker | Created 1 chunks for section 2.34
2026-07-29 11:11:57,468 | INFO | Chunker | Created 1 chunks for section 2.35
2026-07-29 11:11:57,606 | INFO | Chunker | Created 1 chunks for section 2.36
2026-07-29 11:11:57,751 | INFO | Chunker | Created 1 chunks for section 2.37
2026-07-29 11:11:57,805 | INFO | Chunker | Created 1 chunks for section 2.38
2026-07-29 11:11:57,871 | INFO | Chunker | Created 1 chunks for section 2.39
2026-07-29 11:11:58,006 | INFO | Chunker | Created 1 chunks for section 2.40
2026-07-29 11:11:58,090 | INFO | Chunker | Created 1 chunks for section 2.41
2026-07-29 11:11:58,149 | INFO | Chunker | Created 1 chunks for section 2.42
2026-07-29 11:11:58,234 | INFO | Chunker | Created 1 chunks for section 2.43
2026-07-29 11:11:58,343 | INFO | Chunker | Created 1 chunks for section 2.44
2026-07-29 11:11:58,402 | INFO | Chunker | Created 1 chunks for section 2.45
2026-07-29 11:11:58,561 | INFO | Chunker | Created 1 chunks for section 2.46
2026-07-29 11:11:58,634 | INFO | Chunker | Created 1 chunks for section 2.47
2026-07-29 11:11:58,729 | INFO | Chunker | Created 1 chunks for section 2.48
2026-07-29 11:11:58,839 | INFO | Chunker | Created 1 chunks for section 2.49
2026-07-29 11:11:58,926 | INFO | Chunker | Created 1 chunks for section 2.50
2026-07-29 11:11:59,140 | INFO | Chunker | Created 3 chunks for section 2.51
2026-07-29 11:11:59,292 | INFO | Chunker | Created 1 chunks for section 2.52
2026-07-29 11:11:59,405 | INFO | Chunker | Created 1 chunks for section 2.53
2026-07-29 11:11:59,457 | INFO | Chunker | Created 1 chunks for section 2.54
2026-07-29 11:11:59,507 | INFO | Chunker | Created 1 chunks for section 2.55
2026-07-29 11:11:59,577 | INFO | Chunker | Created 1 chunks for section 2.56
2026-07-29 11:11:59,636 | INFO | Chunker | Created 1 chunks for section 2.57
2026-07-29 11:11:59,702 | INFO | Chunker | Created 1 chunks for section 2.58
2026-07-29 11:11:59,818 | INFO | Chunker | Created 1 chunks for section 2.59
2026-07-29 11:11:59,899 | INFO | Chunker | Created 1 chunks for section 2.60
2026-07-29 11:12:00,001 | INFO | Chunker | Created 1 chunks for section 2.61
2026-07-29 11:12:00,105 | INFO | Chunker | Created 1 chunks for section 2.62
2026-07-29 11:12:00,177 | INFO | Chunker | Created 1 chunks for section 2.63
2026-07-29 11:12:00,252 | INFO | Chunker | Created 1 chunks for section 2.64
2026-07-29 11:12:00,326 | INFO | Chunker | Created 1 chunks for section 2.65
2026-07-29 11:12:00,401 | INFO | Chunker | Created 1 chunks for section 2.66
2026-07-29 11:12:00,560 | INFO | Chunker | Created 1 chunks for section 2.67
2026-07-29 11:12:00,631 | INFO | Chunker | Created 1 chunks for section 2.68
2026-07-29 11:12:00,678 | INFO | Chunker | Created 1 chunks for section 2.69
2026-07-29 11:12:00,741 | INFO | Chunker | Created 1 chunks for section 2.70
2026-07-29 11:12:00,840 | INFO | Chunker | Created 1 chunks for section 2.71
2026-07-29 11:12:00,953 | INFO | Chunker | Created 1 chunks for section 2.72
2026-07-29 11:12:01,043 | INFO | Chunker | Created 1 chunks for section 2.73
2026-07-29 11:12:01,110 | INFO | Chunker | Created 1 chunks for section 2.74
2026-07-29 11:12:01,193 | INFO | Chunker | Created 1 chunks for section 2.75
2026-07-29 11:12:01,300 | INFO | Chunker | Created 2 chunks for section 2.76
2026-07-29 11:12:01,349 | INFO | Chunker | Created 1 chunks for section 2.77
2026-07-29 11:12:01,429 | INFO | Chunker | Created 1 chunks for section 2.78
2026-07-29 11:12:01,501 | INFO | Chunker | Created 1 chunks for section 2.79
2026-07-29 11:12:01,570 | INFO | Chunker | Created 1 chunks for section 2.80
2026-07-29 11:12:01,617 | INFO | Chunker | Created 1 chunks for section 2.81
2026-07-29 11:12:01,709 | INFO | Chunker | Created 1 chunks for section 2.82
2026-07-29 11:12:01,780 | INFO | Chunker | Created 1 chunks for section 2.83
2026-07-29 11:12:01,864 | INFO | Chunker | Created 1 chunks for section 2.84
2026-07-29 11:12:01,944 | INFO | Chunker | Created 1 chunks for section 2.85
2026-07-29 11:12:02,070 | INFO | Chunker | Created 1 chunks for section 2.86
2026-07-29 11:12:02,126 | INFO | Chunker | Created 1 chunks for section 2.87
2026-07-29 11:12:02,205 | INFO | Chunker | Created 1 chunks for section 2.88
2026-07-29 11:12:02,297 | INFO | Chunker | Created 1 chunks for section 2.89
2026-07-29 11:12:02,355 | INFO | Chunker | Created 1 chunks for section 2.90
2026-07-29 11:12:02,494 | INFO | Chunker | Created 1 chunks for section 2.91
2026-07-29 11:12:02,649 | INFO | Chunker | Created 10 chunks for section 2.92
2026-07-29 11:12:02,793 | INFO | Chunker | Created 2 chunks for section 2.93
2026-07-29 11:12:02,858 | INFO | Chunker | Created 1 chunks for section 2.94
2026-07-29 11:12:02,916 | INFO | Chunker | Created 1 chunks for section 2.95
2026-07-29 11:12:03,010 | INFO | Chunker | Created 1 chunks for section 2.96
2026-07-29 11:12:03,073 | INFO | Chunker | Created 1 chunks for section 2.97
2026-07-29 11:12:03,171 | INFO | DGFTKnowledgePipeline | Processing HBP2023_Chapter03.pdf
2026-07-29 11:12:03,171 | INFO | PDFLoader | Loading PDF C:\Users\mabis\OneDrive\Documents\New folder\dekai-dgft-parser\input\pdf\HBP2023_Chapter03.pdf
2026-07-29 11:12:04,278 | INFO | PDFLoader | Loaded 6 pages from HBP2023_Chapter03.pdf
2026-07-29 11:12:04,292 | INFO | TextCleaner | Cleaned 6 pages
2026-07-29 11:12:04,299 | INFO | RuleExtractor | Extracted 8 section drafts from HBP2023_Chapter03.pdf
2026-07-29 11:12:04,436 | INFO | Chunker | Created 1 chunks for section 3.01
2026-07-29 11:12:04,476 | INFO | Chunker | Created 1 chunks for section 3.02
2026-07-29 11:12:04,549 | INFO | Chunker | Created 2 chunks for section 3.03
2026-07-29 11:12:04,598 | INFO | Chunker | Created 1 chunks for section 3.05
2026-07-29 11:12:04,669 | INFO | Chunker | Created 1 chunks for section 3.06
2026-07-29 11:12:04,724 | INFO | Chunker | Created 1 chunks for section 3.07
2026-07-29 11:12:04,776 | INFO | Chunker | Created 1 chunks for section 3.08
2026-07-29 11:12:04,833 | INFO | Chunker | Created 1 chunks for section 3.09
2026-07-29 11:12:04,863 | INFO | DGFTKnowledgePipeline | Processing HBP2023_Chapter04+as+on+20.04.2026.pdf
2026-07-29 11:12:04,863 | INFO | PDFLoader | Loading PDF C:\Users\mabis\OneDrive\Documents\New folder\dekai-dgft-parser\input\pdf\HBP2023_Chapter04+as+on+20.04.2026.pdf
2026-07-29 11:12:16,283 | INFO | PDFLoader | Loaded 58 pages from HBP2023_Chapter04+as+on+20.04.2026.pdf
2026-07-29 11:12:16,423 | INFO | TextCleaner | Cleaned 58 pages
2026-07-29 11:12:16,506 | INFO | RuleExtractor | Extracted 99 section drafts from HBP2023_Chapter04+as+on+20.04.2026.pdf
2026-07-29 11:12:17,870 | INFO | Chunker | Created 1 chunks for section 4.01
2026-07-29 11:12:17,935 | INFO | Chunker | Created 1 chunks for section 4.02
2026-07-29 11:12:17,981 | INFO | Chunker | Created 1 chunks for section 4.03
2026-07-29 11:12:18,045 | INFO | Chunker | Created 1 chunks for section 4.04
2026-07-29 11:12:18,120 | INFO | Chunker | Created 1 chunks for section 4.05
2026-07-29 11:12:18,203 | INFO | Chunker | Created 2 chunks for section 4.06
2026-07-29 11:12:18,323 | INFO | Chunker | Created 1 chunks for section 4.07
2026-07-29 11:12:18,434 | INFO | Chunker | Created 1 chunks for section 4.08
2026-07-29 11:12:18,558 | INFO | Chunker | Created 1 chunks for section 4.09
2026-07-29 11:12:18,670 | INFO | Chunker | Created 1 chunks for section 4.10
2026-07-29 11:12:18,747 | INFO | Chunker | Created 1 chunks for section 4.11
2026-07-29 11:12:18,941 | INFO | Chunker | Created 1 chunks for section 4.12
2026-07-29 11:12:19,015 | INFO | Chunker | Created 1 chunks for section 4.13
2026-07-29 11:12:19,090 | INFO | Chunker | Created 1 chunks for section 4.14
2026-07-29 11:12:19,180 | INFO | Chunker | Created 1 chunks for section 4.15
2026-07-29 11:12:19,285 | INFO | Chunker | Created 1 chunks for section 4.16
2026-07-29 11:12:19,380 | INFO | Chunker | Created 1 chunks for section 4.17
2026-07-29 11:12:19,434 | INFO | Chunker | Created 1 chunks for section 4.18
2026-07-29 11:12:19,576 | INFO | Chunker | Created 1 chunks for section 4.19
2026-07-29 11:12:19,682 | INFO | Chunker | Created 1 chunks for section 4.20
2026-07-29 11:12:19,756 | INFO | Chunker | Created 1 chunks for section 4.21
2026-07-29 11:12:19,843 | INFO | Chunker | Created 1 chunks for section 4.22
2026-07-29 11:12:19,898 | INFO | Chunker | Created 1 chunks for section 4.23
2026-07-29 11:12:19,976 | INFO | Chunker | Created 1 chunks for section 4.24
2026-07-29 11:12:20,062 | INFO | Chunker | Created 1 chunks for section 4.25
2026-07-29 11:12:20,147 | INFO | Chunker | Created 1 chunks for section 4.26
2026-07-29 11:12:20,230 | INFO | Chunker | Created 1 chunks for section 4.27
2026-07-29 11:12:20,284 | INFO | Chunker | Created 1 chunks for section 4.28
2026-07-29 11:12:20,363 | INFO | Chunker | Created 1 chunks for section 4.29
2026-07-29 11:12:20,448 | INFO | Chunker | Created 1 chunks for section 4.30
2026-07-29 11:12:20,520 | INFO | Chunker | Created 1 chunks for section 4.31
2026-07-29 11:12:20,653 | INFO | Chunker | Created 1 chunks for section 4.32
2026-07-29 11:12:20,817 | INFO | Chunker | Created 1 chunks for section 4.33
2026-07-29 11:12:20,896 | INFO | Chunker | Created 1 chunks for section 4.34
2026-07-29 11:12:20,992 | INFO | Chunker | Created 2 chunks for section 4.35
2026-07-29 11:12:21,093 | INFO | Chunker | Created 1 chunks for section 4.36
2026-07-29 11:12:21,195 | INFO | Chunker | Created 1 chunks for section 4.37
2026-07-29 11:12:21,292 | INFO | Chunker | Created 1 chunks for section 4.38
2026-07-29 11:12:21,362 | INFO | Chunker | Created 1 chunks for section 4.39
2026-07-29 11:12:21,542 | INFO | Chunker | Created 2 chunks for section 4.40
2026-07-29 11:12:21,605 | INFO | Chunker | Created 1 chunks for section 4.41
2026-07-29 11:12:21,669 | INFO | Chunker | Created 1 chunks for section 4.42
2026-07-29 11:12:21,779 | INFO | Chunker | Created 1 chunks for section 4.43
2026-07-29 11:12:21,902 | INFO | Chunker | Created 1 chunks for section 4.44
2026-07-29 11:12:22,047 | INFO | Chunker | Created 1 chunks for section 4.45
2026-07-29 11:12:22,115 | INFO | Chunker | Created 1 chunks for section 4.46
2026-07-29 11:12:22,225 | INFO | Chunker | Created 1 chunks for section 4.47
2026-07-29 11:12:22,313 | INFO | Chunker | Created 1 chunks for section 4.48
2026-07-29 11:12:22,513 | INFO | Chunker | Created 2 chunks for section 4.49
2026-07-29 11:12:22,713 | INFO | Chunker | Created 1 chunks for section 4.50
2026-07-29 11:12:22,789 | INFO | Chunker | Created 1 chunks for section 4.51
2026-07-29 11:12:22,845 | INFO | Chunker | Created 1 chunks for section 4.52
2026-07-29 11:12:22,921 | INFO | Chunker | Created 1 chunks for section 4.53
2026-07-29 11:12:23,036 | INFO | Chunker | Created 1 chunks for section 4.54
2026-07-29 11:12:23,125 | INFO | Chunker | Created 1 chunks for section 4.55
2026-07-29 11:12:23,210 | INFO | Chunker | Created 1 chunks for section 4.56
2026-07-29 11:12:23,271 | INFO | Chunker | Created 1 chunks for section 4.57
2026-07-29 11:12:23,367 | INFO | Chunker | Created 1 chunks for section 4.58
2026-07-29 11:12:23,469 | INFO | Chunker | Created 1 chunks for section 4.59
2026-07-29 11:12:23,549 | INFO | Chunker | Created 1 chunks for section 4.60
2026-07-29 11:12:23,605 | INFO | Chunker | Created 1 chunks for section 4.61
2026-07-29 11:12:23,697 | INFO | Chunker | Created 1 chunks for section 4.62
2026-07-29 11:12:23,797 | INFO | Chunker | Created 1 chunks for section 4.63
2026-07-29 11:12:23,867 | INFO | Chunker | Created 1 chunks for section 4.64
2026-07-29 11:12:23,961 | INFO | Chunker | Created 1 chunks for section 4.65
2026-07-29 11:12:24,014 | INFO | Chunker | Created 1 chunks for section 4.66
2026-07-29 11:12:24,125 | INFO | Chunker | Created 1 chunks for section 4.67
2026-07-29 11:12:24,213 | INFO | Chunker | Created 1 chunks for section 4.68
2026-07-29 11:12:24,279 | INFO | Chunker | Created 1 chunks for section 4.69
2026-07-29 11:12:24,330 | INFO | Chunker | Created 1 chunks for section 4.70
2026-07-29 11:12:24,391 | INFO | Chunker | Created 1 chunks for section 4.71
2026-07-29 11:12:24,488 | INFO | Chunker | Created 1 chunks for section 4.72
2026-07-29 11:12:24,612 | INFO | Chunker | Created 1 chunks for section 4.73
2026-07-29 11:12:24,752 | INFO | Chunker | Created 1 chunks for section 4.74
2026-07-29 11:12:24,822 | INFO | Chunker | Created 1 chunks for section 4.75
2026-07-29 11:12:24,921 | INFO | Chunker | Created 1 chunks for section 4.76
2026-07-29 11:12:25,026 | INFO | Chunker | Created 1 chunks for section 4.77
2026-07-29 11:12:25,081 | INFO | Chunker | Created 1 chunks for section 4.78
2026-07-29 11:12:25,212 | INFO | Chunker | Created 2 chunks for section 4.79
2026-07-29 11:12:25,269 | INFO | Chunker | Created 1 chunks for section 4.80
2026-07-29 11:12:25,363 | INFO | Chunker | Created 1 chunks for section 4.81
2026-07-29 11:12:25,451 | INFO | Chunker | Created 1 chunks for section 4.82
2026-07-29 11:12:25,571 | INFO | Chunker | Created 1 chunks for section 4.83
2026-07-29 11:12:25,698 | INFO | Chunker | Created 1 chunks for section 4.84
2026-07-29 11:12:25,764 | INFO | Chunker | Created 1 chunks for section 4.85
2026-07-29 11:12:25,811 | INFO | Chunker | Created 1 chunks for section 4.86
2026-07-29 11:12:25,871 | INFO | Chunker | Created 1 chunks for section 4.87
2026-07-29 11:12:25,931 | INFO | Chunker | Created 1 chunks for section 4.88
2026-07-29 11:12:25,991 | INFO | Chunker | Created 1 chunks for section 4.89
2026-07-29 11:12:26,072 | INFO | Chunker | Created 1 chunks for section 4.90
2026-07-29 11:12:26,119 | INFO | Chunker | Created 1 chunks for section 4.91
2026-07-29 11:12:26,246 | INFO | Chunker | Created 1 chunks for section 4.92
2026-07-29 11:12:26,345 | INFO | Chunker | Created 1 chunks for section 4.93
2026-07-29 11:12:26,457 | INFO | Chunker | Created 2 chunks for section 4.94
2026-07-29 11:12:26,529 | INFO | Chunker | Created 1 chunks for section 4.95
2026-07-29 11:12:26,628 | INFO | Chunker | Created 1 chunks for section 4.96
2026-07-29 11:12:26,697 | INFO | Chunker | Created 1 chunks for section 4.97
2026-07-29 11:12:26,766 | INFO | Chunker | Created 1 chunks for section 4.98
2026-07-29 11:12:26,901 | INFO | Chunker | Created 1 chunks for section 4.99
2026-07-29 11:12:26,942 | INFO | DGFTKnowledgePipeline | Processing HBP2023_Chapter05.pdf
2026-07-29 11:12:26,942 | INFO | PDFLoader | Loading PDF C:\Users\mabis\OneDrive\Documents\New folder\dekai-dgft-parser\input\pdf\HBP2023_Chapter05.pdf
2026-07-29 11:12:29,921 | INFO | PDFLoader | Loaded 15 pages from HBP2023_Chapter05.pdf
2026-07-29 11:12:29,956 | INFO | TextCleaner | Cleaned 15 pages
2026-07-29 11:12:29,973 | INFO | RuleExtractor | Extracted 25 section drafts from HBP2023_Chapter05.pdf
2026-07-29 11:12:30,339 | INFO | Chunker | Created 1 chunks for section 5.01
2026-07-29 11:12:30,395 | INFO | Chunker | Created 1 chunks for section 5.02
2026-07-29 11:12:30,463 | INFO | Chunker | Created 1 chunks for section 5.03
2026-07-29 11:12:30,544 | INFO | Chunker | Created 1 chunks for section 5.04
2026-07-29 11:12:30,594 | INFO | Chunker | Created 1 chunks for section 5.05
2026-07-29 11:12:30,690 | INFO | Chunker | Created 1 chunks for section 5.06
2026-07-29 11:12:30,766 | INFO | Chunker | Created 1 chunks for section 5.07
2026-07-29 11:12:30,864 | INFO | Chunker | Created 1 chunks for section 5.08
2026-07-29 11:12:30,992 | INFO | Chunker | Created 1 chunks for section 5.09
2026-07-29 11:12:31,093 | INFO | Chunker | Created 1 chunks for section 5.10
2026-07-29 11:12:31,147 | INFO | Chunker | Created 1 chunks for section 5.11
2026-07-29 11:12:31,188 | INFO | Chunker | Created 1 chunks for section 5.12
2026-07-29 11:12:31,342 | INFO | Chunker | Created 2 chunks for section 5.13
2026-07-29 11:12:31,521 | INFO | Chunker | Created 1 chunks for section 5.14
2026-07-29 11:12:31,620 | INFO | Chunker | Created 1 chunks for section 5.16
2026-07-29 11:12:31,714 | INFO | Chunker | Created 1 chunks for section 5.17
2026-07-29 11:12:31,769 | INFO | Chunker | Created 1 chunks for section 5.18
2026-07-29 11:12:31,847 | INFO | Chunker | Created 1 chunks for section 5.19
2026-07-29 11:12:31,931 | INFO | Chunker | Created 1 chunks for section 5.20
2026-07-29 11:12:31,995 | INFO | Chunker | Created 1 chunks for section 5.21
2026-07-29 11:12:32,046 | INFO | Chunker | Created 1 chunks for section 5.22
2026-07-29 11:12:32,090 | INFO | Chunker | Created 1 chunks for section 5.23
2026-07-29 11:12:32,149 | INFO | Chunker | Created 1 chunks for section 5.24
2026-07-29 11:12:32,210 | INFO | Chunker | Created 1 chunks for section 5.25
2026-07-29 11:12:32,263 | INFO | Chunker | Created 1 chunks for section 5.26
2026-07-29 11:12:32,290 | INFO | DGFTKnowledgePipeline | Processing HBP-Chapter-6.pdf
2026-07-29 11:12:32,291 | INFO | PDFLoader | Loading PDF C:\Users\mabis\OneDrive\Documents\New folder\dekai-dgft-parser\input\pdf\HBP-Chapter-6.pdf
2026-07-29 11:12:36,221 | INFO | PDFLoader | Loaded 24 pages from HBP-Chapter-6.pdf
2026-07-29 11:12:36,272 | INFO | TextCleaner | Cleaned 24 pages
2026-07-29 11:12:36,299 | INFO | RuleExtractor | Extracted 41 section drafts from HBP-Chapter-6.pdf
2026-07-29 11:12:36,755 | INFO | Chunker | Created 1 chunks for section 6.00
2026-07-29 11:12:36,861 | INFO | Chunker | Created 2 chunks for section 6.01
2026-07-29 11:12:36,915 | INFO | Chunker | Created 1 chunks for section 6.02
2026-07-29 11:12:36,976 | INFO | Chunker | Created 1 chunks for section 6.03
2026-07-29 11:12:37,037 | INFO | Chunker | Created 1 chunks for section 6.04
2026-07-29 11:12:37,086 | INFO | Chunker | Created 1 chunks for section 6.05
2026-07-29 11:12:37,182 | INFO | Chunker | Created 1 chunks for section 6.06
2026-07-29 11:12:37,255 | INFO | Chunker | Created 1 chunks for section 6.07
2026-07-29 11:12:37,327 | INFO | Chunker | Created 1 chunks for section 6.08
2026-07-29 11:12:37,500 | INFO | Chunker | Created 1 chunks for section 6.09
2026-07-29 11:12:37,607 | INFO | Chunker | Created 1 chunks for section 6.10
2026-07-29 11:12:37,695 | INFO | Chunker | Created 1 chunks for section 6.11
2026-07-29 11:12:37,740 | INFO | Chunker | Created 1 chunks for section 6.12
2026-07-29 11:12:37,821 | INFO | Chunker | Created 1 chunks for section 6.13
2026-07-29 11:12:37,900 | INFO | Chunker | Created 1 chunks for section 6.14
2026-07-29 11:12:37,969 | INFO | Chunker | Created 1 chunks for section 6.15
2026-07-29 11:12:38,047 | INFO | Chunker | Created 1 chunks for section 6.16
2026-07-29 11:12:38,209 | INFO | Chunker | Created 1 chunks for section 6.17
2026-07-29 11:12:38,301 | INFO | Chunker | Created 1 chunks for section 6.18
2026-07-29 11:12:38,378 | INFO | Chunker | Created 1 chunks for section 6.19
2026-07-29 11:12:38,491 | INFO | Chunker | Created 2 chunks for section 6.20
2026-07-29 11:12:38,586 | INFO | Chunker | Created 1 chunks for section 6.22
2026-07-29 11:12:38,665 | INFO | Chunker | Created 1 chunks for section 6.23
2026-07-29 11:12:38,833 | INFO | Chunker | Created 1 chunks for section 6.24
2026-07-29 11:12:38,925 | INFO | Chunker | Created 1 chunks for section 6.25
2026-07-29 11:12:39,016 | INFO | Chunker | Created 1 chunks for section 6.26
2026-07-29 11:12:39,101 | INFO | Chunker | Created 1 chunks for section 6.27
2026-07-29 11:12:39,149 | INFO | Chunker | Created 1 chunks for section 6.28
2026-07-29 11:12:39,211 | INFO | Chunker | Created 1 chunks for section 6.29
2026-07-29 11:12:39,285 | INFO | Chunker | Created 1 chunks for section 6.30
2026-07-29 11:12:39,340 | INFO | Chunker | Created 1 chunks for section 6.31
2026-07-29 11:12:39,408 | INFO | Chunker | Created 1 chunks for section 6.32
2026-07-29 11:12:39,470 | INFO | Chunker | Created 1 chunks for section 6.33
2026-07-29 11:12:39,583 | INFO | Chunker | Created 1 chunks for section 6.34
2026-07-29 11:12:39,638 | INFO | Chunker | Created 1 chunks for section 6.35
2026-07-29 11:12:39,694 | INFO | Chunker | Created 1 chunks for section 6.36
2026-07-29 11:12:39,743 | INFO | Chunker | Created 1 chunks for section 6.37
2026-07-29 11:12:39,873 | INFO | Chunker | Created 1 chunks for section 6.38
2026-07-29 11:12:39,972 | INFO | Chunker | Created 1 chunks for section 6.39
2026-07-29 11:12:40,070 | INFO | Chunker | Created 1 chunks for section 6.40
2026-07-29 11:12:40,137 | INFO | Chunker | Created 1 chunks for section 6.41
2026-07-29 11:12:40,169 | INFO | DGFTKnowledgePipeline | Processing Chapter-7-of-HBP-2023.pdf
2026-07-29 11:12:40,170 | INFO | PDFLoader | Loading PDF C:\Users\mabis\OneDrive\Documents\New folder\dekai-dgft-parser\input\pdf\Chapter-7-of-HBP-2023.pdf
2026-07-29 11:12:41,029 | INFO | PDFLoader | Loaded 6 pages from Chapter-7-of-HBP-2023.pdf
2026-07-29 11:12:41,040 | INFO | TextCleaner | Cleaned 6 pages
2026-07-29 11:12:41,046 | INFO | RuleExtractor | Extracted 12 section drafts from Chapter-7-of-HBP-2023.pdf
2026-07-29 11:12:41,198 | INFO | Chunker | Created 1 chunks for section 7.00
2026-07-29 11:12:41,331 | INFO | Chunker | Created 1 chunks for section 7.01
2026-07-29 11:12:41,403 | INFO | Chunker | Created 1 chunks for section 7.02
2026-07-29 11:12:41,473 | INFO | Chunker | Created 1 chunks for section 7.03
2026-07-29 11:12:41,525 | INFO | Chunker | Created 1 chunks for section 7.04
2026-07-29 11:12:41,589 | INFO | Chunker | Created 1 chunks for section 7.05
2026-07-29 11:12:41,636 | INFO | Chunker | Created 1 chunks for section 7.06
2026-07-29 11:12:41,683 | INFO | Chunker | Created 1 chunks for section 7.07
2026-07-29 11:12:41,723 | INFO | Chunker | Created 1 chunks for section 7.08
2026-07-29 11:12:41,786 | INFO | Chunker | Created 1 chunks for section 7.09
2026-07-29 11:12:41,846 | INFO | Chunker | Created 1 chunks for section 7.10
2026-07-29 11:12:41,908 | INFO | Chunker | Created 1 chunks for section 7.11
2026-07-29 11:12:42,017 | INFO | DGFTKnowledgePipeline | Processing Chapter+10+HBP+(19.05.2026).pdf
2026-07-29 11:12:42,017 | INFO | PDFLoader | Loading PDF C:\Users\mabis\OneDrive\Documents\New folder\dekai-dgft-parser\input\pdf\Chapter+10+HBP+(19.05.2026).pdf
2026-07-29 11:12:49,983 | INFO | PDFLoader | Loaded 48 pages from Chapter+10+HBP+(19.05.2026).pdf
2026-07-29 11:12:50,111 | INFO | TextCleaner | Cleaned 48 pages
2026-07-29 11:12:50,234 | INFO | RuleExtractor | Extracted 21 section drafts from Chapter+10+HBP+(19.05.2026).pdf
2026-07-29 11:12:52,285 | INFO | Chunker | Created 1 chunks for section 10.00
2026-07-29 11:12:52,556 | INFO | Chunker | Created 1 chunks for section 10.01
2026-07-29 11:12:52,879 | INFO | Chunker | Created 1 chunks for section 10.02
2026-07-29 11:12:53,057 | INFO | Chunker | Created 1 chunks for section 10.03
2026-07-29 11:12:53,368 | INFO | Chunker | Created 1 chunks for section 10.04
2026-07-29 11:12:53,517 | INFO | Chunker | Created 1 chunks for section 10.05
2026-07-29 11:12:53,631 | INFO | Chunker | Created 1 chunks for section 10.06
2026-07-29 11:12:53,694 | INFO | Chunker | Created 1 chunks for section 10.07
2026-07-29 11:12:53,769 | INFO | Chunker | Created 1 chunks for section 10.08
2026-07-29 11:12:54,080 | INFO | Chunker | Created 5 chunks for section 10.09
2026-07-29 11:12:54,143 | INFO | Chunker | Created 1 chunks for section 10.11
2026-07-29 11:12:54,394 | INFO | Chunker | Created 8 chunks for section 10.12
2026-07-29 11:12:54,572 | INFO | Chunker | Created 2 chunks for section 10.13
2026-07-29 11:12:54,736 | INFO | Chunker | Created 1 chunks for section 10.14
2026-07-29 11:12:54,824 | INFO | Chunker | Created 1 chunks for section 10.15
2026-07-29 11:12:55,220 | INFO | Chunker | Created 11 chunks for section 10.15
2026-07-29 11:12:55,417 | INFO | Chunker | Created 7 chunks for section 10.16
2026-07-29 11:12:55,551 | INFO | Chunker | Created 2 chunks for section 10.17
2026-07-29 11:12:55,618 | INFO | Chunker | Created 1 chunks for section 10.18
2026-07-29 11:12:55,739 | INFO | Chunker | Created 4 chunks for section 10.19
2026-07-29 11:12:55,825 | INFO | Chunker | Created 1 chunks for section 10.20
2026-07-29 11:12:55,851 | INFO | DGFTKnowledgePipeline | Processing ZZZ_Batch_1.pdf
2026-07-29 11:12:55,852 | INFO | PDFLoader | Loading PDF C:\Users\mabis\OneDrive\Documents\New folder\dekai-dgft-parser\input\pdf\ZZZ_Batch_1.pdf
2026-07-29 11:13:06,480 | INFO | PDFLoader | Loaded 48 pages from ZZZ_Batch_1.pdf
2026-07-29 11:13:06,619 | INFO | TextCleaner | Cleaned 48 pages
2026-07-29 11:13:06,679 | INFO | RuleExtractor | Extracted 21 section drafts from ZZZ_Batch_1.pdf
2026-07-29 11:13:07,963 | INFO | Chunker | Created 1 chunks for section 10.00
2026-07-29 11:13:08,026 | INFO | Chunker | Created 1 chunks for section 10.01
2026-07-29 11:13:08,131 | INFO | Chunker | Created 1 chunks for section 10.02
2026-07-29 11:13:08,219 | INFO | Chunker | Created 1 chunks for section 10.03
2026-07-29 11:13:08,326 | INFO | Chunker | Created 1 chunks for section 10.04
2026-07-29 11:13:08,456 | INFO | Chunker | Created 1 chunks for section 10.05
2026-07-29 11:13:08,627 | INFO | Chunker | Created 1 chunks for section 10.06
2026-07-29 11:13:08,760 | INFO | Chunker | Created 1 chunks for section 10.07
2026-07-29 11:13:08,864 | INFO | Chunker | Created 1 chunks for section 10.08
2026-07-29 11:13:09,065 | INFO | Chunker | Created 5 chunks for section 10.09
2026-07-29 11:13:09,105 | INFO | Chunker | Created 1 chunks for section 10.11
2026-07-29 11:13:09,318 | INFO | Chunker | Created 8 chunks for section 10.12
2026-07-29 11:13:09,458 | INFO | Chunker | Created 2 chunks for section 10.13
2026-07-29 11:13:09,542 | INFO | Chunker | Created 1 chunks for section 10.14
2026-07-29 11:13:09,613 | INFO | Chunker | Created 1 chunks for section 10.15
2026-07-29 11:13:09,940 | INFO | Chunker | Created 11 chunks for section 10.15
2026-07-29 11:13:10,290 | INFO | Chunker | Created 7 chunks for section 10.16
2026-07-29 11:13:10,436 | INFO | Chunker | Created 2 chunks for section 10.17
2026-07-29 11:13:10,510 | INFO | Chunker | Created 1 chunks for section 10.18
2026-07-29 11:13:10,633 | INFO | Chunker | Created 4 chunks for section 10.19
2026-07-29 11:13:10,703 | INFO | Chunker | Created 1 chunks for section 10.20
2026-07-29 11:13:10,769 | INFO | DGFTKnowledgePipeline | Processing ZZZ_Batch_2.pdf
2026-07-29 11:13:10,769 | INFO | PDFLoader | Loading PDF C:\Users\mabis\OneDrive\Documents\New folder\dekai-dgft-parser\input\pdf\ZZZ_Batch_2.pdf
2026-07-29 11:13:11,485 | INFO | PDFLoader | Loaded 6 pages from ZZZ_Batch_2.pdf
2026-07-29 11:13:11,495 | INFO | TextCleaner | Cleaned 6 pages
2026-07-29 11:13:11,501 | INFO | RuleExtractor | Extracted 12 section drafts from ZZZ_Batch_2.pdf
2026-07-29 11:13:11,648 | INFO | Chunker | Created 1 chunks for section 7.00
2026-07-29 11:13:11,695 | INFO | Chunker | Created 1 chunks for section 7.01
2026-07-29 11:13:11,765 | INFO | Chunker | Created 1 chunks for section 7.02
2026-07-29 11:13:11,837 | INFO | Chunker | Created 1 chunks for section 7.03
2026-07-29 11:13:11,882 | INFO | Chunker | Created 1 chunks for section 7.04
2026-07-29 11:13:11,939 | INFO | Chunker | Created 1 chunks for section 7.05
2026-07-29 11:13:11,984 | INFO | Chunker | Created 1 chunks for section 7.06
2026-07-29 11:13:12,025 | INFO | Chunker | Created 1 chunks for section 7.07
2026-07-29 11:13:12,060 | INFO | Chunker | Created 1 chunks for section 7.08
2026-07-29 11:13:12,110 | INFO | Chunker | Created 1 chunks for section 7.09
2026-07-29 11:13:12,268 | INFO | Chunker | Created 1 chunks for section 7.10
2026-07-29 11:13:12,362 | INFO | Chunker | Created 1 chunks for section 7.11
2026-07-29 11:16:02,979 | INFO | DGFTKnowledgePipeline | Processing HBP2023_Chapter01.pdf
2026-07-29 11:16:02,979 | INFO | PDFLoader | Loading PDF C:\Users\mabis\OneDrive\Documents\New folder\dekai-dgft-parser\input\pdf\HBP2023_Chapter01.pdf
2026-07-29 11:16:03,784 | INFO | PDFLoader | Loaded 7 pages from HBP2023_Chapter01.pdf
2026-07-29 11:16:03,800 | INFO | TextCleaner | Cleaned 7 pages
2026-07-29 11:16:03,808 | INFO | RuleExtractor | Extracted 12 section drafts from HBP2023_Chapter01.pdf
2026-07-29 11:16:04,012 | INFO | Chunker | Created 1 chunks for section 1.01
2026-07-29 11:16:04,063 | INFO | Chunker | Created 1 chunks for section 1.02
2026-07-29 11:16:04,115 | INFO | Chunker | Created 1 chunks for section 1.03
2026-07-29 11:16:04,199 | INFO | Chunker | Created 2 chunks for section 1.04
2026-07-29 11:16:04,266 | INFO | Chunker | Created 1 chunks for section 1.05
2026-07-29 11:16:04,325 | INFO | Chunker | Created 1 chunks for section 1.06
2026-07-29 11:16:04,397 | INFO | Chunker | Created 1 chunks for section 1.07
2026-07-29 11:16:04,470 | INFO | Chunker | Created 1 chunks for section 1.08
2026-07-29 11:16:04,539 | INFO | Chunker | Created 1 chunks for section 1.09
2026-07-29 11:16:04,615 | INFO | Chunker | Created 1 chunks for section 1.10
2026-07-29 11:16:04,753 | INFO | Chunker | Created 1 chunks for section 1.11
2026-07-29 11:16:04,817 | INFO | Chunker | Created 1 chunks for section 1.12
2026-07-29 11:16:04,824 | INFO | DGFTKnowledgePipeline | Processing HBP Chapter 2.pdf
2026-07-29 11:16:04,824 | INFO | PDFLoader | Loading PDF C:\Users\mabis\OneDrive\Documents\New folder\dekai-dgft-parser\input\pdf\HBP Chapter 2.pdf
2026-07-29 11:16:13,746 | INFO | PDFLoader | Loaded 52 pages from HBP Chapter 2.pdf
2026-07-29 11:16:13,876 | INFO | TextCleaner | Cleaned 52 pages
2026-07-29 11:16:14,186 | INFO | RuleExtractor | Extracted 99 section drafts from HBP Chapter 2.pdf
2026-07-29 11:16:15,161 | INFO | Chunker | Created 1 chunks for section 2.00
2026-07-29 11:16:15,211 | INFO | Chunker | Created 1 chunks for section 2.01
2026-07-29 11:16:15,268 | INFO | Chunker | Created 1 chunks for section 2.02
2026-07-29 11:16:15,336 | INFO | Chunker | Created 1 chunks for section 2.03
2026-07-29 11:16:15,383 | INFO | Chunker | Created 1 chunks for section 2.04
2026-07-29 11:16:15,447 | INFO | Chunker | Created 1 chunks for section 2.05
2026-07-29 11:16:15,505 | INFO | Chunker | Created 1 chunks for section 2.06
2026-07-29 11:16:15,627 | INFO | Chunker | Created 1 chunks for section 2.07
2026-07-29 11:16:15,773 | INFO | Chunker | Created 1 chunks for section 2.08
2026-07-29 11:16:15,938 | INFO | Chunker | Created 1 chunks for section 2.09
2026-07-29 11:16:16,005 | INFO | Chunker | Created 1 chunks for section 2.10
2026-07-29 11:16:16,084 | INFO | Chunker | Created 1 chunks for section 2.11
2026-07-29 11:16:16,156 | INFO | Chunker | Created 1 chunks for section 2.12
2026-07-29 11:16:16,216 | INFO | Chunker | Created 1 chunks for section 2.13
2026-07-29 11:16:16,344 | INFO | Chunker | Created 1 chunks for section 2.14
2026-07-29 11:16:16,424 | INFO | Chunker | Created 1 chunks for section 2.15
2026-07-29 11:16:16,507 | INFO | Chunker | Created 1 chunks for section 2.16
2026-07-29 11:16:16,605 | INFO | Chunker | Created 1 chunks for section 2.17
2026-07-29 11:16:16,696 | INFO | Chunker | Created 1 chunks for section 2.18
2026-07-29 11:16:16,755 | INFO | Chunker | Created 1 chunks for section 2.19
2026-07-29 11:16:16,878 | INFO | Chunker | Created 1 chunks for section 2.20
2026-07-29 11:16:16,938 | INFO | Chunker | Created 1 chunks for section 2.21
2026-07-29 11:16:16,999 | INFO | Chunker | Created 1 chunks for section 2.22
2026-07-29 11:16:17,100 | INFO | Chunker | Created 1 chunks for section 2.23
2026-07-29 11:16:17,163 | INFO | Chunker | Created 1 chunks for section 2.24
2026-07-29 11:16:17,247 | INFO | Chunker | Created 1 chunks for section 2.25
2026-07-29 11:16:17,307 | INFO | Chunker | Created 1 chunks for section 2.26
2026-07-29 11:16:17,384 | INFO | Chunker | Created 1 chunks for section 2.27
2026-07-29 11:16:17,458 | INFO | Chunker | Created 1 chunks for section 2.28
2026-07-29 11:16:17,579 | INFO | Chunker | Created 1 chunks for section 2.29
2026-07-29 11:16:17,683 | INFO | Chunker | Created 1 chunks for section 2.29
2026-07-29 11:16:17,794 | INFO | Chunker | Created 1 chunks for section 2.30
2026-07-29 11:16:17,868 | INFO | Chunker | Created 1 chunks for section 2.31
2026-07-29 11:16:18,032 | INFO | Chunker | Created 1 chunks for section 2.32
2026-07-29 11:16:18,132 | INFO | Chunker | Created 1 chunks for section 2.33
2026-07-29 11:16:18,234 | INFO | Chunker | Created 1 chunks for section 2.34
2026-07-29 11:16:18,330 | INFO | Chunker | Created 1 chunks for section 2.35
2026-07-29 11:16:18,485 | INFO | Chunker | Created 1 chunks for section 2.36
2026-07-29 11:16:18,632 | INFO | Chunker | Created 1 chunks for section 2.37
2026-07-29 11:16:18,701 | INFO | Chunker | Created 1 chunks for section 2.38
2026-07-29 11:16:18,782 | INFO | Chunker | Created 1 chunks for section 2.39
2026-07-29 11:16:18,907 | INFO | Chunker | Created 1 chunks for section 2.40
2026-07-29 11:16:19,018 | INFO | Chunker | Created 1 chunks for section 2.41
2026-07-29 11:16:19,090 | INFO | Chunker | Created 1 chunks for section 2.42
2026-07-29 11:16:19,190 | INFO | Chunker | Created 1 chunks for section 2.43
2026-07-29 11:16:19,362 | INFO | Chunker | Created 1 chunks for section 2.44
2026-07-29 11:16:19,417 | INFO | Chunker | Created 1 chunks for section 2.45
2026-07-29 11:16:19,542 | INFO | Chunker | Created 1 chunks for section 2.46
2026-07-29 11:16:19,608 | INFO | Chunker | Created 1 chunks for section 2.47
2026-07-29 11:16:19,712 | INFO | Chunker | Created 1 chunks for section 2.48
2026-07-29 11:16:19,808 | INFO | Chunker | Created 1 chunks for section 2.49
2026-07-29 11:16:19,876 | INFO | Chunker | Created 1 chunks for section 2.50
2026-07-29 11:16:20,100 | INFO | Chunker | Created 3 chunks for section 2.51
2026-07-29 11:16:20,207 | INFO | Chunker | Created 1 chunks for section 2.52
2026-07-29 11:16:20,316 | INFO | Chunker | Created 1 chunks for section 2.53
2026-07-29 11:16:20,371 | INFO | Chunker | Created 1 chunks for section 2.54
2026-07-29 11:16:20,427 | INFO | Chunker | Created 1 chunks for section 2.55
2026-07-29 11:16:20,513 | INFO | Chunker | Created 1 chunks for section 2.56
2026-07-29 11:16:20,567 | INFO | Chunker | Created 1 chunks for section 2.57
2026-07-29 11:16:20,643 | INFO | Chunker | Created 1 chunks for section 2.58
2026-07-29 11:16:20,824 | INFO | Chunker | Created 1 chunks for section 2.59
2026-07-29 11:16:20,918 | INFO | Chunker | Created 1 chunks for section 2.60
2026-07-29 11:16:21,022 | INFO | Chunker | Created 1 chunks for section 2.61
2026-07-29 11:16:21,093 | INFO | Chunker | Created 1 chunks for section 2.62
2026-07-29 11:16:21,164 | INFO | Chunker | Created 1 chunks for section 2.63
2026-07-29 11:16:21,225 | INFO | Chunker | Created 1 chunks for section 2.64
2026-07-29 11:16:21,293 | INFO | Chunker | Created 1 chunks for section 2.65
2026-07-29 11:16:21,357 | INFO | Chunker | Created 1 chunks for section 2.66
2026-07-29 11:16:21,440 | INFO | Chunker | Created 1 chunks for section 2.67
2026-07-29 11:16:21,513 | INFO | Chunker | Created 1 chunks for section 2.68
2026-07-29 11:16:21,561 | INFO | Chunker | Created 1 chunks for section 2.69
2026-07-29 11:16:21,626 | INFO | Chunker | Created 1 chunks for section 2.70
2026-07-29 11:16:21,700 | INFO | Chunker | Created 1 chunks for section 2.71
2026-07-29 11:16:21,769 | INFO | Chunker | Created 1 chunks for section 2.72
2026-07-29 11:16:21,845 | INFO | Chunker | Created 1 chunks for section 2.73
2026-07-29 11:16:21,926 | INFO | Chunker | Created 1 chunks for section 2.74
2026-07-29 11:16:22,028 | INFO | Chunker | Created 1 chunks for section 2.75
2026-07-29 11:16:22,166 | INFO | Chunker | Created 2 chunks for section 2.76
2026-07-29 11:16:22,274 | INFO | Chunker | Created 1 chunks for section 2.77
2026-07-29 11:16:22,346 | INFO | Chunker | Created 1 chunks for section 2.78
2026-07-29 11:16:22,409 | INFO | Chunker | Created 1 chunks for section 2.79
2026-07-29 11:16:22,483 | INFO | Chunker | Created 1 chunks for section 2.80
2026-07-29 11:16:22,534 | INFO | Chunker | Created 1 chunks for section 2.81
2026-07-29 11:16:22,601 | INFO | Chunker | Created 1 chunks for section 2.82
2026-07-29 11:16:22,672 | INFO | Chunker | Created 1 chunks for section 2.83
2026-07-29 11:16:22,735 | INFO | Chunker | Created 1 chunks for section 2.84
2026-07-29 11:16:22,796 | INFO | Chunker | Created 1 chunks for section 2.85
2026-07-29 11:16:22,860 | INFO | Chunker | Created 1 chunks for section 2.86
2026-07-29 11:16:22,920 | INFO | Chunker | Created 1 chunks for section 2.87
2026-07-29 11:16:22,997 | INFO | Chunker | Created 1 chunks for section 2.88
2026-07-29 11:16:23,077 | INFO | Chunker | Created 1 chunks for section 2.89
2026-07-29 11:16:23,167 | INFO | Chunker | Created 1 chunks for section 2.90
2026-07-29 11:16:23,280 | INFO | Chunker | Created 1 chunks for section 2.91
2026-07-29 11:16:23,438 | INFO | Chunker | Created 10 chunks for section 2.92
2026-07-29 11:16:23,560 | INFO | Chunker | Created 2 chunks for section 2.93
2026-07-29 11:16:23,617 | INFO | Chunker | Created 1 chunks for section 2.94
2026-07-29 11:16:23,736 | INFO | Chunker | Created 1 chunks for section 2.95
2026-07-29 11:16:23,818 | INFO | Chunker | Created 1 chunks for section 2.96
2026-07-29 11:16:23,895 | INFO | Chunker | Created 1 chunks for section 2.97
2026-07-29 11:16:23,901 | INFO | DGFTKnowledgePipeline | Processing HBP2023_Chapter03.pdf
2026-07-29 11:16:23,901 | INFO | PDFLoader | Loading PDF C:\Users\mabis\OneDrive\Documents\New folder\dekai-dgft-parser\input\pdf\HBP2023_Chapter03.pdf
2026-07-29 11:16:24,831 | INFO | PDFLoader | Loaded 6 pages from HBP2023_Chapter03.pdf
2026-07-29 11:16:24,848 | INFO | TextCleaner | Cleaned 6 pages
2026-07-29 11:16:24,855 | INFO | RuleExtractor | Extracted 8 section drafts from HBP2023_Chapter03.pdf
2026-07-29 11:16:25,002 | INFO | Chunker | Created 1 chunks for section 3.01
2026-07-29 11:16:25,052 | INFO | Chunker | Created 1 chunks for section 3.02
2026-07-29 11:16:25,123 | INFO | Chunker | Created 2 chunks for section 3.03
2026-07-29 11:16:25,176 | INFO | Chunker | Created 1 chunks for section 3.05
2026-07-29 11:16:25,244 | INFO | Chunker | Created 1 chunks for section 3.06
2026-07-29 11:16:25,291 | INFO | Chunker | Created 1 chunks for section 3.07
2026-07-29 11:16:25,355 | INFO | Chunker | Created 1 chunks for section 3.08
2026-07-29 11:16:25,416 | INFO | Chunker | Created 1 chunks for section 3.09
2026-07-29 11:16:25,422 | INFO | DGFTKnowledgePipeline | Processing HBP2023_Chapter04+as+on+20.04.2026.pdf
2026-07-29 11:16:25,422 | INFO | PDFLoader | Loading PDF C:\Users\mabis\OneDrive\Documents\New folder\dekai-dgft-parser\input\pdf\HBP2023_Chapter04+as+on+20.04.2026.pdf
2026-07-29 11:16:36,783 | INFO | PDFLoader | Loaded 58 pages from HBP2023_Chapter04+as+on+20.04.2026.pdf
2026-07-29 11:16:36,978 | INFO | TextCleaner | Cleaned 58 pages
2026-07-29 11:16:37,041 | INFO | RuleExtractor | Extracted 99 section drafts from HBP2023_Chapter04+as+on+20.04.2026.pdf
2026-07-29 11:16:38,324 | INFO | Chunker | Created 1 chunks for section 4.01
2026-07-29 11:16:38,379 | INFO | Chunker | Created 1 chunks for section 4.02
2026-07-29 11:16:38,424 | INFO | Chunker | Created 1 chunks for section 4.03
2026-07-29 11:16:38,488 | INFO | Chunker | Created 1 chunks for section 4.04
2026-07-29 11:16:38,570 | INFO | Chunker | Created 1 chunks for section 4.05
2026-07-29 11:16:38,688 | INFO | Chunker | Created 2 chunks for section 4.06
2026-07-29 11:16:38,848 | INFO | Chunker | Created 1 chunks for section 4.07
2026-07-29 11:16:38,989 | INFO | Chunker | Created 1 chunks for section 4.08
2026-07-29 11:16:39,072 | INFO | Chunker | Created 1 chunks for section 4.09
2026-07-29 11:16:39,153 | INFO | Chunker | Created 1 chunks for section 4.10
2026-07-29 11:16:39,236 | INFO | Chunker | Created 1 chunks for section 4.11
2026-07-29 11:16:39,338 | INFO | Chunker | Created 1 chunks for section 4.12
2026-07-29 11:16:39,481 | INFO | Chunker | Created 1 chunks for section 4.13
2026-07-29 11:16:39,565 | INFO | Chunker | Created 1 chunks for section 4.14
2026-07-29 11:16:39,640 | INFO | Chunker | Created 1 chunks for section 4.15
2026-07-29 11:16:39,717 | INFO | Chunker | Created 1 chunks for section 4.16
2026-07-29 11:16:39,800 | INFO | Chunker | Created 1 chunks for section 4.17
2026-07-29 11:16:39,878 | INFO | Chunker | Created 1 chunks for section 4.18
2026-07-29 11:16:39,974 | INFO | Chunker | Created 1 chunks for section 4.19
2026-07-29 11:16:40,059 | INFO | Chunker | Created 1 chunks for section 4.20
2026-07-29 11:16:40,136 | INFO | Chunker | Created 1 chunks for section 4.21
2026-07-29 11:16:40,231 | INFO | Chunker | Created 1 chunks for section 4.22
2026-07-29 11:16:40,293 | INFO | Chunker | Created 1 chunks for section 4.23
2026-07-29 11:16:40,375 | INFO | Chunker | Created 1 chunks for section 4.24
2026-07-29 11:16:40,423 | INFO | Chunker | Created 1 chunks for section 4.25
2026-07-29 11:16:40,585 | INFO | Chunker | Created 1 chunks for section 4.26
2026-07-29 11:16:40,663 | INFO | Chunker | Created 1 chunks for section 4.27
2026-07-29 11:16:40,711 | INFO | Chunker | Created 1 chunks for section 4.28
2026-07-29 11:16:40,774 | INFO | Chunker | Created 1 chunks for section 4.29
2026-07-29 11:16:40,871 | INFO | Chunker | Created 1 chunks for section 4.30
2026-07-29 11:16:40,951 | INFO | Chunker | Created 1 chunks for section 4.31
2026-07-29 11:16:41,047 | INFO | Chunker | Created 1 chunks for section 4.32
2026-07-29 11:16:41,140 | INFO | Chunker | Created 1 chunks for section 4.33
2026-07-29 11:16:41,248 | INFO | Chunker | Created 1 chunks for section 4.34
2026-07-29 11:16:41,355 | INFO | Chunker | Created 2 chunks for section 4.35
2026-07-29 11:16:41,461 | INFO | Chunker | Created 1 chunks for section 4.36
2026-07-29 11:16:41,545 | INFO | Chunker | Created 1 chunks for section 4.37
2026-07-29 11:16:41,612 | INFO | Chunker | Created 1 chunks for section 4.38
2026-07-29 11:16:41,717 | INFO | Chunker | Created 1 chunks for section 4.39
2026-07-29 11:16:41,878 | INFO | Chunker | Created 2 chunks for section 4.40
2026-07-29 11:16:41,937 | INFO | Chunker | Created 1 chunks for section 4.41
2026-07-29 11:16:42,001 | INFO | Chunker | Created 1 chunks for section 4.42
2026-07-29 11:16:42,182 | INFO | Chunker | Created 1 chunks for section 4.43
2026-07-29 11:16:42,294 | INFO | Chunker | Created 1 chunks for section 4.44
2026-07-29 11:16:42,373 | INFO | Chunker | Created 1 chunks for section 4.45
2026-07-29 11:16:42,420 | INFO | Chunker | Created 1 chunks for section 4.46
2026-07-29 11:16:42,531 | INFO | Chunker | Created 1 chunks for section 4.47
2026-07-29 11:16:42,620 | INFO | Chunker | Created 1 chunks for section 4.48
2026-07-29 11:16:42,863 | INFO | Chunker | Created 2 chunks for section 4.49
2026-07-29 11:16:42,995 | INFO | Chunker | Created 1 chunks for section 4.50
2026-07-29 11:16:43,062 | INFO | Chunker | Created 1 chunks for section 4.51
2026-07-29 11:16:43,105 | INFO | Chunker | Created 1 chunks for section 4.52
2026-07-29 11:16:43,180 | INFO | Chunker | Created 1 chunks for section 4.53
2026-07-29 11:16:43,233 | INFO | Chunker | Created 1 chunks for section 4.54
2026-07-29 11:16:43,321 | INFO | Chunker | Created 1 chunks for section 4.55
2026-07-29 11:16:43,388 | INFO | Chunker | Created 1 chunks for section 4.56
2026-07-29 11:16:43,453 | INFO | Chunker | Created 1 chunks for section 4.57
2026-07-29 11:16:43,562 | INFO | Chunker | Created 1 chunks for section 4.58
2026-07-29 11:16:43,607 | INFO | Chunker | Created 1 chunks for section 4.59
2026-07-29 11:16:43,675 | INFO | Chunker | Created 1 chunks for section 4.60
2026-07-29 11:16:43,760 | INFO | Chunker | Created 1 chunks for section 4.61
2026-07-29 11:16:43,884 | INFO | Chunker | Created 1 chunks for section 4.62
2026-07-29 11:16:43,965 | INFO | Chunker | Created 1 chunks for section 4.63
2026-07-29 11:16:44,022 | INFO | Chunker | Created 1 chunks for section 4.64
2026-07-29 11:16:44,096 | INFO | Chunker | Created 1 chunks for section 4.65
2026-07-29 11:16:44,151 | INFO | Chunker | Created 1 chunks for section 4.66
2026-07-29 11:16:44,263 | INFO | Chunker | Created 1 chunks for section 4.67
2026-07-29 11:16:44,326 | INFO | Chunker | Created 1 chunks for section 4.68
2026-07-29 11:16:44,458 | INFO | Chunker | Created 1 chunks for section 4.69
2026-07-29 11:16:44,512 | INFO | Chunker | Created 1 chunks for section 4.70
2026-07-29 11:16:44,569 | INFO | Chunker | Created 1 chunks for section 4.71
2026-07-29 11:16:44,662 | INFO | Chunker | Created 1 chunks for section 4.72
2026-07-29 11:16:44,854 | INFO | Chunker | Created 1 chunks for section 4.73
2026-07-29 11:16:44,966 | INFO | Chunker | Created 1 chunks for section 4.74
2026-07-29 11:16:45,030 | INFO | Chunker | Created 1 chunks for section 4.75
2026-07-29 11:16:45,113 | INFO | Chunker | Created 1 chunks for section 4.76
2026-07-29 11:16:45,221 | INFO | Chunker | Created 1 chunks for section 4.77
2026-07-29 11:16:45,273 | INFO | Chunker | Created 1 chunks for section 4.78
2026-07-29 11:16:45,405 | INFO | Chunker | Created 2 chunks for section 4.79
2026-07-29 11:16:45,479 | INFO | Chunker | Created 1 chunks for section 4.80
2026-07-29 11:16:45,572 | INFO | Chunker | Created 1 chunks for section 4.81
2026-07-29 11:16:45,634 | INFO | Chunker | Created 1 chunks for section 4.82
2026-07-29 11:16:45,762 | INFO | Chunker | Created 1 chunks for section 4.83
2026-07-29 11:16:45,850 | INFO | Chunker | Created 1 chunks for section 4.84
2026-07-29 11:16:45,894 | INFO | Chunker | Created 1 chunks for section 4.85
2026-07-29 11:16:45,934 | INFO | Chunker | Created 1 chunks for section 4.86
2026-07-29 11:16:45,982 | INFO | Chunker | Created 1 chunks for section 4.87
2026-07-29 11:16:46,029 | INFO | Chunker | Created 1 chunks for section 4.88
2026-07-29 11:16:46,071 | INFO | Chunker | Created 1 chunks for section 4.89
2026-07-29 11:16:46,136 | INFO | Chunker | Created 1 chunks for section 4.90
2026-07-29 11:16:46,245 | INFO | Chunker | Created 1 chunks for section 4.91
2026-07-29 11:16:46,313 | INFO | Chunker | Created 1 chunks for section 4.92
2026-07-29 11:16:46,378 | INFO | Chunker | Created 1 chunks for section 4.93
2026-07-29 11:16:46,494 | INFO | Chunker | Created 2 chunks for section 4.94
2026-07-29 11:16:46,557 | INFO | Chunker | Created 1 chunks for section 4.95
2026-07-29 11:16:46,620 | INFO | Chunker | Created 1 chunks for section 4.96
2026-07-29 11:16:46,685 | INFO | Chunker | Created 1 chunks for section 4.97
2026-07-29 11:16:46,762 | INFO | Chunker | Created 1 chunks for section 4.98
2026-07-29 11:16:46,829 | INFO | Chunker | Created 1 chunks for section 4.99
2026-07-29 11:16:46,835 | INFO | DGFTKnowledgePipeline | Processing HBP2023_Chapter05.pdf
2026-07-29 11:16:46,835 | INFO | PDFLoader | Loading PDF C:\Users\mabis\OneDrive\Documents\New folder\dekai-dgft-parser\input\pdf\HBP2023_Chapter05.pdf
2026-07-29 11:16:49,543 | INFO | PDFLoader | Loaded 15 pages from HBP2023_Chapter05.pdf
2026-07-29 11:16:49,576 | INFO | TextCleaner | Cleaned 15 pages
2026-07-29 11:16:49,593 | INFO | RuleExtractor | Extracted 25 section drafts from HBP2023_Chapter05.pdf
2026-07-29 11:16:49,945 | INFO | Chunker | Created 1 chunks for section 5.01
2026-07-29 11:16:49,995 | INFO | Chunker | Created 1 chunks for section 5.02
2026-07-29 11:16:50,068 | INFO | Chunker | Created 1 chunks for section 5.03
2026-07-29 11:16:50,141 | INFO | Chunker | Created 1 chunks for section 5.04
2026-07-29 11:16:50,179 | INFO | Chunker | Created 1 chunks for section 5.05
2026-07-29 11:16:50,260 | INFO | Chunker | Created 1 chunks for section 5.06
2026-07-29 11:16:50,329 | INFO | Chunker | Created 1 chunks for section 5.07
2026-07-29 11:16:50,403 | INFO | Chunker | Created 1 chunks for section 5.08
2026-07-29 11:16:50,453 | INFO | Chunker | Created 1 chunks for section 5.09
2026-07-29 11:16:50,629 | INFO | Chunker | Created 1 chunks for section 5.10
2026-07-29 11:16:50,670 | INFO | Chunker | Created 1 chunks for section 5.11
2026-07-29 11:16:50,719 | INFO | Chunker | Created 1 chunks for section 5.12
2026-07-29 11:16:50,883 | INFO | Chunker | Created 2 chunks for section 5.13
2026-07-29 11:16:50,988 | INFO | Chunker | Created 1 chunks for section 5.14
2026-07-29 11:16:51,207 | INFO | Chunker | Created 1 chunks for section 5.16
2026-07-29 11:16:51,254 | INFO | Chunker | Created 1 chunks for section 5.17
2026-07-29 11:16:51,297 | INFO | Chunker | Created 1 chunks for section 5.18
2026-07-29 11:16:51,339 | INFO | Chunker | Created 1 chunks for section 5.19
2026-07-29 11:16:51,393 | INFO | Chunker | Created 1 chunks for section 5.20
2026-07-29 11:16:51,465 | INFO | Chunker | Created 1 chunks for section 5.21
2026-07-29 11:16:51,517 | INFO | Chunker | Created 1 chunks for section 5.22
2026-07-29 11:16:51,579 | INFO | Chunker | Created 1 chunks for section 5.23
2026-07-29 11:16:51,628 | INFO | Chunker | Created 1 chunks for section 5.24
2026-07-29 11:16:51,709 | INFO | Chunker | Created 1 chunks for section 5.25
2026-07-29 11:16:51,828 | INFO | Chunker | Created 1 chunks for section 5.26
2026-07-29 11:16:51,839 | INFO | DGFTKnowledgePipeline | Processing HBP-Chapter-6.pdf
2026-07-29 11:16:51,839 | INFO | PDFLoader | Loading PDF C:\Users\mabis\OneDrive\Documents\New folder\dekai-dgft-parser\input\pdf\HBP-Chapter-6.pdf
2026-07-29 11:16:55,569 | INFO | PDFLoader | Loaded 24 pages from HBP-Chapter-6.pdf
2026-07-29 11:16:55,623 | INFO | TextCleaner | Cleaned 24 pages
2026-07-29 11:16:55,652 | INFO | RuleExtractor | Extracted 41 section drafts from HBP-Chapter-6.pdf
2026-07-29 11:16:56,125 | INFO | Chunker | Created 1 chunks for section 6.00
2026-07-29 11:16:56,223 | INFO | Chunker | Created 2 chunks for section 6.01
2026-07-29 11:16:56,281 | INFO | Chunker | Created 1 chunks for section 6.02
2026-07-29 11:16:56,340 | INFO | Chunker | Created 1 chunks for section 6.03
2026-07-29 11:16:56,390 | INFO | Chunker | Created 1 chunks for section 6.04
2026-07-29 11:16:56,429 | INFO | Chunker | Created 1 chunks for section 6.05
2026-07-29 11:16:56,514 | INFO | Chunker | Created 1 chunks for section 6.06
2026-07-29 11:16:56,605 | INFO | Chunker | Created 1 chunks for section 6.07
2026-07-29 11:16:56,678 | INFO | Chunker | Created 1 chunks for section 6.08
2026-07-29 11:16:56,793 | INFO | Chunker | Created 1 chunks for section 6.09
2026-07-29 11:16:56,877 | INFO | Chunker | Created 1 chunks for section 6.10
2026-07-29 11:16:56,957 | INFO | Chunker | Created 1 chunks for section 6.11
2026-07-29 11:16:57,015 | INFO | Chunker | Created 1 chunks for section 6.12
2026-07-29 11:16:57,074 | INFO | Chunker | Created 1 chunks for section 6.13
2026-07-29 11:16:57,123 | INFO | Chunker | Created 1 chunks for section 6.14
2026-07-29 11:16:57,164 | INFO | Chunker | Created 1 chunks for section 6.15
2026-07-29 11:16:57,221 | INFO | Chunker | Created 1 chunks for section 6.16
2026-07-29 11:16:57,337 | INFO | Chunker | Created 1 chunks for section 6.17
2026-07-29 11:16:57,404 | INFO | Chunker | Created 1 chunks for section 6.18
2026-07-29 11:16:57,477 | INFO | Chunker | Created 1 chunks for section 6.19
2026-07-29 11:16:57,565 | INFO | Chunker | Created 2 chunks for section 6.20
2026-07-29 11:16:57,640 | INFO | Chunker | Created 1 chunks for section 6.22
2026-07-29 11:16:57,709 | INFO | Chunker | Created 1 chunks for section 6.23
2026-07-29 11:16:57,782 | INFO | Chunker | Created 1 chunks for section 6.24
2026-07-29 11:16:57,825 | INFO | Chunker | Created 1 chunks for section 6.25
2026-07-29 11:16:57,871 | INFO | Chunker | Created 1 chunks for section 6.26
2026-07-29 11:16:57,936 | INFO | Chunker | Created 1 chunks for section 6.27
2026-07-29 11:16:57,991 | INFO | Chunker | Created 1 chunks for section 6.28
2026-07-29 11:16:58,046 | INFO | Chunker | Created 1 chunks for section 6.29
2026-07-29 11:16:58,107 | INFO | Chunker | Created 1 chunks for section 6.30
2026-07-29 11:16:58,146 | INFO | Chunker | Created 1 chunks for section 6.31
2026-07-29 11:16:58,271 | INFO | Chunker | Created 1 chunks for section 6.32
2026-07-29 11:16:58,365 | INFO | Chunker | Created 1 chunks for section 6.33
2026-07-29 11:16:58,455 | INFO | Chunker | Created 1 chunks for section 6.34
2026-07-29 11:16:58,516 | INFO | Chunker | Created 1 chunks for section 6.35
2026-07-29 11:16:58,582 | INFO | Chunker | Created 1 chunks for section 6.36
2026-07-29 11:16:58,644 | INFO | Chunker | Created 1 chunks for section 6.37
2026-07-29 11:16:58,697 | INFO | Chunker | Created 1 chunks for section 6.38
2026-07-29 11:16:58,777 | INFO | Chunker | Created 1 chunks for section 6.39
2026-07-29 11:16:58,877 | INFO | Chunker | Created 1 chunks for section 6.40
2026-07-29 11:16:58,916 | INFO | Chunker | Created 1 chunks for section 6.41
2026-07-29 11:16:58,922 | INFO | DGFTKnowledgePipeline | Processing Chapter-7-of-HBP-2023.pdf
2026-07-29 11:16:58,923 | INFO | PDFLoader | Loading PDF C:\Users\mabis\OneDrive\Documents\New folder\dekai-dgft-parser\input\pdf\Chapter-7-of-HBP-2023.pdf
2026-07-29 11:16:59,689 | INFO | PDFLoader | Loaded 6 pages from Chapter-7-of-HBP-2023.pdf
2026-07-29 11:16:59,701 | INFO | TextCleaner | Cleaned 6 pages
2026-07-29 11:16:59,708 | INFO | RuleExtractor | Extracted 12 section drafts from Chapter-7-of-HBP-2023.pdf
2026-07-29 11:16:59,872 | INFO | Chunker | Created 1 chunks for section 7.00
2026-07-29 11:16:59,922 | INFO | Chunker | Created 1 chunks for section 7.01
2026-07-29 11:16:59,992 | INFO | Chunker | Created 1 chunks for section 7.02
2026-07-29 11:17:00,079 | INFO | Chunker | Created 1 chunks for section 7.03
2026-07-29 11:17:00,135 | INFO | Chunker | Created 1 chunks for section 7.04
2026-07-29 11:17:00,197 | INFO | Chunker | Created 1 chunks for section 7.05
2026-07-29 11:17:00,249 | INFO | Chunker | Created 1 chunks for section 7.06
2026-07-29 11:17:00,291 | INFO | Chunker | Created 1 chunks for section 7.07
2026-07-29 11:17:00,341 | INFO | Chunker | Created 1 chunks for section 7.08
2026-07-29 11:17:00,385 | INFO | Chunker | Created 1 chunks for section 7.09
2026-07-29 11:17:00,466 | INFO | Chunker | Created 1 chunks for section 7.10
2026-07-29 11:17:00,514 | INFO | Chunker | Created 1 chunks for section 7.11
2026-07-29 11:17:00,519 | INFO | DGFTKnowledgePipeline | Processing Chapter+10+HBP+(19.05.2026).pdf
2026-07-29 11:17:00,519 | INFO | PDFLoader | Loading PDF C:\Users\mabis\OneDrive\Documents\New folder\dekai-dgft-parser\input\pdf\Chapter+10+HBP+(19.05.2026).pdf
2026-07-29 11:17:07,235 | INFO | PDFLoader | Loaded 48 pages from Chapter+10+HBP+(19.05.2026).pdf
2026-07-29 11:17:07,342 | INFO | TextCleaner | Cleaned 48 pages
2026-07-29 11:17:07,391 | INFO | RuleExtractor | Extracted 21 section drafts from Chapter+10+HBP+(19.05.2026).pdf
2026-07-29 11:17:08,243 | INFO | Chunker | Created 1 chunks for section 10.00
2026-07-29 11:17:08,278 | INFO | Chunker | Created 1 chunks for section 10.01
2026-07-29 11:17:08,365 | INFO | Chunker | Created 1 chunks for section 10.02
2026-07-29 11:17:08,459 | INFO | Chunker | Created 1 chunks for section 10.03
2026-07-29 11:17:08,543 | INFO | Chunker | Created 1 chunks for section 10.04
2026-07-29 11:17:08,612 | INFO | Chunker | Created 1 chunks for section 10.05
2026-07-29 11:17:08,699 | INFO | Chunker | Created 1 chunks for section 10.06
2026-07-29 11:17:08,854 | INFO | Chunker | Created 1 chunks for section 10.07
2026-07-29 11:17:08,929 | INFO | Chunker | Created 1 chunks for section 10.08
2026-07-29 11:17:09,097 | INFO | Chunker | Created 5 chunks for section 10.09
2026-07-29 11:17:09,157 | INFO | Chunker | Created 1 chunks for section 10.11
2026-07-29 11:17:09,432 | INFO | Chunker | Created 8 chunks for section 10.12
2026-07-29 11:17:09,558 | INFO | Chunker | Created 2 chunks for section 10.13
2026-07-29 11:17:09,659 | INFO | Chunker | Created 1 chunks for section 10.14
2026-07-29 11:17:09,727 | INFO | Chunker | Created 1 chunks for section 10.15
2026-07-29 11:17:09,919 | INFO | Chunker | Created 11 chunks for section 10.15
2026-07-29 11:17:10,068 | INFO | Chunker | Created 7 chunks for section 10.16
2026-07-29 11:17:10,168 | INFO | Chunker | Created 2 chunks for section 10.17
2026-07-29 11:17:10,224 | INFO | Chunker | Created 1 chunks for section 10.18
2026-07-29 11:17:10,333 | INFO | Chunker | Created 4 chunks for section 10.19
2026-07-29 11:17:10,397 | INFO | Chunker | Created 1 chunks for section 10.20
2026-07-29 11:22:17,594 | INFO | DGFTKnowledgePipeline | Processing HBP2023_Chapter01.pdf
2026-07-29 11:22:17,594 | INFO | PDFLoader | Loading PDF C:\Users\mabis\OneDrive\Documents\New folder\dekai-dgft-parser\input\pdf\HBP2023_Chapter01.pdf
2026-07-29 11:22:17,868 | INFO | PDFLoader | Loaded 7 pages from HBP2023_Chapter01.pdf
2026-07-29 11:22:17,874 | INFO | TextCleaner | Cleaned 7 pages
2026-07-29 11:22:17,878 | INFO | RuleExtractor | Extracted 12 section drafts from HBP2023_Chapter01.pdf
2026-07-29 11:22:17,974 | INFO | Chunker | Created 1 chunks for section 1.01
2026-07-29 11:22:17,992 | INFO | Chunker | Created 1 chunks for section 1.02
2026-07-29 11:22:18,006 | INFO | Chunker | Created 1 chunks for section 1.03
2026-07-29 11:22:18,033 | INFO | Chunker | Created 2 chunks for section 1.04
2026-07-29 11:22:18,053 | INFO | Chunker | Created 1 chunks for section 1.05
2026-07-29 11:22:18,072 | INFO | Chunker | Created 1 chunks for section 1.06
2026-07-29 11:22:18,100 | INFO | Chunker | Created 1 chunks for section 1.07
2026-07-29 11:22:18,121 | INFO | Chunker | Created 1 chunks for section 1.08
2026-07-29 11:22:18,144 | INFO | Chunker | Created 1 chunks for section 1.09
2026-07-29 11:22:18,164 | INFO | Chunker | Created 1 chunks for section 1.10
2026-07-29 11:22:18,189 | INFO | Chunker | Created 1 chunks for section 1.11
2026-07-29 11:22:18,205 | INFO | Chunker | Created 1 chunks for section 1.12
2026-07-29 11:22:18,207 | INFO | DGFTKnowledgePipeline | Processing HBP Chapter 2.pdf
2026-07-29 11:22:18,208 | INFO | PDFLoader | Loading PDF C:\Users\mabis\OneDrive\Documents\New folder\dekai-dgft-parser\input\pdf\HBP Chapter 2.pdf
2026-07-29 11:22:22,484 | INFO | PDFLoader | Loaded 52 pages from HBP Chapter 2.pdf
2026-07-29 11:22:22,552 | INFO | TextCleaner | Cleaned 52 pages
2026-07-29 11:22:22,586 | INFO | RuleExtractor | Extracted 99 section drafts from HBP Chapter 2.pdf
2026-07-29 11:22:23,085 | INFO | Chunker | Created 1 chunks for section 2.00
2026-07-29 11:22:23,105 | INFO | Chunker | Created 1 chunks for section 2.01
2026-07-29 11:22:23,128 | INFO | Chunker | Created 1 chunks for section 2.02
2026-07-29 11:22:23,161 | INFO | Chunker | Created 1 chunks for section 2.03
2026-07-29 11:22:23,178 | INFO | Chunker | Created 1 chunks for section 2.04
2026-07-29 11:22:23,198 | INFO | Chunker | Created 1 chunks for section 2.05
2026-07-29 11:22:23,214 | INFO | Chunker | Created 1 chunks for section 2.06
2026-07-29 11:22:23,541 | INFO | Chunker | Created 1 chunks for section 2.07
2026-07-29 11:22:23,581 | INFO | Chunker | Created 1 chunks for section 2.08
2026-07-29 11:22:23,598 | INFO | Chunker | Created 1 chunks for section 2.09
2026-07-29 11:22:23,620 | INFO | Chunker | Created 1 chunks for section 2.10
2026-07-29 11:22:23,642 | INFO | Chunker | Created 1 chunks for section 2.11
2026-07-29 11:22:23,656 | INFO | Chunker | Created 1 chunks for section 2.12
2026-07-29 11:22:23,671 | INFO | Chunker | Created 1 chunks for section 2.13
2026-07-29 11:22:23,693 | INFO | Chunker | Created 1 chunks for section 2.14
2026-07-29 11:22:23,711 | INFO | Chunker | Created 1 chunks for section 2.15
2026-07-29 11:22:23,743 | INFO | Chunker | Created 1 chunks for section 2.16
2026-07-29 11:22:23,766 | INFO | Chunker | Created 1 chunks for section 2.17
2026-07-29 11:22:23,784 | INFO | Chunker | Created 1 chunks for section 2.18
2026-07-29 11:22:23,800 | INFO | Chunker | Created 1 chunks for section 2.19
2026-07-29 11:22:23,830 | INFO | Chunker | Created 1 chunks for section 2.20
2026-07-29 11:22:23,846 | INFO | Chunker | Created 1 chunks for section 2.21
2026-07-29 11:22:23,862 | INFO | Chunker | Created 1 chunks for section 2.22
2026-07-29 11:22:23,892 | INFO | Chunker | Created 1 chunks for section 2.23
2026-07-29 11:22:23,917 | INFO | Chunker | Created 1 chunks for section 2.24
2026-07-29 11:22:23,940 | INFO | Chunker | Created 1 chunks for section 2.25
2026-07-29 11:22:23,965 | INFO | Chunker | Created 1 chunks for section 2.26
2026-07-29 11:22:23,981 | INFO | Chunker | Created 1 chunks for section 2.27
2026-07-29 11:22:23,996 | INFO | Chunker | Created 1 chunks for section 2.28
2026-07-29 11:22:24,030 | INFO | Chunker | Created 1 chunks for section 2.29
2026-07-29 11:22:24,055 | INFO | Chunker | Created 1 chunks for section 2.29
2026-07-29 11:22:24,083 | INFO | Chunker | Created 1 chunks for section 2.30
2026-07-29 11:22:24,101 | INFO | Chunker | Created 1 chunks for section 2.31
2026-07-29 11:22:24,119 | INFO | Chunker | Created 1 chunks for section 2.32
2026-07-29 11:22:24,142 | INFO | Chunker | Created 1 chunks for section 2.33
2026-07-29 11:22:24,168 | INFO | Chunker | Created 1 chunks for section 2.34
2026-07-29 11:22:24,188 | INFO | Chunker | Created 1 chunks for section 2.35
2026-07-29 11:22:24,224 | INFO | Chunker | Created 1 chunks for section 2.36
2026-07-29 11:22:24,259 | INFO | Chunker | Created 1 chunks for section 2.37
2026-07-29 11:22:24,276 | INFO | Chunker | Created 1 chunks for section 2.38
2026-07-29 11:22:24,292 | INFO | Chunker | Created 1 chunks for section 2.39
2026-07-29 11:22:24,324 | INFO | Chunker | Created 1 chunks for section 2.40
2026-07-29 11:22:24,345 | INFO | Chunker | Created 1 chunks for section 2.41
2026-07-29 11:22:24,359 | INFO | Chunker | Created 1 chunks for section 2.42
2026-07-29 11:22:24,388 | INFO | Chunker | Created 1 chunks for section 2.43
2026-07-29 11:22:24,415 | INFO | Chunker | Created 1 chunks for section 2.44
2026-07-29 11:22:24,431 | INFO | Chunker | Created 1 chunks for section 2.45
2026-07-29 11:22:24,482 | INFO | Chunker | Created 1 chunks for section 2.46
2026-07-29 11:22:24,504 | INFO | Chunker | Created 1 chunks for section 2.47
2026-07-29 11:22:24,533 | INFO | Chunker | Created 1 chunks for section 2.48
2026-07-29 11:22:24,568 | INFO | Chunker | Created 1 chunks for section 2.49
2026-07-29 11:22:24,586 | INFO | Chunker | Created 1 chunks for section 2.50
2026-07-29 11:22:24,647 | INFO | Chunker | Created 3 chunks for section 2.51
2026-07-29 11:22:24,675 | INFO | Chunker | Created 1 chunks for section 2.52
2026-07-29 11:22:24,707 | INFO | Chunker | Created 1 chunks for section 2.53
2026-07-29 11:22:24,725 | INFO | Chunker | Created 1 chunks for section 2.54
2026-07-29 11:22:24,740 | INFO | Chunker | Created 1 chunks for section 2.55
2026-07-29 11:22:24,762 | INFO | Chunker | Created 1 chunks for section 2.56
2026-07-29 11:22:24,783 | INFO | Chunker | Created 1 chunks for section 2.57
2026-07-29 11:22:24,803 | INFO | Chunker | Created 1 chunks for section 2.58
2026-07-29 11:22:24,833 | INFO | Chunker | Created 1 chunks for section 2.59
2026-07-29 11:22:24,854 | INFO | Chunker | Created 1 chunks for section 2.60
2026-07-29 11:22:24,879 | INFO | Chunker | Created 1 chunks for section 2.61
2026-07-29 11:22:24,901 | INFO | Chunker | Created 1 chunks for section 2.62
2026-07-29 11:22:24,918 | INFO | Chunker | Created 1 chunks for section 2.63
2026-07-29 11:22:24,933 | INFO | Chunker | Created 1 chunks for section 2.64
2026-07-29 11:22:24,949 | INFO | Chunker | Created 1 chunks for section 2.65
2026-07-29 11:22:24,976 | INFO | Chunker | Created 1 chunks for section 2.66
2026-07-29 11:22:25,011 | INFO | Chunker | Created 1 chunks for section 2.67
2026-07-29 11:22:25,030 | INFO | Chunker | Created 1 chunks for section 2.68
2026-07-29 11:22:25,046 | INFO | Chunker | Created 1 chunks for section 2.69
2026-07-29 11:22:25,066 | INFO | Chunker | Created 1 chunks for section 2.70
2026-07-29 11:22:25,092 | INFO | Chunker | Created 1 chunks for section 2.71
2026-07-29 11:22:25,113 | INFO | Chunker | Created 1 chunks for section 2.72
2026-07-29 11:22:25,135 | INFO | Chunker | Created 1 chunks for section 2.73
2026-07-29 11:22:25,154 | INFO | Chunker | Created 1 chunks for section 2.74
2026-07-29 11:22:25,177 | INFO | Chunker | Created 1 chunks for section 2.75
2026-07-29 11:22:25,211 | INFO | Chunker | Created 2 chunks for section 2.76
2026-07-29 11:22:25,231 | INFO | Chunker | Created 1 chunks for section 2.77
2026-07-29 11:22:25,273 | INFO | Chunker | Created 1 chunks for section 2.78
2026-07-29 11:22:25,310 | INFO | Chunker | Created 1 chunks for section 2.79
2026-07-29 11:22:25,332 | INFO | Chunker | Created 1 chunks for section 2.80
2026-07-29 11:22:25,349 | INFO | Chunker | Created 1 chunks for section 2.81
2026-07-29 11:22:25,370 | INFO | Chunker | Created 1 chunks for section 2.82
2026-07-29 11:22:25,388 | INFO | Chunker | Created 1 chunks for section 2.83
2026-07-29 11:22:25,408 | INFO | Chunker | Created 1 chunks for section 2.84
2026-07-29 11:22:25,424 | INFO | Chunker | Created 1 chunks for section 2.85
2026-07-29 11:22:25,446 | INFO | Chunker | Created 1 chunks for section 2.86
2026-07-29 11:22:25,468 | INFO | Chunker | Created 1 chunks for section 2.87
2026-07-29 11:22:25,506 | INFO | Chunker | Created 1 chunks for section 2.88
2026-07-29 11:22:25,539 | INFO | Chunker | Created 1 chunks for section 2.89
2026-07-29 11:22:25,881 | INFO | Chunker | Created 1 chunks for section 2.90
2026-07-29 11:22:25,919 | INFO | Chunker | Created 1 chunks for section 2.91
2026-07-29 11:22:25,974 | INFO | Chunker | Created 10 chunks for section 2.92
2026-07-29 11:22:26,017 | INFO | Chunker | Created 2 chunks for section 2.93
2026-07-29 11:22:26,035 | INFO | Chunker | Created 1 chunks for section 2.94
2026-07-29 11:22:26,051 | INFO | Chunker | Created 1 chunks for section 2.95
2026-07-29 11:22:26,072 | INFO | Chunker | Created 1 chunks for section 2.96
2026-07-29 11:22:26,092 | INFO | Chunker | Created 1 chunks for section 2.97
2026-07-29 11:22:26,094 | INFO | DGFTKnowledgePipeline | Processing HBP2023_Chapter03.pdf
2026-07-29 11:22:26,094 | INFO | PDFLoader | Loading PDF C:\Users\mabis\OneDrive\Documents\New folder\dekai-dgft-parser\input\pdf\HBP2023_Chapter03.pdf
2026-07-29 11:22:26,681 | INFO | PDFLoader | Loaded 6 pages from HBP2023_Chapter03.pdf
2026-07-29 11:22:26,690 | INFO | TextCleaner | Cleaned 6 pages
2026-07-29 11:22:26,696 | INFO | RuleExtractor | Extracted 8 section drafts from HBP2023_Chapter03.pdf
2026-07-29 11:22:26,773 | INFO | Chunker | Created 1 chunks for section 3.01
2026-07-29 11:22:26,799 | INFO | Chunker | Created 1 chunks for section 3.02
2026-07-29 11:22:26,824 | INFO | Chunker | Created 2 chunks for section 3.03
2026-07-29 11:22:26,848 | INFO | Chunker | Created 1 chunks for section 3.05
2026-07-29 11:22:26,870 | INFO | Chunker | Created 1 chunks for section 3.06
2026-07-29 11:22:26,888 | INFO | Chunker | Created 1 chunks for section 3.07
2026-07-29 11:22:26,904 | INFO | Chunker | Created 1 chunks for section 3.08
2026-07-29 11:22:26,924 | INFO | Chunker | Created 1 chunks for section 3.09
2026-07-29 11:22:26,926 | INFO | DGFTKnowledgePipeline | Processing HBP2023_Chapter04+as+on+20.04.2026.pdf
2026-07-29 11:22:26,927 | INFO | PDFLoader | Loading PDF C:\Users\mabis\OneDrive\Documents\New folder\dekai-dgft-parser\input\pdf\HBP2023_Chapter04+as+on+20.04.2026.pdf
2026-07-29 11:22:32,967 | INFO | PDFLoader | Loaded 58 pages from HBP2023_Chapter04+as+on+20.04.2026.pdf
2026-07-29 11:22:33,069 | INFO | TextCleaner | Cleaned 58 pages
2026-07-29 11:22:33,109 | INFO | RuleExtractor | Extracted 99 section drafts from HBP2023_Chapter04+as+on+20.04.2026.pdf
2026-07-29 11:22:33,739 | INFO | Chunker | Created 1 chunks for section 4.01
2026-07-29 11:22:33,763 | INFO | Chunker | Created 1 chunks for section 4.02
2026-07-29 11:22:33,780 | INFO | Chunker | Created 1 chunks for section 4.03
2026-07-29 11:22:33,797 | INFO | Chunker | Created 1 chunks for section 4.04
2026-07-29 11:22:33,823 | INFO | Chunker | Created 1 chunks for section 4.05
2026-07-29 11:22:33,865 | INFO | Chunker | Created 2 chunks for section 4.06
2026-07-29 11:22:33,914 | INFO | Chunker | Created 1 chunks for section 4.07
2026-07-29 11:22:33,954 | INFO | Chunker | Created 1 chunks for section 4.08
2026-07-29 11:22:33,985 | INFO | Chunker | Created 1 chunks for section 4.09
2026-07-29 11:22:34,015 | INFO | Chunker | Created 1 chunks for section 4.10
2026-07-29 11:22:34,033 | INFO | Chunker | Created 1 chunks for section 4.11
2026-07-29 11:22:34,069 | INFO | Chunker | Created 1 chunks for section 4.12
2026-07-29 11:22:34,090 | INFO | Chunker | Created 1 chunks for section 4.13
2026-07-29 11:22:34,118 | INFO | Chunker | Created 1 chunks for section 4.14
2026-07-29 11:22:34,152 | INFO | Chunker | Created 1 chunks for section 4.15
2026-07-29 11:22:34,184 | INFO | Chunker | Created 1 chunks for section 4.16
2026-07-29 11:22:34,212 | INFO | Chunker | Created 1 chunks for section 4.17
2026-07-29 11:22:34,232 | INFO | Chunker | Created 1 chunks for section 4.18
2026-07-29 11:22:34,269 | INFO | Chunker | Created 1 chunks for section 4.19
2026-07-29 11:22:34,296 | INFO | Chunker | Created 1 chunks for section 4.20
2026-07-29 11:22:34,323 | INFO | Chunker | Created 1 chunks for section 4.21
2026-07-29 11:22:34,351 | INFO | Chunker | Created 1 chunks for section 4.22
2026-07-29 11:22:34,368 | INFO | Chunker | Created 1 chunks for section 4.23
2026-07-29 11:22:34,390 | INFO | Chunker | Created 1 chunks for section 4.24
2026-07-29 11:22:34,407 | INFO | Chunker | Created 1 chunks for section 4.25
2026-07-29 11:22:34,431 | INFO | Chunker | Created 1 chunks for section 4.26
2026-07-29 11:22:34,453 | INFO | Chunker | Created 1 chunks for section 4.27
2026-07-29 11:22:34,468 | INFO | Chunker | Created 1 chunks for section 4.28
2026-07-29 11:22:34,488 | INFO | Chunker | Created 1 chunks for section 4.29
2026-07-29 11:22:34,521 | INFO | Chunker | Created 1 chunks for section 4.30
2026-07-29 11:22:34,539 | INFO | Chunker | Created 1 chunks for section 4.31
2026-07-29 11:22:34,568 | INFO | Chunker | Created 1 chunks for section 4.32
2026-07-29 11:22:34,600 | INFO | Chunker | Created 1 chunks for section 4.33
2026-07-29 11:22:34,619 | INFO | Chunker | Created 1 chunks for section 4.34
2026-07-29 11:22:34,656 | INFO | Chunker | Created 2 chunks for section 4.35
2026-07-29 11:22:34,690 | INFO | Chunker | Created 1 chunks for section 4.36
2026-07-29 11:22:34,720 | INFO | Chunker | Created 1 chunks for section 4.37
2026-07-29 11:22:34,743 | INFO | Chunker | Created 1 chunks for section 4.38
2026-07-29 11:22:34,772 | INFO | Chunker | Created 1 chunks for section 4.39
2026-07-29 11:22:34,836 | INFO | Chunker | Created 2 chunks for section 4.40
2026-07-29 11:22:34,854 | INFO | Chunker | Created 1 chunks for section 4.41
2026-07-29 11:22:34,872 | INFO | Chunker | Created 1 chunks for section 4.42
2026-07-29 11:22:34,913 | INFO | Chunker | Created 1 chunks for section 4.43
2026-07-29 11:22:34,954 | INFO | Chunker | Created 1 chunks for section 4.44
2026-07-29 11:22:34,985 | INFO | Chunker | Created 1 chunks for section 4.45
2026-07-29 11:22:35,001 | INFO | Chunker | Created 1 chunks for section 4.46
2026-07-29 11:22:35,039 | INFO | Chunker | Created 1 chunks for section 4.47
2026-07-29 11:22:35,073 | INFO | Chunker | Created 1 chunks for section 4.48
2026-07-29 11:22:35,128 | INFO | Chunker | Created 2 chunks for section 4.49
2026-07-29 11:22:35,172 | INFO | Chunker | Created 1 chunks for section 4.50
2026-07-29 11:22:35,504 | INFO | Chunker | Created 1 chunks for section 4.51
2026-07-29 11:22:35,523 | INFO | Chunker | Created 1 chunks for section 4.52
2026-07-29 11:22:35,549 | INFO | Chunker | Created 1 chunks for section 4.53
2026-07-29 11:22:35,570 | INFO | Chunker | Created 1 chunks for section 4.54
2026-07-29 11:22:35,600 | INFO | Chunker | Created 1 chunks for section 4.55
2026-07-29 11:22:35,623 | INFO | Chunker | Created 1 chunks for section 4.56
2026-07-29 11:22:35,640 | INFO | Chunker | Created 1 chunks for section 4.57
2026-07-29 11:22:35,670 | INFO | Chunker | Created 1 chunks for section 4.58
2026-07-29 11:22:35,697 | INFO | Chunker | Created 1 chunks for section 4.59
2026-07-29 11:22:35,731 | INFO | Chunker | Created 1 chunks for section 4.60
2026-07-29 11:22:35,755 | INFO | Chunker | Created 1 chunks for section 4.61
2026-07-29 11:22:35,781 | INFO | Chunker | Created 1 chunks for section 4.62
2026-07-29 11:22:35,814 | INFO | Chunker | Created 1 chunks for section 4.63
2026-07-29 11:22:35,847 | INFO | Chunker | Created 1 chunks for section 4.64
2026-07-29 11:22:35,868 | INFO | Chunker | Created 1 chunks for section 4.65
2026-07-29 11:22:35,894 | INFO | Chunker | Created 1 chunks for section 4.66
2026-07-29 11:22:35,929 | INFO | Chunker | Created 1 chunks for section 4.67
2026-07-29 11:22:35,966 | INFO | Chunker | Created 1 chunks for section 4.68
2026-07-29 11:22:35,983 | INFO | Chunker | Created 1 chunks for section 4.69
2026-07-29 11:22:36,002 | INFO | Chunker | Created 1 chunks for section 4.70
2026-07-29 11:22:36,021 | INFO | Chunker | Created 1 chunks for section 4.71
2026-07-29 11:22:36,047 | INFO | Chunker | Created 1 chunks for section 4.72
2026-07-29 11:22:36,073 | INFO | Chunker | Created 1 chunks for section 4.73
2026-07-29 11:22:36,105 | INFO | Chunker | Created 1 chunks for section 4.74
2026-07-29 11:22:36,133 | INFO | Chunker | Created 1 chunks for section 4.75
2026-07-29 11:22:36,173 | INFO | Chunker | Created 1 chunks for section 4.76
2026-07-29 11:22:36,213 | INFO | Chunker | Created 1 chunks for section 4.77
2026-07-29 11:22:36,233 | INFO | Chunker | Created 1 chunks for section 4.78
2026-07-29 11:22:36,278 | INFO | Chunker | Created 2 chunks for section 4.79
2026-07-29 11:22:36,302 | INFO | Chunker | Created 1 chunks for section 4.80
2026-07-29 11:22:36,343 | INFO | Chunker | Created 1 chunks for section 4.81
2026-07-29 11:22:36,385 | INFO | Chunker | Created 1 chunks for section 4.82
2026-07-29 11:22:36,430 | INFO | Chunker | Created 1 chunks for section 4.83
2026-07-29 11:22:36,464 | INFO | Chunker | Created 1 chunks for section 4.84
2026-07-29 11:22:36,486 | INFO | Chunker | Created 1 chunks for section 4.85
2026-07-29 11:22:36,503 | INFO | Chunker | Created 1 chunks for section 4.86
2026-07-29 11:22:36,522 | INFO | Chunker | Created 1 chunks for section 4.87
2026-07-29 11:22:36,541 | INFO | Chunker | Created 1 chunks for section 4.88
2026-07-29 11:22:36,556 | INFO | Chunker | Created 1 chunks for section 4.89
2026-07-29 11:22:36,584 | INFO | Chunker | Created 1 chunks for section 4.90
2026-07-29 11:22:36,602 | INFO | Chunker | Created 1 chunks for section 4.91
2026-07-29 11:22:36,622 | INFO | Chunker | Created 1 chunks for section 4.92
2026-07-29 11:22:36,651 | INFO | Chunker | Created 1 chunks for section 4.93
2026-07-29 11:22:36,687 | INFO | Chunker | Created 2 chunks for section 4.94
2026-07-29 11:22:36,705 | INFO | Chunker | Created 1 chunks for section 4.95
2026-07-29 11:22:36,726 | INFO | Chunker | Created 1 chunks for section 4.96
2026-07-29 11:22:36,746 | INFO | Chunker | Created 1 chunks for section 4.97
2026-07-29 11:22:36,766 | INFO | Chunker | Created 1 chunks for section 4.98
2026-07-29 11:22:36,793 | INFO | Chunker | Created 1 chunks for section 4.99
2026-07-29 11:22:36,795 | INFO | DGFTKnowledgePipeline | Processing HBP2023_Chapter05.pdf
2026-07-29 11:22:36,796 | INFO | PDFLoader | Loading PDF C:\Users\mabis\OneDrive\Documents\New folder\dekai-dgft-parser\input\pdf\HBP2023_Chapter05.pdf
2026-07-29 11:22:38,219 | INFO | PDFLoader | Loaded 15 pages from HBP2023_Chapter05.pdf
2026-07-29 11:22:38,238 | INFO | TextCleaner | Cleaned 15 pages
2026-07-29 11:22:38,247 | INFO | RuleExtractor | Extracted 25 section drafts from HBP2023_Chapter05.pdf
2026-07-29 11:22:38,743 | INFO | Chunker | Created 1 chunks for section 5.01
2026-07-29 11:22:38,768 | INFO | Chunker | Created 1 chunks for section 5.02
2026-07-29 11:22:38,807 | INFO | Chunker | Created 1 chunks for section 5.03
2026-07-29 11:22:38,866 | INFO | Chunker | Created 1 chunks for section 5.04
2026-07-29 11:22:38,894 | INFO | Chunker | Created 1 chunks for section 5.05
2026-07-29 11:22:38,930 | INFO | Chunker | Created 1 chunks for section 5.06
2026-07-29 11:22:38,958 | INFO | Chunker | Created 1 chunks for section 5.07
2026-07-29 11:22:38,996 | INFO | Chunker | Created 1 chunks for section 5.08
2026-07-29 11:22:39,026 | INFO | Chunker | Created 1 chunks for section 5.09
2026-07-29 11:22:39,063 | INFO | Chunker | Created 1 chunks for section 5.10
2026-07-29 11:22:39,079 | INFO | Chunker | Created 1 chunks for section 5.11
2026-07-29 11:22:39,096 | INFO | Chunker | Created 1 chunks for section 5.12
2026-07-29 11:22:39,170 | INFO | Chunker | Created 2 chunks for section 5.13
2026-07-29 11:22:39,212 | INFO | Chunker | Created 1 chunks for section 5.14
2026-07-29 11:22:39,262 | INFO | Chunker | Created 1 chunks for section 5.16
2026-07-29 11:22:39,289 | INFO | Chunker | Created 1 chunks for section 5.17
2026-07-29 11:22:39,311 | INFO | Chunker | Created 1 chunks for section 5.18
2026-07-29 11:22:39,334 | INFO | Chunker | Created 1 chunks for section 5.19
2026-07-29 11:22:39,358 | INFO | Chunker | Created 1 chunks for section 5.20
2026-07-29 11:22:39,385 | INFO | Chunker | Created 1 chunks for section 5.21
2026-07-29 11:22:39,408 | INFO | Chunker | Created 1 chunks for section 5.22
2026-07-29 11:22:39,433 | INFO | Chunker | Created 1 chunks for section 5.23
2026-07-29 11:22:39,455 | INFO | Chunker | Created 1 chunks for section 5.24
2026-07-29 11:22:39,483 | INFO | Chunker | Created 1 chunks for section 5.25
2026-07-29 11:22:39,501 | INFO | Chunker | Created 1 chunks for section 5.26
2026-07-29 11:22:39,503 | INFO | DGFTKnowledgePipeline | Processing HBP-Chapter-6.pdf
2026-07-29 11:22:39,503 | INFO | PDFLoader | Loading PDF C:\Users\mabis\OneDrive\Documents\New folder\dekai-dgft-parser\input\pdf\HBP-Chapter-6.pdf
2026-07-29 11:22:41,309 | INFO | PDFLoader | Loaded 24 pages from HBP-Chapter-6.pdf
2026-07-29 11:22:41,337 | INFO | TextCleaner | Cleaned 24 pages
2026-07-29 11:22:41,352 | INFO | RuleExtractor | Extracted 41 section drafts from HBP-Chapter-6.pdf
2026-07-29 11:22:41,927 | INFO | Chunker | Created 1 chunks for section 6.00
2026-07-29 11:22:41,983 | INFO | Chunker | Created 2 chunks for section 6.01
2026-07-29 11:22:42,007 | INFO | Chunker | Created 1 chunks for section 6.02
2026-07-29 11:22:42,038 | INFO | Chunker | Created 1 chunks for section 6.03
2026-07-29 11:22:42,062 | INFO | Chunker | Created 1 chunks for section 6.04
2026-07-29 11:22:42,078 | INFO | Chunker | Created 1 chunks for section 6.05
2026-07-29 11:22:42,110 | INFO | Chunker | Created 1 chunks for section 6.06
2026-07-29 11:22:42,141 | INFO | Chunker | Created 1 chunks for section 6.07
2026-07-29 11:22:42,161 | INFO | Chunker | Created 1 chunks for section 6.08
2026-07-29 11:22:42,179 | INFO | Chunker | Created 1 chunks for section 6.09
2026-07-29 11:22:42,210 | INFO | Chunker | Created 1 chunks for section 6.10
2026-07-29 11:22:42,244 | INFO | Chunker | Created 1 chunks for section 6.11
2026-07-29 11:22:42,266 | INFO | Chunker | Created 1 chunks for section 6.12
2026-07-29 11:22:42,291 | INFO | Chunker | Created 1 chunks for section 6.13
2026-07-29 11:22:42,311 | INFO | Chunker | Created 1 chunks for section 6.14
2026-07-29 11:22:42,326 | INFO | Chunker | Created 1 chunks for section 6.15
2026-07-29 11:22:42,344 | INFO | Chunker | Created 1 chunks for section 6.16
2026-07-29 11:22:42,364 | INFO | Chunker | Created 1 chunks for section 6.17
2026-07-29 11:22:42,381 | INFO | Chunker | Created 1 chunks for section 6.18
2026-07-29 11:22:42,406 | INFO | Chunker | Created 1 chunks for section 6.19
2026-07-29 11:22:42,444 | INFO | Chunker | Created 2 chunks for section 6.20
2026-07-29 11:22:42,478 | INFO | Chunker | Created 1 chunks for section 6.22
2026-07-29 11:22:42,509 | INFO | Chunker | Created 1 chunks for section 6.23
2026-07-29 11:22:42,537 | INFO | Chunker | Created 1 chunks for section 6.24
2026-07-29 11:22:42,561 | INFO | Chunker | Created 1 chunks for section 6.25
2026-07-29 11:22:42,578 | INFO | Chunker | Created 1 chunks for section 6.26
2026-07-29 11:22:42,604 | INFO | Chunker | Created 1 chunks for section 6.27
2026-07-29 11:22:42,628 | INFO | Chunker | Created 1 chunks for section 6.28
2026-07-29 11:22:42,653 | INFO | Chunker | Created 1 chunks for section 6.29
2026-07-29 11:22:42,678 | INFO | Chunker | Created 1 chunks for section 6.30
2026-07-29 11:22:42,698 | INFO | Chunker | Created 1 chunks for section 6.31
2026-07-29 11:22:42,740 | INFO | Chunker | Created 1 chunks for section 6.32
2026-07-29 11:22:42,772 | INFO | Chunker | Created 1 chunks for section 6.33
2026-07-29 11:22:42,821 | INFO | Chunker | Created 1 chunks for section 6.34
2026-07-29 11:22:42,838 | INFO | Chunker | Created 1 chunks for section 6.35
2026-07-29 11:22:42,865 | INFO | Chunker | Created 1 chunks for section 6.36
2026-07-29 11:22:42,883 | INFO | Chunker | Created 1 chunks for section 6.37
2026-07-29 11:22:42,903 | INFO | Chunker | Created 1 chunks for section 6.38
2026-07-29 11:22:42,935 | INFO | Chunker | Created 1 chunks for section 6.39
2026-07-29 11:22:42,985 | INFO | Chunker | Created 1 chunks for section 6.40
2026-07-29 11:22:43,004 | INFO | Chunker | Created 1 chunks for section 6.41
2026-07-29 11:22:43,006 | INFO | DGFTKnowledgePipeline | Processing Chapter-7-of-HBP-2023.pdf
2026-07-29 11:22:43,006 | INFO | PDFLoader | Loading PDF C:\Users\mabis\OneDrive\Documents\New folder\dekai-dgft-parser\input\pdf\Chapter-7-of-HBP-2023.pdf
2026-07-29 11:22:43,346 | INFO | PDFLoader | Loaded 6 pages from Chapter-7-of-HBP-2023.pdf
2026-07-29 11:22:43,352 | INFO | TextCleaner | Cleaned 6 pages
2026-07-29 11:22:43,356 | INFO | RuleExtractor | Extracted 12 section drafts from Chapter-7-of-HBP-2023.pdf
2026-07-29 11:22:43,434 | INFO | Chunker | Created 1 chunks for section 7.00
2026-07-29 11:22:43,458 | INFO | Chunker | Created 1 chunks for section 7.01
2026-07-29 11:22:43,490 | INFO | Chunker | Created 1 chunks for section 7.02
2026-07-29 11:22:43,520 | INFO | Chunker | Created 1 chunks for section 7.03
2026-07-29 11:22:43,539 | INFO | Chunker | Created 1 chunks for section 7.04
2026-07-29 11:22:43,567 | INFO | Chunker | Created 1 chunks for section 7.05
2026-07-29 11:22:43,585 | INFO | Chunker | Created 1 chunks for section 7.06
2026-07-29 11:22:43,603 | INFO | Chunker | Created 1 chunks for section 7.07
2026-07-29 11:22:43,619 | INFO | Chunker | Created 1 chunks for section 7.08
2026-07-29 11:22:43,639 | INFO | Chunker | Created 1 chunks for section 7.09
2026-07-29 11:22:43,676 | INFO | Chunker | Created 1 chunks for section 7.10
2026-07-29 11:22:43,691 | INFO | Chunker | Created 1 chunks for section 7.11
2026-07-29 11:22:43,694 | INFO | DGFTKnowledgePipeline | Processing Chapter+10+HBP+(19.05.2026).pdf
2026-07-29 11:22:43,695 | INFO | PDFLoader | Loading PDF C:\Users\mabis\OneDrive\Documents\New folder\dekai-dgft-parser\input\pdf\Chapter+10+HBP+(19.05.2026).pdf
2026-07-29 11:22:47,510 | INFO | PDFLoader | Loaded 48 pages from Chapter+10+HBP+(19.05.2026).pdf
2026-07-29 11:22:47,566 | INFO | TextCleaner | Cleaned 48 pages
2026-07-29 11:22:47,593 | INFO | RuleExtractor | Extracted 21 section drafts from Chapter+10+HBP+(19.05.2026).pdf
2026-07-29 11:22:48,276 | INFO | Chunker | Created 1 chunks for section 10.00
2026-07-29 11:22:48,291 | INFO | Chunker | Created 1 chunks for section 10.01
2026-07-29 11:22:48,316 | INFO | Chunker | Created 1 chunks for section 10.02
2026-07-29 11:22:48,340 | INFO | Chunker | Created 1 chunks for section 10.03
2026-07-29 11:22:48,374 | INFO | Chunker | Created 1 chunks for section 10.04
2026-07-29 11:22:48,404 | INFO | Chunker | Created 1 chunks for section 10.05
2026-07-29 11:22:48,442 | INFO | Chunker | Created 1 chunks for section 10.06
2026-07-29 11:22:48,459 | INFO | Chunker | Created 1 chunks for section 10.07
2026-07-29 11:22:48,483 | INFO | Chunker | Created 1 chunks for section 10.08
2026-07-29 11:22:48,562 | INFO | Chunker | Created 5 chunks for section 10.09
2026-07-29 11:22:48,589 | INFO | Chunker | Created 1 chunks for section 10.11
2026-07-29 11:22:48,697 | INFO | Chunker | Created 8 chunks for section 10.12
2026-07-29 11:22:48,764 | INFO | Chunker | Created 2 chunks for section 10.13
2026-07-29 11:22:48,798 | INFO | Chunker | Created 1 chunks for section 10.14
2026-07-29 11:22:48,827 | INFO | Chunker | Created 1 chunks for section 10.15
2026-07-29 11:22:48,928 | INFO | Chunker | Created 11 chunks for section 10.15
2026-07-29 11:22:49,005 | INFO | Chunker | Created 7 chunks for section 10.16
2026-07-29 11:22:49,048 | INFO | Chunker | Created 2 chunks for section 10.17
2026-07-29 11:22:49,068 | INFO | Chunker | Created 1 chunks for section 10.18
2026-07-29 11:22:49,119 | INFO | Chunker | Created 4 chunks for section 10.19
2026-07-29 11:22:49,143 | INFO | Chunker | Created 1 chunks for section 10.20
2026-07-29 11:22:49,462 | INFO | DGFTKnowledgePipeline | Processing ZZZ_Live_Upload_Test.pdf
2026-07-29 11:22:49,463 | INFO | PDFLoader | Loading PDF C:\Users\mabis\OneDrive\Documents\New folder\dekai-dgft-parser\input\pdf\ZZZ_Live_Upload_Test.pdf
2026-07-29 11:22:50,118 | INFO | PDFLoader | Loaded 6 pages from ZZZ_Live_Upload_Test.pdf
2026-07-29 11:22:50,125 | INFO | TextCleaner | Cleaned 6 pages
2026-07-29 11:22:50,131 | INFO | RuleExtractor | Extracted 8 section drafts from ZZZ_Live_Upload_Test.pdf
2026-07-29 11:22:50,195 | INFO | Chunker | Created 1 chunks for section 3.01
2026-07-29 11:22:50,218 | INFO | Chunker | Created 1 chunks for section 3.02
2026-07-29 11:22:50,243 | INFO | Chunker | Created 2 chunks for section 3.03
2026-07-29 11:22:50,261 | INFO | Chunker | Created 1 chunks for section 3.05
2026-07-29 11:22:50,279 | INFO | Chunker | Created 1 chunks for section 3.06
2026-07-29 11:22:50,297 | INFO | Chunker | Created 1 chunks for section 3.07
2026-07-29 11:22:50,313 | INFO | Chunker | Created 1 chunks for section 3.08
2026-07-29 11:22:50,331 | INFO | Chunker | Created 1 chunks for section 3.09
2026-07-29 11:24:28,464 | INFO | DGFTKnowledgePipeline | Processing HBP2023_Chapter01.pdf
2026-07-29 11:24:28,466 | INFO | PDFLoader | Loading PDF C:\Users\mabis\OneDrive\Documents\New folder\dekai-dgft-parser\input\pdf\HBP2023_Chapter01.pdf
2026-07-29 11:24:29,355 | INFO | PDFLoader | Loaded 7 pages from HBP2023_Chapter01.pdf
2026-07-29 11:24:29,368 | INFO | TextCleaner | Cleaned 7 pages
2026-07-29 11:24:29,375 | INFO | RuleExtractor | Extracted 12 section drafts from HBP2023_Chapter01.pdf
2026-07-29 11:24:29,565 | INFO | Chunker | Created 1 chunks for section 1.01
2026-07-29 11:24:29,613 | INFO | Chunker | Created 1 chunks for section 1.02
2026-07-29 11:24:29,656 | INFO | Chunker | Created 1 chunks for section 1.03
2026-07-29 11:24:29,728 | INFO | Chunker | Created 2 chunks for section 1.04
2026-07-29 11:24:29,782 | INFO | Chunker | Created 1 chunks for section 1.05
2026-07-29 11:24:29,828 | INFO | Chunker | Created 1 chunks for section 1.06
2026-07-29 11:24:29,884 | INFO | Chunker | Created 1 chunks for section 1.07
2026-07-29 11:24:29,942 | INFO | Chunker | Created 1 chunks for section 1.08
2026-07-29 11:24:30,004 | INFO | Chunker | Created 1 chunks for section 1.09
2026-07-29 11:24:30,061 | INFO | Chunker | Created 1 chunks for section 1.10
2026-07-29 11:24:30,131 | INFO | Chunker | Created 1 chunks for section 1.11
2026-07-29 11:24:30,227 | INFO | Chunker | Created 1 chunks for section 1.12
2026-07-29 11:24:30,248 | INFO | DGFTKnowledgePipeline | Processing HBP Chapter 2.pdf
2026-07-29 11:24:30,266 | INFO | PDFLoader | Loading PDF C:\Users\mabis\OneDrive\Documents\New folder\dekai-dgft-parser\input\pdf\HBP Chapter 2.pdf
2026-07-29 11:24:39,310 | INFO | PDFLoader | Loaded 52 pages from HBP Chapter 2.pdf
2026-07-29 11:24:39,446 | INFO | TextCleaner | Cleaned 52 pages
2026-07-29 11:24:39,530 | INFO | RuleExtractor | Extracted 99 section drafts from HBP Chapter 2.pdf
2026-07-29 11:24:40,570 | INFO | Chunker | Created 1 chunks for section 2.00
2026-07-29 11:24:40,611 | INFO | Chunker | Created 1 chunks for section 2.01
2026-07-29 11:24:40,670 | INFO | Chunker | Created 1 chunks for section 2.02
2026-07-29 11:24:40,725 | INFO | Chunker | Created 1 chunks for section 2.03
2026-07-29 11:24:40,768 | INFO | Chunker | Created 1 chunks for section 2.04
2026-07-29 11:24:40,821 | INFO | Chunker | Created 1 chunks for section 2.05
2026-07-29 11:24:40,862 | INFO | Chunker | Created 1 chunks for section 2.06
2026-07-29 11:24:40,935 | INFO | Chunker | Created 1 chunks for section 2.07
2026-07-29 11:24:41,014 | INFO | Chunker | Created 1 chunks for section 2.08
2026-07-29 11:24:41,076 | INFO | Chunker | Created 1 chunks for section 2.09
2026-07-29 11:24:41,138 | INFO | Chunker | Created 1 chunks for section 2.10
2026-07-29 11:24:41,252 | INFO | Chunker | Created 1 chunks for section 2.11
2026-07-29 11:24:41,299 | INFO | Chunker | Created 1 chunks for section 2.12
2026-07-29 11:24:41,360 | INFO | Chunker | Created 1 chunks for section 2.13
2026-07-29 11:24:41,439 | INFO | Chunker | Created 1 chunks for section 2.14
2026-07-29 11:24:41,514 | INFO | Chunker | Created 1 chunks for section 2.15
2026-07-29 11:24:41,618 | INFO | Chunker | Created 1 chunks for section 2.16
2026-07-29 11:24:41,698 | INFO | Chunker | Created 1 chunks for section 2.17
2026-07-29 11:24:41,805 | INFO | Chunker | Created 1 chunks for section 2.18
2026-07-29 11:24:41,876 | INFO | Chunker | Created 1 chunks for section 2.19
2026-07-29 11:24:41,968 | INFO | Chunker | Created 1 chunks for section 2.20
2026-07-29 11:24:42,009 | INFO | Chunker | Created 1 chunks for section 2.21
2026-07-29 11:24:42,053 | INFO | Chunker | Created 1 chunks for section 2.22
2026-07-29 11:24:42,195 | INFO | Chunker | Created 1 chunks for section 2.23
2026-07-29 11:24:42,267 | INFO | Chunker | Created 1 chunks for section 2.24
2026-07-29 11:24:42,308 | INFO | Chunker | Created 1 chunks for section 2.25
2026-07-29 11:24:42,349 | INFO | Chunker | Created 1 chunks for section 2.26
2026-07-29 11:24:42,392 | INFO | Chunker | Created 1 chunks for section 2.27
2026-07-29 11:24:42,440 | INFO | Chunker | Created 1 chunks for section 2.28
2026-07-29 11:24:42,501 | INFO | Chunker | Created 1 chunks for section 2.29
2026-07-29 11:24:42,571 | INFO | Chunker | Created 1 chunks for section 2.29
2026-07-29 11:24:42,636 | INFO | Chunker | Created 1 chunks for section 2.30
2026-07-29 11:24:42,698 | INFO | Chunker | Created 1 chunks for section 2.31
2026-07-29 11:24:42,762 | INFO | Chunker | Created 1 chunks for section 2.32
2026-07-29 11:24:42,918 | INFO | Chunker | Created 1 chunks for section 2.33
2026-07-29 11:24:42,996 | INFO | Chunker | Created 1 chunks for section 2.34
2026-07-29 11:24:43,060 | INFO | Chunker | Created 1 chunks for section 2.35
2026-07-29 11:24:43,136 | INFO | Chunker | Created 1 chunks for section 2.36
2026-07-29 11:24:43,215 | INFO | Chunker | Created 1 chunks for section 2.37
2026-07-29 11:24:43,259 | INFO | Chunker | Created 1 chunks for section 2.38
2026-07-29 11:24:43,320 | INFO | Chunker | Created 1 chunks for section 2.39
2026-07-29 11:24:43,381 | INFO | Chunker | Created 1 chunks for section 2.40
2026-07-29 11:24:43,434 | INFO | Chunker | Created 1 chunks for section 2.41
2026-07-29 11:24:43,486 | INFO | Chunker | Created 1 chunks for section 2.42
2026-07-29 11:24:43,558 | INFO | Chunker | Created 1 chunks for section 2.43
2026-07-29 11:24:43,635 | INFO | Chunker | Created 1 chunks for section 2.44
2026-07-29 11:24:43,673 | INFO | Chunker | Created 1 chunks for section 2.45
2026-07-29 11:24:43,743 | INFO | Chunker | Created 1 chunks for section 2.46
2026-07-29 11:24:43,825 | INFO | Chunker | Created 1 chunks for section 2.47
2026-07-29 11:24:43,940 | INFO | Chunker | Created 1 chunks for section 2.48
2026-07-29 11:24:44,038 | INFO | Chunker | Created 1 chunks for section 2.49
2026-07-29 11:24:44,080 | INFO | Chunker | Created 1 chunks for section 2.50
2026-07-29 11:24:44,219 | INFO | Chunker | Created 3 chunks for section 2.51
2026-07-29 11:24:44,294 | INFO | Chunker | Created 1 chunks for section 2.52
2026-07-29 11:24:44,404 | INFO | Chunker | Created 1 chunks for section 2.53
2026-07-29 11:24:44,478 | INFO | Chunker | Created 1 chunks for section 2.54
2026-07-29 11:24:44,543 | INFO | Chunker | Created 1 chunks for section 2.55
2026-07-29 11:24:44,658 | INFO | Chunker | Created 1 chunks for section 2.56
2026-07-29 11:24:44,728 | INFO | Chunker | Created 1 chunks for section 2.57
2026-07-29 11:24:44,776 | INFO | Chunker | Created 1 chunks for section 2.58
2026-07-29 11:24:44,836 | INFO | Chunker | Created 1 chunks for section 2.59
2026-07-29 11:24:44,895 | INFO | Chunker | Created 1 chunks for section 2.60
2026-07-29 11:24:44,952 | INFO | Chunker | Created 1 chunks for section 2.61
2026-07-29 11:24:45,012 | INFO | Chunker | Created 1 chunks for section 2.62
2026-07-29 11:24:45,093 | INFO | Chunker | Created 1 chunks for section 2.63
2026-07-29 11:24:45,168 | INFO | Chunker | Created 1 chunks for section 2.64
2026-07-29 11:24:45,209 | INFO | Chunker | Created 1 chunks for section 2.65
2026-07-29 11:24:45,259 | INFO | Chunker | Created 1 chunks for section 2.66
2026-07-29 11:24:45,343 | INFO | Chunker | Created 1 chunks for section 2.67
2026-07-29 11:24:45,404 | INFO | Chunker | Created 1 chunks for section 2.68
2026-07-29 11:24:45,445 | INFO | Chunker | Created 1 chunks for section 2.69
2026-07-29 11:24:45,492 | INFO | Chunker | Created 1 chunks for section 2.70
2026-07-29 11:24:45,554 | INFO | Chunker | Created 1 chunks for section 2.71
2026-07-29 11:24:45,616 | INFO | Chunker | Created 1 chunks for section 2.72
2026-07-29 11:24:45,678 | INFO | Chunker | Created 1 chunks for section 2.73
2026-07-29 11:24:45,726 | INFO | Chunker | Created 1 chunks for section 2.74
2026-07-29 11:24:45,797 | INFO | Chunker | Created 1 chunks for section 2.75
2026-07-29 11:24:45,888 | INFO | Chunker | Created 2 chunks for section 2.76
2026-07-29 11:24:45,935 | INFO | Chunker | Created 1 chunks for section 2.77
2026-07-29 11:24:46,064 | INFO | Chunker | Created 1 chunks for section 2.78
2026-07-29 11:24:46,135 | INFO | Chunker | Created 1 chunks for section 2.79
2026-07-29 11:24:46,184 | INFO | Chunker | Created 1 chunks for section 2.80
2026-07-29 11:24:46,227 | INFO | Chunker | Created 1 chunks for section 2.81
2026-07-29 11:24:46,272 | INFO | Chunker | Created 1 chunks for section 2.82
2026-07-29 11:24:46,309 | INFO | Chunker | Created 1 chunks for section 2.83
2026-07-29 11:24:46,355 | INFO | Chunker | Created 1 chunks for section 2.84
2026-07-29 11:24:46,392 | INFO | Chunker | Created 1 chunks for section 2.85
2026-07-29 11:24:46,450 | INFO | Chunker | Created 1 chunks for section 2.86
2026-07-29 11:24:46,497 | INFO | Chunker | Created 1 chunks for section 2.87
2026-07-29 11:24:46,555 | INFO | Chunker | Created 1 chunks for section 2.88
2026-07-29 11:24:46,626 | INFO | Chunker | Created 1 chunks for section 2.89
2026-07-29 11:24:46,729 | INFO | Chunker | Created 1 chunks for section 2.90
2026-07-29 11:24:46,843 | INFO | Chunker | Created 1 chunks for section 2.91
2026-07-29 11:24:47,016 | INFO | Chunker | Created 10 chunks for section 2.92
2026-07-29 11:24:47,106 | INFO | Chunker | Created 2 chunks for section 2.93
2026-07-29 11:24:47,146 | INFO | Chunker | Created 1 chunks for section 2.94
2026-07-29 11:24:47,186 | INFO | Chunker | Created 1 chunks for section 2.95
2026-07-29 11:24:47,237 | INFO | Chunker | Created 1 chunks for section 2.96
2026-07-29 11:24:47,275 | INFO | Chunker | Created 1 chunks for section 2.97
2026-07-29 11:24:47,305 | INFO | DGFTKnowledgePipeline | Processing HBP2023_Chapter03.pdf
2026-07-29 11:24:47,306 | INFO | PDFLoader | Loading PDF C:\Users\mabis\OneDrive\Documents\New folder\dekai-dgft-parser\input\pdf\HBP2023_Chapter03.pdf
2026-07-29 11:24:48,358 | INFO | PDFLoader | Loaded 6 pages from HBP2023_Chapter03.pdf
2026-07-29 11:24:48,373 | INFO | TextCleaner | Cleaned 6 pages
2026-07-29 11:24:48,380 | INFO | RuleExtractor | Extracted 8 section drafts from HBP2023_Chapter03.pdf
2026-07-29 11:24:48,511 | INFO | Chunker | Created 1 chunks for section 3.01
2026-07-29 11:24:48,555 | INFO | Chunker | Created 1 chunks for section 3.02
2026-07-29 11:24:48,611 | INFO | Chunker | Created 2 chunks for section 3.03
2026-07-29 11:24:48,657 | INFO | Chunker | Created 1 chunks for section 3.05
2026-07-29 11:24:48,724 | INFO | Chunker | Created 1 chunks for section 3.06
2026-07-29 11:24:48,774 | INFO | Chunker | Created 1 chunks for section 3.07
2026-07-29 11:24:48,824 | INFO | Chunker | Created 1 chunks for section 3.08
2026-07-29 11:24:48,890 | INFO | Chunker | Created 1 chunks for section 3.09
2026-07-29 11:24:48,917 | INFO | DGFTKnowledgePipeline | Processing HBP2023_Chapter04+as+on+20.04.2026.pdf
2026-07-29 11:24:48,919 | INFO | PDFLoader | Loading PDF C:\Users\mabis\OneDrive\Documents\New folder\dekai-dgft-parser\input\pdf\HBP2023_Chapter04+as+on+20.04.2026.pdf
2026-07-29 11:25:01,627 | INFO | PDFLoader | Loaded 58 pages from HBP2023_Chapter04+as+on+20.04.2026.pdf
2026-07-29 11:25:01,774 | INFO | TextCleaner | Cleaned 58 pages
2026-07-29 11:25:01,851 | INFO | RuleExtractor | Extracted 99 section drafts from HBP2023_Chapter04+as+on+20.04.2026.pdf
2026-07-29 11:25:03,114 | INFO | Chunker | Created 1 chunks for section 4.01
2026-07-29 11:25:03,170 | INFO | Chunker | Created 1 chunks for section 4.02
2026-07-29 11:25:03,208 | INFO | Chunker | Created 1 chunks for section 4.03
2026-07-29 11:25:03,254 | INFO | Chunker | Created 1 chunks for section 4.04
2026-07-29 11:25:03,322 | INFO | Chunker | Created 1 chunks for section 4.05
2026-07-29 11:25:03,430 | INFO | Chunker | Created 2 chunks for section 4.06
2026-07-29 11:25:03,560 | INFO | Chunker | Created 1 chunks for section 4.07
2026-07-29 11:25:03,650 | INFO | Chunker | Created 1 chunks for section 4.08
2026-07-29 11:25:03,732 | INFO | Chunker | Created 1 chunks for section 4.09
2026-07-29 11:25:03,821 | INFO | Chunker | Created 1 chunks for section 4.10
2026-07-29 11:25:03,870 | INFO | Chunker | Created 1 chunks for section 4.11
2026-07-29 11:25:04,002 | INFO | Chunker | Created 1 chunks for section 4.12
2026-07-29 11:25:04,150 | INFO | Chunker | Created 1 chunks for section 4.13
2026-07-29 11:25:04,255 | INFO | Chunker | Created 1 chunks for section 4.14
2026-07-29 11:25:04,362 | INFO | Chunker | Created 1 chunks for section 4.15
2026-07-29 11:25:04,455 | INFO | Chunker | Created 1 chunks for section 4.16
2026-07-29 11:25:04,517 | INFO | Chunker | Created 1 chunks for section 4.17
2026-07-29 11:25:04,580 | INFO | Chunker | Created 1 chunks for section 4.18
2026-07-29 11:25:04,790 | INFO | Chunker | Created 1 chunks for section 4.19
2026-07-29 11:25:04,959 | INFO | Chunker | Created 1 chunks for section 4.20
2026-07-29 11:25:05,045 | INFO | Chunker | Created 1 chunks for section 4.21
2026-07-29 11:25:05,176 | INFO | Chunker | Created 1 chunks for section 4.22
2026-07-29 11:25:05,257 | INFO | Chunker | Created 1 chunks for section 4.23
2026-07-29 11:25:05,381 | INFO | Chunker | Created 1 chunks for section 4.24
2026-07-29 11:25:05,526 | INFO | Chunker | Created 1 chunks for section 4.25
2026-07-29 11:25:05,602 | INFO | Chunker | Created 1 chunks for section 4.26
2026-07-29 11:25:05,713 | INFO | Chunker | Created 1 chunks for section 4.27
2026-07-29 11:25:05,807 | INFO | Chunker | Created 1 chunks for section 4.28
2026-07-29 11:25:05,889 | INFO | Chunker | Created 1 chunks for section 4.29
2026-07-29 11:25:05,974 | INFO | Chunker | Created 1 chunks for section 4.30
2026-07-29 11:25:06,031 | INFO | Chunker | Created 1 chunks for section 4.31
2026-07-29 11:25:06,125 | INFO | Chunker | Created 1 chunks for section 4.32
2026-07-29 11:25:06,242 | INFO | Chunker | Created 1 chunks for section 4.33
2026-07-29 11:25:06,302 | INFO | Chunker | Created 1 chunks for section 4.34
2026-07-29 11:25:06,410 | INFO | Chunker | Created 2 chunks for section 4.35
2026-07-29 11:25:06,543 | INFO | Chunker | Created 1 chunks for section 4.36
2026-07-29 11:25:06,607 | INFO | Chunker | Created 1 chunks for section 4.37
2026-07-29 11:25:06,653 | INFO | Chunker | Created 1 chunks for section 4.38
2026-07-29 11:25:06,708 | INFO | Chunker | Created 1 chunks for section 4.39
2026-07-29 11:25:06,824 | INFO | Chunker | Created 2 chunks for section 4.40
2026-07-29 11:25:06,880 | INFO | Chunker | Created 1 chunks for section 4.41
2026-07-29 11:25:06,941 | INFO | Chunker | Created 1 chunks for section 4.42
2026-07-29 11:25:07,052 | INFO | Chunker | Created 1 chunks for section 4.43
2026-07-29 11:25:07,138 | INFO | Chunker | Created 1 chunks for section 4.44
2026-07-29 11:25:07,209 | INFO | Chunker | Created 1 chunks for section 4.45
2026-07-29 11:25:07,329 | INFO | Chunker | Created 1 chunks for section 4.46
2026-07-29 11:25:07,413 | INFO | Chunker | Created 1 chunks for section 4.47
2026-07-29 11:25:07,489 | INFO | Chunker | Created 1 chunks for section 4.48
2026-07-29 11:25:07,602 | INFO | Chunker | Created 2 chunks for section 4.49
2026-07-29 11:25:07,690 | INFO | Chunker | Created 1 chunks for section 4.50
2026-07-29 11:25:07,742 | INFO | Chunker | Created 1 chunks for section 4.51
2026-07-29 11:25:07,797 | INFO | Chunker | Created 1 chunks for section 4.52
2026-07-29 11:25:07,847 | INFO | Chunker | Created 1 chunks for section 4.53
2026-07-29 11:25:07,897 | INFO | Chunker | Created 1 chunks for section 4.54
2026-07-29 11:25:07,956 | INFO | Chunker | Created 1 chunks for section 4.55
2026-07-29 11:25:08,023 | INFO | Chunker | Created 1 chunks for section 4.56
2026-07-29 11:25:08,067 | INFO | Chunker | Created 1 chunks for section 4.57
2026-07-29 11:25:08,154 | INFO | Chunker | Created 1 chunks for section 4.58
2026-07-29 11:25:08,200 | INFO | Chunker | Created 1 chunks for section 4.59
2026-07-29 11:25:08,261 | INFO | Chunker | Created 1 chunks for section 4.60
2026-07-29 11:25:08,356 | INFO | Chunker | Created 1 chunks for section 4.61
2026-07-29 11:25:08,432 | INFO | Chunker | Created 1 chunks for section 4.62
2026-07-29 11:25:08,523 | INFO | Chunker | Created 1 chunks for section 4.63
2026-07-29 11:25:08,575 | INFO | Chunker | Created 1 chunks for section 4.64
2026-07-29 11:25:08,627 | INFO | Chunker | Created 1 chunks for section 4.65
2026-07-29 11:25:08,674 | INFO | Chunker | Created 1 chunks for section 4.66
2026-07-29 11:25:08,753 | INFO | Chunker | Created 1 chunks for section 4.67
2026-07-29 11:25:08,836 | INFO | Chunker | Created 1 chunks for section 4.68
2026-07-29 11:25:08,878 | INFO | Chunker | Created 1 chunks for section 4.69
2026-07-29 11:25:08,926 | INFO | Chunker | Created 1 chunks for section 4.70
2026-07-29 11:25:08,984 | INFO | Chunker | Created 1 chunks for section 4.71
2026-07-29 11:25:09,041 | INFO | Chunker | Created 1 chunks for section 4.72
2026-07-29 11:25:09,111 | INFO | Chunker | Created 1 chunks for section 4.73
2026-07-29 11:25:09,215 | INFO | Chunker | Created 1 chunks for section 4.74
2026-07-29 11:25:09,288 | INFO | Chunker | Created 1 chunks for section 4.75
2026-07-29 11:25:09,437 | INFO | Chunker | Created 1 chunks for section 4.76
2026-07-29 11:25:09,527 | INFO | Chunker | Created 1 chunks for section 4.77
2026-07-29 11:25:09,572 | INFO | Chunker | Created 1 chunks for section 4.78
2026-07-29 11:25:09,663 | INFO | Chunker | Created 2 chunks for section 4.79
2026-07-29 11:25:09,723 | INFO | Chunker | Created 1 chunks for section 4.80
2026-07-29 11:25:09,796 | INFO | Chunker | Created 1 chunks for section 4.81
2026-07-29 11:25:09,855 | INFO | Chunker | Created 1 chunks for section 4.82
2026-07-29 11:25:09,945 | INFO | Chunker | Created 1 chunks for section 4.83
2026-07-29 11:25:10,038 | INFO | Chunker | Created 1 chunks for section 4.84
2026-07-29 11:25:10,086 | INFO | Chunker | Created 1 chunks for section 4.85
2026-07-29 11:25:10,130 | INFO | Chunker | Created 1 chunks for section 4.86
2026-07-29 11:25:10,181 | INFO | Chunker | Created 1 chunks for section 4.87
2026-07-29 11:25:10,258 | INFO | Chunker | Created 1 chunks for section 4.88
2026-07-29 11:25:10,314 | INFO | Chunker | Created 1 chunks for section 4.89
2026-07-29 11:25:10,378 | INFO | Chunker | Created 1 chunks for section 4.90
2026-07-29 11:25:10,422 | INFO | Chunker | Created 1 chunks for section 4.91
2026-07-29 11:25:10,469 | INFO | Chunker | Created 1 chunks for section 4.92
2026-07-29 11:25:10,635 | INFO | Chunker | Created 1 chunks for section 4.93
2026-07-29 11:25:10,723 | INFO | Chunker | Created 2 chunks for section 4.94
2026-07-29 11:25:10,765 | INFO | Chunker | Created 1 chunks for section 4.95
2026-07-29 11:25:10,816 | INFO | Chunker | Created 1 chunks for section 4.96
2026-07-29 11:25:10,874 | INFO | Chunker | Created 1 chunks for section 4.97
2026-07-29 11:25:10,922 | INFO | Chunker | Created 1 chunks for section 4.98
2026-07-29 11:25:11,018 | INFO | Chunker | Created 1 chunks for section 4.99
2026-07-29 11:25:11,052 | INFO | DGFTKnowledgePipeline | Processing HBP2023_Chapter05.pdf
2026-07-29 11:25:11,055 | INFO | PDFLoader | Loading PDF C:\Users\mabis\OneDrive\Documents\New folder\dekai-dgft-parser\input\pdf\HBP2023_Chapter05.pdf
2026-07-29 11:25:13,987 | INFO | PDFLoader | Loaded 15 pages from HBP2023_Chapter05.pdf
2026-07-29 11:25:14,027 | INFO | TextCleaner | Cleaned 15 pages
2026-07-29 11:25:14,045 | INFO | RuleExtractor | Extracted 25 section drafts from HBP2023_Chapter05.pdf
2026-07-29 11:25:14,390 | INFO | Chunker | Created 1 chunks for section 5.01
2026-07-29 11:25:14,445 | INFO | Chunker | Created 1 chunks for section 5.02
2026-07-29 11:25:14,504 | INFO | Chunker | Created 1 chunks for section 5.03
2026-07-29 11:25:14,590 | INFO | Chunker | Created 1 chunks for section 5.04
2026-07-29 11:25:14,638 | INFO | Chunker | Created 1 chunks for section 5.05
2026-07-29 11:25:14,730 | INFO | Chunker | Created 1 chunks for section 5.06
2026-07-29 11:25:14,796 | INFO | Chunker | Created 1 chunks for section 5.07
2026-07-29 11:25:14,868 | INFO | Chunker | Created 1 chunks for section 5.08
2026-07-29 11:25:14,939 | INFO | Chunker | Created 1 chunks for section 5.09
2026-07-29 11:25:15,139 | INFO | Chunker | Created 1 chunks for section 5.10
2026-07-29 11:25:15,194 | INFO | Chunker | Created 1 chunks for section 5.11
2026-07-29 11:25:15,261 | INFO | Chunker | Created 1 chunks for section 5.12
2026-07-29 11:25:15,661 | INFO | Chunker | Created 2 chunks for section 5.13
2026-07-29 11:25:15,794 | INFO | Chunker | Created 1 chunks for section 5.14
2026-07-29 11:25:15,927 | INFO | Chunker | Created 1 chunks for section 5.16
2026-07-29 11:25:16,007 | INFO | Chunker | Created 1 chunks for section 5.17
2026-07-29 11:25:16,064 | INFO | Chunker | Created 1 chunks for section 5.18
2026-07-29 11:25:16,129 | INFO | Chunker | Created 1 chunks for section 5.19
2026-07-29 11:25:16,253 | INFO | Chunker | Created 1 chunks for section 5.20
2026-07-29 11:25:16,325 | INFO | Chunker | Created 1 chunks for section 5.21
2026-07-29 11:25:16,380 | INFO | Chunker | Created 1 chunks for section 5.22
2026-07-29 11:25:16,429 | INFO | Chunker | Created 1 chunks for section 5.23
2026-07-29 11:25:16,471 | INFO | Chunker | Created 1 chunks for section 5.24
2026-07-29 11:25:16,525 | INFO | Chunker | Created 1 chunks for section 5.25
2026-07-29 11:25:16,568 | INFO | Chunker | Created 1 chunks for section 5.26
2026-07-29 11:25:16,594 | INFO | DGFTKnowledgePipeline | Processing HBP-Chapter-6.pdf
2026-07-29 11:25:16,596 | INFO | PDFLoader | Loading PDF C:\Users\mabis\OneDrive\Documents\New folder\dekai-dgft-parser\input\pdf\HBP-Chapter-6.pdf
2026-07-29 11:25:21,419 | INFO | PDFLoader | Loaded 24 pages from HBP-Chapter-6.pdf
2026-07-29 11:25:21,534 | INFO | TextCleaner | Cleaned 24 pages
2026-07-29 11:25:21,602 | INFO | RuleExtractor | Extracted 41 section drafts from HBP-Chapter-6.pdf
2026-07-29 11:25:22,435 | INFO | Chunker | Created 1 chunks for section 6.00
2026-07-29 11:25:22,543 | INFO | Chunker | Created 2 chunks for section 6.01
2026-07-29 11:25:22,590 | INFO | Chunker | Created 1 chunks for section 6.02
2026-07-29 11:25:22,659 | INFO | Chunker | Created 1 chunks for section 6.03
2026-07-29 11:25:22,707 | INFO | Chunker | Created 1 chunks for section 6.04
2026-07-29 11:25:22,748 | INFO | Chunker | Created 1 chunks for section 6.05
2026-07-29 11:25:22,821 | INFO | Chunker | Created 1 chunks for section 6.06
2026-07-29 11:25:22,889 | INFO | Chunker | Created 1 chunks for section 6.07
2026-07-29 11:25:22,938 | INFO | Chunker | Created 1 chunks for section 6.08
2026-07-29 11:25:22,979 | INFO | Chunker | Created 1 chunks for section 6.09
2026-07-29 11:25:23,041 | INFO | Chunker | Created 1 chunks for section 6.10
2026-07-29 11:25:23,123 | INFO | Chunker | Created 1 chunks for section 6.11
2026-07-29 11:25:23,220 | INFO | Chunker | Created 1 chunks for section 6.12
2026-07-29 11:25:23,314 | INFO | Chunker | Created 1 chunks for section 6.13
2026-07-29 11:25:23,355 | INFO | Chunker | Created 1 chunks for section 6.14
2026-07-29 11:25:23,404 | INFO | Chunker | Created 1 chunks for section 6.15
2026-07-29 11:25:23,450 | INFO | Chunker | Created 1 chunks for section 6.16
2026-07-29 11:25:23,514 | INFO | Chunker | Created 1 chunks for section 6.17
2026-07-29 11:25:23,557 | INFO | Chunker | Created 1 chunks for section 6.18
2026-07-29 11:25:23,607 | INFO | Chunker | Created 1 chunks for section 6.19
2026-07-29 11:25:23,717 | INFO | Chunker | Created 2 chunks for section 6.20
2026-07-29 11:25:23,785 | INFO | Chunker | Created 1 chunks for section 6.22
2026-07-29 11:25:23,844 | INFO | Chunker | Created 1 chunks for section 6.23
2026-07-29 11:25:23,911 | INFO | Chunker | Created 1 chunks for section 6.24
2026-07-29 11:25:23,985 | INFO | Chunker | Created 1 chunks for section 6.25
2026-07-29 11:25:24,035 | INFO | Chunker | Created 1 chunks for section 6.26
2026-07-29 11:25:24,111 | INFO | Chunker | Created 1 chunks for section 6.27
2026-07-29 11:25:24,240 | INFO | Chunker | Created 1 chunks for section 6.28
2026-07-29 11:25:24,329 | INFO | Chunker | Created 1 chunks for section 6.29
2026-07-29 11:25:24,413 | INFO | Chunker | Created 1 chunks for section 6.30
2026-07-29 11:25:24,461 | INFO | Chunker | Created 1 chunks for section 6.31
2026-07-29 11:25:24,524 | INFO | Chunker | Created 1 chunks for section 6.32
2026-07-29 11:25:24,584 | INFO | Chunker | Created 1 chunks for section 6.33
2026-07-29 11:25:24,685 | INFO | Chunker | Created 1 chunks for section 6.34
2026-07-29 11:25:24,727 | INFO | Chunker | Created 1 chunks for section 6.35
2026-07-29 11:25:24,792 | INFO | Chunker | Created 1 chunks for section 6.36
2026-07-29 11:25:24,829 | INFO | Chunker | Created 1 chunks for section 6.37
2026-07-29 11:25:24,878 | INFO | Chunker | Created 1 chunks for section 6.38
2026-07-29 11:25:24,949 | INFO | Chunker | Created 1 chunks for section 6.39
2026-07-29 11:25:25,043 | INFO | Chunker | Created 1 chunks for section 6.40
2026-07-29 11:25:25,094 | INFO | Chunker | Created 1 chunks for section 6.41
2026-07-29 11:25:25,117 | INFO | DGFTKnowledgePipeline | Processing Chapter-7-of-HBP-2023.pdf
2026-07-29 11:25:25,120 | INFO | PDFLoader | Loading PDF C:\Users\mabis\OneDrive\Documents\New folder\dekai-dgft-parser\input\pdf\Chapter-7-of-HBP-2023.pdf
2026-07-29 11:25:25,908 | INFO | PDFLoader | Loaded 6 pages from Chapter-7-of-HBP-2023.pdf
2026-07-29 11:25:25,920 | INFO | TextCleaner | Cleaned 6 pages
2026-07-29 11:25:25,926 | INFO | RuleExtractor | Extracted 12 section drafts from Chapter-7-of-HBP-2023.pdf
2026-07-29 11:25:26,080 | INFO | Chunker | Created 1 chunks for section 7.00
2026-07-29 11:25:26,126 | INFO | Chunker | Created 1 chunks for section 7.01
2026-07-29 11:25:26,195 | INFO | Chunker | Created 1 chunks for section 7.02
2026-07-29 11:25:26,259 | INFO | Chunker | Created 1 chunks for section 7.03
2026-07-29 11:25:26,304 | INFO | Chunker | Created 1 chunks for section 7.04
2026-07-29 11:25:26,364 | INFO | Chunker | Created 1 chunks for section 7.05
2026-07-29 11:25:26,404 | INFO | Chunker | Created 1 chunks for section 7.06
2026-07-29 11:25:26,443 | INFO | Chunker | Created 1 chunks for section 7.07
2026-07-29 11:25:26,482 | INFO | Chunker | Created 1 chunks for section 7.08
2026-07-29 11:25:26,523 | INFO | Chunker | Created 1 chunks for section 7.09
2026-07-29 11:25:26,572 | INFO | Chunker | Created 1 chunks for section 7.10
2026-07-29 11:25:26,622 | INFO | Chunker | Created 1 chunks for section 7.11
2026-07-29 11:25:26,673 | INFO | DGFTKnowledgePipeline | Processing Chapter+10+HBP+(19.05.2026).pdf
2026-07-29 11:25:26,674 | INFO | PDFLoader | Loading PDF C:\Users\mabis\OneDrive\Documents\New folder\dekai-dgft-parser\input\pdf\Chapter+10+HBP+(19.05.2026).pdf
2026-07-29 11:25:34,054 | INFO | PDFLoader | Loaded 48 pages from Chapter+10+HBP+(19.05.2026).pdf
2026-07-29 11:25:34,191 | INFO | TextCleaner | Cleaned 48 pages
2026-07-29 11:25:34,249 | INFO | RuleExtractor | Extracted 21 section drafts from Chapter+10+HBP+(19.05.2026).pdf
2026-07-29 11:25:35,062 | INFO | Chunker | Created 1 chunks for section 10.00
2026-07-29 11:25:35,102 | INFO | Chunker | Created 1 chunks for section 10.01
2026-07-29 11:25:35,168 | INFO | Chunker | Created 1 chunks for section 10.02
2026-07-29 11:25:35,225 | INFO | Chunker | Created 1 chunks for section 10.03
2026-07-29 11:25:35,310 | INFO | Chunker | Created 1 chunks for section 10.04
2026-07-29 11:25:35,380 | INFO | Chunker | Created 1 chunks for section 10.05
2026-07-29 11:25:35,475 | INFO | Chunker | Created 1 chunks for section 10.06
2026-07-29 11:25:35,527 | INFO | Chunker | Created 1 chunks for section 10.07
2026-07-29 11:25:35,613 | INFO | Chunker | Created 1 chunks for section 10.08
2026-07-29 11:25:35,863 | INFO | Chunker | Created 5 chunks for section 10.09
2026-07-29 11:25:35,913 | INFO | Chunker | Created 1 chunks for section 10.11
2026-07-29 11:25:36,152 | INFO | Chunker | Created 8 chunks for section 10.12
2026-07-29 11:25:36,294 | INFO | Chunker | Created 2 chunks for section 10.13
2026-07-29 11:25:36,371 | INFO | Chunker | Created 1 chunks for section 10.14
2026-07-29 11:25:36,445 | INFO | Chunker | Created 1 chunks for section 10.15
2026-07-29 11:25:36,611 | INFO | Chunker | Created 11 chunks for section 10.15
2026-07-29 11:25:36,759 | INFO | Chunker | Created 7 chunks for section 10.16
2026-07-29 11:25:36,866 | INFO | Chunker | Created 2 chunks for section 10.17
2026-07-29 11:25:36,914 | INFO | Chunker | Created 1 chunks for section 10.18
2026-07-29 11:25:37,016 | INFO | Chunker | Created 4 chunks for section 10.19
2026-07-29 11:25:37,086 | INFO | Chunker | Created 1 chunks for section 10.20
2026-07-29 11:25:37,120 | INFO | DGFTKnowledgePipeline | Processing ZZZ_Live_Upload_Test.pdf
2026-07-29 11:25:37,122 | INFO | PDFLoader | Loading PDF C:\Users\mabis\OneDrive\Documents\New folder\dekai-dgft-parser\input\pdf\ZZZ_Live_Upload_Test.pdf
2026-07-29 11:25:38,411 | INFO | PDFLoader | Loaded 6 pages from ZZZ_Live_Upload_Test.pdf
2026-07-29 11:25:38,430 | INFO | TextCleaner | Cleaned 6 pages
2026-07-29 11:25:38,440 | INFO | RuleExtractor | Extracted 8 section drafts from ZZZ_Live_Upload_Test.pdf
2026-07-29 11:25:38,587 | INFO | Chunker | Created 1 chunks for section 3.01
2026-07-29 11:25:38,627 | INFO | Chunker | Created 1 chunks for section 3.02
2026-07-29 11:25:38,680 | INFO | Chunker | Created 2 chunks for section 3.03
2026-07-29 11:25:38,720 | INFO | Chunker | Created 1 chunks for section 3.05
2026-07-29 11:25:38,769 | INFO | Chunker | Created 1 chunks for section 3.06
2026-07-29 11:25:38,806 | INFO | Chunker | Created 1 chunks for section 3.07
2026-07-29 11:25:38,843 | INFO | Chunker | Created 1 chunks for section 3.08
2026-07-29 11:25:38,884 | INFO | Chunker | Created 1 chunks for section 3.09
2026-07-29 11:25:39,288 | INFO | DGFTKnowledgePipeline | Processing ZZZ_Live_Upload_Test_2.pdf
2026-07-29 11:25:39,289 | INFO | PDFLoader | Loading PDF C:\Users\mabis\OneDrive\Documents\New folder\dekai-dgft-parser\input\pdf\ZZZ_Live_Upload_Test_2.pdf
2026-07-29 11:25:40,207 | INFO | PDFLoader | Loaded 6 pages from ZZZ_Live_Upload_Test_2.pdf
2026-07-29 11:25:40,223 | INFO | TextCleaner | Cleaned 6 pages
2026-07-29 11:25:40,231 | INFO | RuleExtractor | Extracted 8 section drafts from ZZZ_Live_Upload_Test_2.pdf
2026-07-29 11:25:40,364 | INFO | Chunker | Created 1 chunks for section 3.01
2026-07-29 11:25:40,398 | INFO | Chunker | Created 1 chunks for section 3.02
2026-07-29 11:25:40,445 | INFO | Chunker | Created 2 chunks for section 3.03
2026-07-29 11:25:40,485 | INFO | Chunker | Created 1 chunks for section 3.05
2026-07-29 11:25:40,523 | INFO | Chunker | Created 1 chunks for section 3.06
2026-07-29 11:25:40,561 | INFO | Chunker | Created 1 chunks for section 3.07
2026-07-29 11:25:40,597 | INFO | Chunker | Created 1 chunks for section 3.08
2026-07-29 11:25:40,635 | INFO | Chunker | Created 1 chunks for section 3.09
2026-07-29 11:27:26,459 | INFO | DGFTKnowledgePipeline | Processing HBP2023_Chapter01.pdf
2026-07-29 11:27:26,462 | INFO | PDFLoader | Loading PDF C:\Users\mabis\OneDrive\Documents\New folder\dekai-dgft-parser\input\pdf\HBP2023_Chapter01.pdf
2026-07-29 11:27:27,244 | INFO | PDFLoader | Loaded 7 pages from HBP2023_Chapter01.pdf
2026-07-29 11:27:27,254 | INFO | TextCleaner | Cleaned 7 pages
2026-07-29 11:27:27,260 | INFO | RuleExtractor | Extracted 12 section drafts from HBP2023_Chapter01.pdf
2026-07-29 11:27:27,429 | INFO | Chunker | Created 1 chunks for section 1.01
2026-07-29 11:27:27,466 | INFO | Chunker | Created 1 chunks for section 1.02
2026-07-29 11:27:27,503 | INFO | Chunker | Created 1 chunks for section 1.03
2026-07-29 11:27:27,561 | INFO | Chunker | Created 2 chunks for section 1.04
2026-07-29 11:27:27,609 | INFO | Chunker | Created 1 chunks for section 1.05
2026-07-29 11:27:27,652 | INFO | Chunker | Created 1 chunks for section 1.06
2026-07-29 11:27:27,716 | INFO | Chunker | Created 1 chunks for section 1.07
2026-07-29 11:27:27,783 | INFO | Chunker | Created 1 chunks for section 1.08
2026-07-29 11:27:27,853 | INFO | Chunker | Created 1 chunks for section 1.09
2026-07-29 11:27:28,515 | INFO | Chunker | Created 1 chunks for section 1.10
2026-07-29 11:27:28,570 | INFO | Chunker | Created 1 chunks for section 1.11
2026-07-29 11:27:28,622 | INFO | Chunker | Created 1 chunks for section 1.12
2026-07-29 11:27:28,641 | INFO | DGFTKnowledgePipeline | Processing HBP Chapter 2.pdf
2026-07-29 11:27:28,641 | INFO | PDFLoader | Loading PDF C:\Users\mabis\OneDrive\Documents\New folder\dekai-dgft-parser\input\pdf\HBP Chapter 2.pdf
2026-07-29 11:27:39,272 | INFO | PDFLoader | Loaded 52 pages from HBP Chapter 2.pdf
2026-07-29 11:27:39,409 | INFO | TextCleaner | Cleaned 52 pages
2026-07-29 11:27:39,478 | INFO | RuleExtractor | Extracted 99 section drafts from HBP Chapter 2.pdf
2026-07-29 11:27:40,490 | INFO | Chunker | Created 1 chunks for section 2.00
2026-07-29 11:27:40,526 | INFO | Chunker | Created 1 chunks for section 2.01
2026-07-29 11:27:40,567 | INFO | Chunker | Created 1 chunks for section 2.02
2026-07-29 11:27:40,615 | INFO | Chunker | Created 1 chunks for section 2.03
2026-07-29 11:27:40,660 | INFO | Chunker | Created 1 chunks for section 2.04
2026-07-29 11:27:40,704 | INFO | Chunker | Created 1 chunks for section 2.05
2026-07-29 11:27:40,747 | INFO | Chunker | Created 1 chunks for section 2.06
2026-07-29 11:27:40,821 | INFO | Chunker | Created 1 chunks for section 2.07
2026-07-29 11:27:40,903 | INFO | Chunker | Created 1 chunks for section 2.08
2026-07-29 11:27:40,951 | INFO | Chunker | Created 1 chunks for section 2.09
2026-07-29 11:27:41,005 | INFO | Chunker | Created 1 chunks for section 2.10
2026-07-29 11:27:41,111 | INFO | Chunker | Created 1 chunks for section 2.11
2026-07-29 11:27:41,658 | INFO | Chunker | Created 1 chunks for section 2.12
2026-07-29 11:27:41,695 | INFO | Chunker | Created 1 chunks for section 2.13
2026-07-29 11:27:41,759 | INFO | Chunker | Created 1 chunks for section 2.14
2026-07-29 11:27:41,814 | INFO | Chunker | Created 1 chunks for section 2.15
2026-07-29 11:27:41,870 | INFO | Chunker | Created 1 chunks for section 2.16
2026-07-29 11:27:41,911 | INFO | Chunker | Created 1 chunks for section 2.17
2026-07-29 11:27:41,961 | INFO | Chunker | Created 1 chunks for section 2.18
2026-07-29 11:27:42,003 | INFO | Chunker | Created 1 chunks for section 2.19
2026-07-29 11:27:42,163 | INFO | Chunker | Created 1 chunks for section 2.20
2026-07-29 11:27:42,223 | INFO | Chunker | Created 1 chunks for section 2.21
2026-07-29 11:27:42,280 | INFO | Chunker | Created 1 chunks for section 2.22
2026-07-29 11:27:42,352 | INFO | Chunker | Created 1 chunks for section 2.23
2026-07-29 11:27:42,402 | INFO | Chunker | Created 1 chunks for section 2.24
2026-07-29 11:27:42,446 | INFO | Chunker | Created 1 chunks for section 2.25
2026-07-29 11:27:42,504 | INFO | Chunker | Created 1 chunks for section 2.26
2026-07-29 11:27:42,576 | INFO | Chunker | Created 1 chunks for section 2.27
2026-07-29 11:27:42,627 | INFO | Chunker | Created 1 chunks for section 2.28
2026-07-29 11:27:42,696 | INFO | Chunker | Created 1 chunks for section 2.29
2026-07-29 11:27:42,838 | INFO | Chunker | Created 1 chunks for section 2.29
2026-07-29 11:27:42,928 | INFO | Chunker | Created 1 chunks for section 2.30
2026-07-29 11:27:42,966 | INFO | Chunker | Created 1 chunks for section 2.31
2026-07-29 11:27:43,006 | INFO | Chunker | Created 1 chunks for section 2.32
2026-07-29 11:27:43,065 | INFO | Chunker | Created 1 chunks for section 2.33
2026-07-29 11:27:43,128 | INFO | Chunker | Created 1 chunks for section 2.34
2026-07-29 11:27:43,182 | INFO | Chunker | Created 1 chunks for section 2.35
2026-07-29 11:27:43,317 | INFO | Chunker | Created 1 chunks for section 2.36
2026-07-29 11:27:43,416 | INFO | Chunker | Created 1 chunks for section 2.37
2026-07-29 11:27:43,469 | INFO | Chunker | Created 1 chunks for section 2.38
2026-07-29 11:27:43,528 | INFO | Chunker | Created 1 chunks for section 2.39
2026-07-29 11:27:43,616 | INFO | Chunker | Created 1 chunks for section 2.40
2026-07-29 11:27:43,682 | INFO | Chunker | Created 1 chunks for section 2.41
2026-07-29 11:27:44,299 | INFO | Chunker | Created 1 chunks for section 2.42
2026-07-29 11:27:44,365 | INFO | Chunker | Created 1 chunks for section 2.43
2026-07-29 11:27:44,428 | INFO | Chunker | Created 1 chunks for section 2.44
2026-07-29 11:27:44,480 | INFO | Chunker | Created 1 chunks for section 2.45
2026-07-29 11:27:44,551 | INFO | Chunker | Created 1 chunks for section 2.46
2026-07-29 11:27:44,617 | INFO | Chunker | Created 1 chunks for section 2.47
2026-07-29 11:27:44,759 | INFO | Chunker | Created 1 chunks for section 2.48
2026-07-29 11:27:44,842 | INFO | Chunker | Created 1 chunks for section 2.49
2026-07-29 11:27:44,888 | INFO | Chunker | Created 1 chunks for section 2.50
2026-07-29 11:27:45,027 | INFO | Chunker | Created 3 chunks for section 2.51
2026-07-29 11:27:45,097 | INFO | Chunker | Created 1 chunks for section 2.52
2026-07-29 11:27:45,212 | INFO | Chunker | Created 1 chunks for section 2.53
2026-07-29 11:27:45,258 | INFO | Chunker | Created 1 chunks for section 2.54
2026-07-29 11:27:45,295 | INFO | Chunker | Created 1 chunks for section 2.55
2026-07-29 11:27:45,345 | INFO | Chunker | Created 1 chunks for section 2.56
2026-07-29 11:27:45,399 | INFO | Chunker | Created 1 chunks for section 2.57
2026-07-29 11:27:45,446 | INFO | Chunker | Created 1 chunks for section 2.58
2026-07-29 11:27:45,516 | INFO | Chunker | Created 1 chunks for section 2.59
2026-07-29 11:27:45,576 | INFO | Chunker | Created 1 chunks for section 2.60
2026-07-29 11:27:45,714 | INFO | Chunker | Created 1 chunks for section 2.61
2026-07-29 11:27:45,788 | INFO | Chunker | Created 1 chunks for section 2.62
2026-07-29 11:27:45,833 | INFO | Chunker | Created 1 chunks for section 2.63
2026-07-29 11:27:45,889 | INFO | Chunker | Created 1 chunks for section 2.64
2026-07-29 11:27:45,944 | INFO | Chunker | Created 1 chunks for section 2.65
2026-07-29 11:27:46,006 | INFO | Chunker | Created 1 chunks for section 2.66
2026-07-29 11:27:46,073 | INFO | Chunker | Created 1 chunks for section 2.67
2026-07-29 11:27:46,138 | INFO | Chunker | Created 1 chunks for section 2.68
2026-07-29 11:27:46,193 | INFO | Chunker | Created 1 chunks for section 2.69
2026-07-29 11:27:46,268 | INFO | Chunker | Created 1 chunks for section 2.70
2026-07-29 11:27:46,331 | INFO | Chunker | Created 1 chunks for section 2.71
2026-07-29 11:27:47,036 | INFO | Chunker | Created 1 chunks for section 2.72
2026-07-29 11:27:47,083 | INFO | Chunker | Created 1 chunks for section 2.73
2026-07-29 11:27:47,123 | INFO | Chunker | Created 1 chunks for section 2.74
2026-07-29 11:27:47,180 | INFO | Chunker | Created 1 chunks for section 2.75
2026-07-29 11:27:47,278 | INFO | Chunker | Created 2 chunks for section 2.76
2026-07-29 11:27:47,319 | INFO | Chunker | Created 1 chunks for section 2.77
2026-07-29 11:27:47,367 | INFO | Chunker | Created 1 chunks for section 2.78
2026-07-29 11:27:47,417 | INFO | Chunker | Created 1 chunks for section 2.79
2026-07-29 11:27:47,478 | INFO | Chunker | Created 1 chunks for section 2.80
2026-07-29 11:27:47,527 | INFO | Chunker | Created 1 chunks for section 2.81
2026-07-29 11:27:47,588 | INFO | Chunker | Created 1 chunks for section 2.82
2026-07-29 11:27:47,631 | INFO | Chunker | Created 1 chunks for section 2.83
2026-07-29 11:27:47,678 | INFO | Chunker | Created 1 chunks for section 2.84
2026-07-29 11:27:47,734 | INFO | Chunker | Created 1 chunks for section 2.85
2026-07-29 11:27:47,809 | INFO | Chunker | Created 1 chunks for section 2.86
2026-07-29 11:27:47,856 | INFO | Chunker | Created 1 chunks for section 2.87
2026-07-29 11:27:47,919 | INFO | Chunker | Created 1 chunks for section 2.88
2026-07-29 11:27:48,001 | INFO | Chunker | Created 1 chunks for section 2.89
2026-07-29 11:27:48,056 | INFO | Chunker | Created 1 chunks for section 2.90
2026-07-29 11:27:48,143 | INFO | Chunker | Created 1 chunks for section 2.91
2026-07-29 11:27:48,387 | INFO | Chunker | Created 10 chunks for section 2.92
2026-07-29 11:27:48,505 | INFO | Chunker | Created 2 chunks for section 2.93
2026-07-29 11:27:48,547 | INFO | Chunker | Created 1 chunks for section 2.94
2026-07-29 11:27:48,586 | INFO | Chunker | Created 1 chunks for section 2.95
2026-07-29 11:27:48,663 | INFO | Chunker | Created 1 chunks for section 2.96
2026-07-29 11:27:48,715 | INFO | Chunker | Created 1 chunks for section 2.97
2026-07-29 11:27:48,730 | INFO | DGFTKnowledgePipeline | Processing HBP2023_Chapter03.pdf
2026-07-29 11:27:48,730 | INFO | PDFLoader | Loading PDF C:\Users\mabis\OneDrive\Documents\New folder\dekai-dgft-parser\input\pdf\HBP2023_Chapter03.pdf
2026-07-29 11:27:50,250 | INFO | PDFLoader | Loaded 6 pages from HBP2023_Chapter03.pdf
2026-07-29 11:27:50,264 | INFO | TextCleaner | Cleaned 6 pages
2026-07-29 11:27:50,271 | INFO | RuleExtractor | Extracted 8 section drafts from HBP2023_Chapter03.pdf
2026-07-29 11:27:50,417 | INFO | Chunker | Created 1 chunks for section 3.01
2026-07-29 11:27:50,467 | INFO | Chunker | Created 1 chunks for section 3.02
2026-07-29 11:27:50,536 | INFO | Chunker | Created 2 chunks for section 3.03
2026-07-29 11:27:50,583 | INFO | Chunker | Created 1 chunks for section 3.05
2026-07-29 11:27:50,632 | INFO | Chunker | Created 1 chunks for section 3.06
2026-07-29 11:27:50,685 | INFO | Chunker | Created 1 chunks for section 3.07
2026-07-29 11:27:50,745 | INFO | Chunker | Created 1 chunks for section 3.08
2026-07-29 11:27:50,798 | INFO | Chunker | Created 1 chunks for section 3.09
2026-07-29 11:27:50,814 | INFO | DGFTKnowledgePipeline | Processing HBP2023_Chapter04+as+on+20.04.2026.pdf
2026-07-29 11:27:50,814 | INFO | PDFLoader | Loading PDF C:\Users\mabis\OneDrive\Documents\New folder\dekai-dgft-parser\input\pdf\HBP2023_Chapter04+as+on+20.04.2026.pdf
2026-07-29 11:28:03,391 | INFO | PDFLoader | Loaded 58 pages from HBP2023_Chapter04+as+on+20.04.2026.pdf
2026-07-29 11:28:03,523 | INFO | TextCleaner | Cleaned 58 pages
2026-07-29 11:28:03,589 | INFO | RuleExtractor | Extracted 99 section drafts from HBP2023_Chapter04+as+on+20.04.2026.pdf
2026-07-29 11:28:04,776 | INFO | Chunker | Created 1 chunks for section 4.01
2026-07-29 11:28:04,835 | INFO | Chunker | Created 1 chunks for section 4.02
2026-07-29 11:28:04,874 | INFO | Chunker | Created 1 chunks for section 4.03
2026-07-29 11:28:04,915 | INFO | Chunker | Created 1 chunks for section 4.04
2026-07-29 11:28:04,971 | INFO | Chunker | Created 1 chunks for section 4.05
2026-07-29 11:28:05,068 | INFO | Chunker | Created 2 chunks for section 4.06
2026-07-29 11:28:05,175 | INFO | Chunker | Created 1 chunks for section 4.07
2026-07-29 11:28:05,277 | INFO | Chunker | Created 1 chunks for section 4.08
2026-07-29 11:28:05,347 | INFO | Chunker | Created 1 chunks for section 4.09
2026-07-29 11:28:05,422 | INFO | Chunker | Created 1 chunks for section 4.10
2026-07-29 11:28:05,464 | INFO | Chunker | Created 1 chunks for section 4.11
2026-07-29 11:28:05,567 | INFO | Chunker | Created 1 chunks for section 4.12
2026-07-29 11:28:05,628 | INFO | Chunker | Created 1 chunks for section 4.13
2026-07-29 11:28:05,689 | INFO | Chunker | Created 1 chunks for section 4.14
2026-07-29 11:28:05,838 | INFO | Chunker | Created 1 chunks for section 4.15
2026-07-29 11:28:05,935 | INFO | Chunker | Created 1 chunks for section 4.16
2026-07-29 11:28:05,994 | INFO | Chunker | Created 1 chunks for section 4.17
2026-07-29 11:28:06,065 | INFO | Chunker | Created 1 chunks for section 4.18
2026-07-29 11:28:06,128 | INFO | Chunker | Created 1 chunks for section 4.19
2026-07-29 11:28:06,184 | INFO | Chunker | Created 1 chunks for section 4.20
2026-07-29 11:28:06,261 | INFO | Chunker | Created 1 chunks for section 4.21
2026-07-29 11:28:06,360 | INFO | Chunker | Created 1 chunks for section 4.22
2026-07-29 11:28:06,408 | INFO | Chunker | Created 1 chunks for section 4.23
2026-07-29 11:28:06,458 | INFO | Chunker | Created 1 chunks for section 4.24
2026-07-29 11:28:06,498 | INFO | Chunker | Created 1 chunks for section 4.25
2026-07-29 11:28:06,578 | INFO | Chunker | Created 1 chunks for section 4.26
2026-07-29 11:28:06,724 | INFO | Chunker | Created 1 chunks for section 4.27
2026-07-29 11:28:06,817 | INFO | Chunker | Created 1 chunks for section 4.28
2026-07-29 11:28:07,296 | INFO | Chunker | Created 1 chunks for section 4.29
2026-07-29 11:28:07,369 | INFO | Chunker | Created 1 chunks for section 4.30
2026-07-29 11:28:07,417 | INFO | Chunker | Created 1 chunks for section 4.31
2026-07-29 11:28:07,490 | INFO | Chunker | Created 1 chunks for section 4.32
2026-07-29 11:28:07,571 | INFO | Chunker | Created 1 chunks for section 4.33
2026-07-29 11:28:07,630 | INFO | Chunker | Created 1 chunks for section 4.34
2026-07-29 11:28:07,707 | INFO | Chunker | Created 2 chunks for section 4.35
2026-07-29 11:28:08,248 | INFO | Chunker | Created 1 chunks for section 4.36
2026-07-29 11:28:08,314 | INFO | Chunker | Created 1 chunks for section 4.37
2026-07-29 11:28:08,355 | INFO | Chunker | Created 1 chunks for section 4.38
2026-07-29 11:28:08,402 | INFO | Chunker | Created 1 chunks for section 4.39
2026-07-29 11:28:08,600 | INFO | Chunker | Created 2 chunks for section 4.40
2026-07-29 11:28:08,643 | INFO | Chunker | Created 1 chunks for section 4.41
2026-07-29 11:28:08,681 | INFO | Chunker | Created 1 chunks for section 4.42
2026-07-29 11:28:08,774 | INFO | Chunker | Created 1 chunks for section 4.43
2026-07-29 11:28:08,855 | INFO | Chunker | Created 1 chunks for section 4.44
2026-07-29 11:28:08,921 | INFO | Chunker | Created 1 chunks for section 4.45
2026-07-29 11:28:08,993 | INFO | Chunker | Created 1 chunks for section 4.46
2026-07-29 11:28:09,071 | INFO | Chunker | Created 1 chunks for section 4.47
2026-07-29 11:28:09,143 | INFO | Chunker | Created 1 chunks for section 4.48
2026-07-29 11:28:09,298 | INFO | Chunker | Created 2 chunks for section 4.49
2026-07-29 11:28:09,416 | INFO | Chunker | Created 1 chunks for section 4.50
2026-07-29 11:28:09,473 | INFO | Chunker | Created 1 chunks for section 4.51
2026-07-29 11:28:09,539 | INFO | Chunker | Created 1 chunks for section 4.52
2026-07-29 11:28:09,593 | INFO | Chunker | Created 1 chunks for section 4.53
2026-07-29 11:28:09,640 | INFO | Chunker | Created 1 chunks for section 4.54
2026-07-29 11:28:09,696 | INFO | Chunker | Created 1 chunks for section 4.55
2026-07-29 11:28:09,739 | INFO | Chunker | Created 1 chunks for section 4.56
2026-07-29 11:28:09,784 | INFO | Chunker | Created 1 chunks for section 4.57
2026-07-29 11:28:09,858 | INFO | Chunker | Created 1 chunks for section 4.58
2026-07-29 11:28:09,899 | INFO | Chunker | Created 1 chunks for section 4.59
2026-07-29 11:28:09,949 | INFO | Chunker | Created 1 chunks for section 4.60
2026-07-29 11:28:10,060 | INFO | Chunker | Created 1 chunks for section 4.61
2026-07-29 11:28:10,138 | INFO | Chunker | Created 1 chunks for section 4.62
2026-07-29 11:28:10,205 | INFO | Chunker | Created 1 chunks for section 4.63
2026-07-29 11:28:10,260 | INFO | Chunker | Created 1 chunks for section 4.64
2026-07-29 11:28:10,327 | INFO | Chunker | Created 1 chunks for section 4.65
2026-07-29 11:28:10,374 | INFO | Chunker | Created 1 chunks for section 4.66
2026-07-29 11:28:10,457 | INFO | Chunker | Created 1 chunks for section 4.67
2026-07-29 11:28:10,531 | INFO | Chunker | Created 1 chunks for section 4.68
2026-07-29 11:28:10,574 | INFO | Chunker | Created 1 chunks for section 4.69
2026-07-29 11:28:10,619 | INFO | Chunker | Created 1 chunks for section 4.70
2026-07-29 11:28:10,667 | INFO | Chunker | Created 1 chunks for section 4.71
2026-07-29 11:28:10,727 | INFO | Chunker | Created 1 chunks for section 4.72
2026-07-29 11:28:10,794 | INFO | Chunker | Created 1 chunks for section 4.73
2026-07-29 11:28:10,878 | INFO | Chunker | Created 1 chunks for section 4.74
2026-07-29 11:28:10,944 | INFO | Chunker | Created 1 chunks for section 4.75
2026-07-29 11:28:11,110 | INFO | Chunker | Created 1 chunks for section 4.76
2026-07-29 11:28:11,213 | INFO | Chunker | Created 1 chunks for section 4.77
2026-07-29 11:28:11,253 | INFO | Chunker | Created 1 chunks for section 4.78
2026-07-29 11:28:11,385 | INFO | Chunker | Created 2 chunks for section 4.79
2026-07-29 11:28:11,440 | INFO | Chunker | Created 1 chunks for section 4.80
2026-07-29 11:28:11,536 | INFO | Chunker | Created 1 chunks for section 4.81
2026-07-29 11:28:11,600 | INFO | Chunker | Created 1 chunks for section 4.82
2026-07-29 11:28:11,686 | INFO | Chunker | Created 1 chunks for section 4.83
2026-07-29 11:28:11,783 | INFO | Chunker | Created 1 chunks for section 4.84
2026-07-29 11:28:11,853 | INFO | Chunker | Created 1 chunks for section 4.85
2026-07-29 11:28:11,905 | INFO | Chunker | Created 1 chunks for section 4.86
2026-07-29 11:28:11,968 | INFO | Chunker | Created 1 chunks for section 4.87
2026-07-29 11:28:12,024 | INFO | Chunker | Created 1 chunks for section 4.88
2026-07-29 11:28:12,087 | INFO | Chunker | Created 1 chunks for section 4.89
2026-07-29 11:28:12,165 | INFO | Chunker | Created 1 chunks for section 4.90
2026-07-29 11:28:12,210 | INFO | Chunker | Created 1 chunks for section 4.91
2026-07-29 11:28:12,256 | INFO | Chunker | Created 1 chunks for section 4.92
2026-07-29 11:28:12,332 | INFO | Chunker | Created 1 chunks for section 4.93
2026-07-29 11:28:12,422 | INFO | Chunker | Created 2 chunks for section 4.94
2026-07-29 11:28:12,462 | INFO | Chunker | Created 1 chunks for section 4.95
2026-07-29 11:28:12,563 | INFO | Chunker | Created 1 chunks for section 4.96
2026-07-29 11:28:12,661 | INFO | Chunker | Created 1 chunks for section 4.97
2026-07-29 11:28:12,727 | INFO | Chunker | Created 1 chunks for section 4.98
2026-07-29 11:28:12,793 | INFO | Chunker | Created 1 chunks for section 4.99
2026-07-29 11:28:12,806 | INFO | DGFTKnowledgePipeline | Processing HBP2023_Chapter05.pdf
2026-07-29 11:28:12,807 | INFO | PDFLoader | Loading PDF C:\Users\mabis\OneDrive\Documents\New folder\dekai-dgft-parser\input\pdf\HBP2023_Chapter05.pdf
2026-07-29 11:28:16,101 | INFO | PDFLoader | Loaded 15 pages from HBP2023_Chapter05.pdf
2026-07-29 11:28:16,144 | INFO | TextCleaner | Cleaned 15 pages
2026-07-29 11:28:16,163 | INFO | RuleExtractor | Extracted 25 section drafts from HBP2023_Chapter05.pdf
2026-07-29 11:28:16,533 | INFO | Chunker | Created 1 chunks for section 5.01
2026-07-29 11:28:16,599 | INFO | Chunker | Created 1 chunks for section 5.02
2026-07-29 11:28:16,681 | INFO | Chunker | Created 1 chunks for section 5.03
2026-07-29 11:28:16,784 | INFO | Chunker | Created 1 chunks for section 5.04
2026-07-29 11:28:16,843 | INFO | Chunker | Created 1 chunks for section 5.05
2026-07-29 11:28:16,943 | INFO | Chunker | Created 1 chunks for section 5.06
2026-07-29 11:28:17,024 | INFO | Chunker | Created 1 chunks for section 5.07
2026-07-29 11:28:17,197 | INFO | Chunker | Created 1 chunks for section 5.08
2026-07-29 11:28:17,264 | INFO | Chunker | Created 1 chunks for section 5.09
2026-07-29 11:28:17,377 | INFO | Chunker | Created 1 chunks for section 5.10
2026-07-29 11:28:17,438 | INFO | Chunker | Created 1 chunks for section 5.11
2026-07-29 11:28:17,497 | INFO | Chunker | Created 1 chunks for section 5.12
2026-07-29 11:28:17,675 | INFO | Chunker | Created 2 chunks for section 5.13
2026-07-29 11:28:17,803 | INFO | Chunker | Created 1 chunks for section 5.14
2026-07-29 11:28:17,902 | INFO | Chunker | Created 1 chunks for section 5.16
2026-07-29 11:28:17,957 | INFO | Chunker | Created 1 chunks for section 5.17
2026-07-29 11:28:18,016 | INFO | Chunker | Created 1 chunks for section 5.18
2026-07-29 11:28:18,076 | INFO | Chunker | Created 1 chunks for section 5.19
2026-07-29 11:28:18,142 | INFO | Chunker | Created 1 chunks for section 5.20
2026-07-29 11:28:18,307 | INFO | Chunker | Created 1 chunks for section 5.21
2026-07-29 11:28:18,359 | INFO | Chunker | Created 1 chunks for section 5.22
2026-07-29 11:28:18,413 | INFO | Chunker | Created 1 chunks for section 5.23
2026-07-29 11:28:18,460 | INFO | Chunker | Created 1 chunks for section 5.24
2026-07-29 11:28:18,546 | INFO | Chunker | Created 1 chunks for section 5.25
2026-07-29 11:28:18,604 | INFO | Chunker | Created 1 chunks for section 5.26
2026-07-29 11:28:18,622 | INFO | DGFTKnowledgePipeline | Processing HBP-Chapter-6.pdf
2026-07-29 11:28:18,623 | INFO | PDFLoader | Loading PDF C:\Users\mabis\OneDrive\Documents\New folder\dekai-dgft-parser\input\pdf\HBP-Chapter-6.pdf
2026-07-29 11:28:22,953 | INFO | PDFLoader | Loaded 24 pages from HBP-Chapter-6.pdf
2026-07-29 11:28:23,011 | INFO | TextCleaner | Cleaned 24 pages
2026-07-29 11:28:23,043 | INFO | RuleExtractor | Extracted 41 section drafts from HBP-Chapter-6.pdf
2026-07-29 11:28:23,555 | INFO | Chunker | Created 1 chunks for section 6.00
2026-07-29 11:28:23,660 | INFO | Chunker | Created 2 chunks for section 6.01
2026-07-29 11:28:23,718 | INFO | Chunker | Created 1 chunks for section 6.02
2026-07-29 11:28:23,806 | INFO | Chunker | Created 1 chunks for section 6.03
2026-07-29 11:28:23,873 | INFO | Chunker | Created 1 chunks for section 6.04
2026-07-29 11:28:23,925 | INFO | Chunker | Created 1 chunks for section 6.05
2026-07-29 11:28:24,014 | INFO | Chunker | Created 1 chunks for section 6.06
2026-07-29 11:28:24,171 | INFO | Chunker | Created 1 chunks for section 6.07
2026-07-29 11:28:24,262 | INFO | Chunker | Created 1 chunks for section 6.08
2026-07-29 11:28:24,331 | INFO | Chunker | Created 1 chunks for section 6.09
2026-07-29 11:28:24,415 | INFO | Chunker | Created 1 chunks for section 6.10
2026-07-29 11:28:24,511 | INFO | Chunker | Created 1 chunks for section 6.11
2026-07-29 11:28:24,570 | INFO | Chunker | Created 1 chunks for section 6.12
2026-07-29 11:28:24,640 | INFO | Chunker | Created 1 chunks for section 6.13
2026-07-29 11:28:24,701 | INFO | Chunker | Created 1 chunks for section 6.14
2026-07-29 11:28:24,765 | INFO | Chunker | Created 1 chunks for section 6.15
2026-07-29 11:28:24,882 | INFO | Chunker | Created 1 chunks for section 6.16
2026-07-29 11:28:24,941 | INFO | Chunker | Created 1 chunks for section 6.17
2026-07-29 11:28:25,000 | INFO | Chunker | Created 1 chunks for section 6.18
2026-07-29 11:28:25,069 | INFO | Chunker | Created 1 chunks for section 6.19
2026-07-29 11:28:25,177 | INFO | Chunker | Created 2 chunks for section 6.20
2026-07-29 11:28:25,281 | INFO | Chunker | Created 1 chunks for section 6.22
2026-07-29 11:28:25,375 | INFO | Chunker | Created 1 chunks for section 6.23
2026-07-29 11:28:25,453 | INFO | Chunker | Created 1 chunks for section 6.24
2026-07-29 11:28:25,506 | INFO | Chunker | Created 1 chunks for section 6.25
2026-07-29 11:28:25,559 | INFO | Chunker | Created 1 chunks for section 6.26
2026-07-29 11:28:25,670 | INFO | Chunker | Created 1 chunks for section 6.27
2026-07-29 11:28:25,746 | INFO | Chunker | Created 1 chunks for section 6.28
2026-07-29 11:28:25,909 | INFO | Chunker | Created 1 chunks for section 6.29
2026-07-29 11:28:26,512 | INFO | Chunker | Created 1 chunks for section 6.30
2026-07-29 11:28:26,562 | INFO | Chunker | Created 1 chunks for section 6.31
2026-07-29 11:28:26,616 | INFO | Chunker | Created 1 chunks for section 6.32
2026-07-29 11:28:26,681 | INFO | Chunker | Created 1 chunks for section 6.33
2026-07-29 11:28:26,760 | INFO | Chunker | Created 1 chunks for section 6.34
2026-07-29 11:28:26,811 | INFO | Chunker | Created 1 chunks for section 6.35
2026-07-29 11:28:26,871 | INFO | Chunker | Created 1 chunks for section 6.36
2026-07-29 11:28:26,915 | INFO | Chunker | Created 1 chunks for section 6.37
2026-07-29 11:28:26,969 | INFO | Chunker | Created 1 chunks for section 6.38
2026-07-29 11:28:27,060 | INFO | Chunker | Created 1 chunks for section 6.39
2026-07-29 11:28:27,230 | INFO | Chunker | Created 1 chunks for section 6.40
2026-07-29 11:28:27,313 | INFO | Chunker | Created 1 chunks for section 6.41
2026-07-29 11:28:27,330 | INFO | DGFTKnowledgePipeline | Processing Chapter-7-of-HBP-2023.pdf
2026-07-29 11:28:27,333 | INFO | PDFLoader | Loading PDF C:\Users\mabis\OneDrive\Documents\New folder\dekai-dgft-parser\input\pdf\Chapter-7-of-HBP-2023.pdf
2026-07-29 11:28:28,326 | INFO | PDFLoader | Loaded 6 pages from Chapter-7-of-HBP-2023.pdf
2026-07-29 11:28:28,338 | INFO | TextCleaner | Cleaned 6 pages
2026-07-29 11:28:28,344 | INFO | RuleExtractor | Extracted 12 section drafts from Chapter-7-of-HBP-2023.pdf
2026-07-29 11:28:28,504 | INFO | Chunker | Created 1 chunks for section 7.00
2026-07-29 11:28:28,571 | INFO | Chunker | Created 1 chunks for section 7.01
2026-07-29 11:28:28,654 | INFO | Chunker | Created 1 chunks for section 7.02
2026-07-29 11:28:28,737 | INFO | Chunker | Created 1 chunks for section 7.03
2026-07-29 11:28:28,796 | INFO | Chunker | Created 1 chunks for section 7.04
2026-07-29 11:28:28,863 | INFO | Chunker | Created 1 chunks for section 7.05
2026-07-29 11:28:28,909 | INFO | Chunker | Created 1 chunks for section 7.06
2026-07-29 11:28:28,953 | INFO | Chunker | Created 1 chunks for section 7.07
2026-07-29 11:28:29,006 | INFO | Chunker | Created 1 chunks for section 7.08
2026-07-29 11:28:29,066 | INFO | Chunker | Created 1 chunks for section 7.09
2026-07-29 11:28:29,183 | INFO | Chunker | Created 1 chunks for section 7.10
2026-07-29 11:28:29,244 | INFO | Chunker | Created 1 chunks for section 7.11
2026-07-29 11:28:29,278 | INFO | DGFTKnowledgePipeline | Processing Chapter+10+HBP+(19.05.2026).pdf
2026-07-29 11:28:29,279 | INFO | PDFLoader | Loading PDF C:\Users\mabis\OneDrive\Documents\New folder\dekai-dgft-parser\input\pdf\Chapter+10+HBP+(19.05.2026).pdf
2026-07-29 11:28:36,915 | INFO | PDFLoader | Loaded 48 pages from Chapter+10+HBP+(19.05.2026).pdf
2026-07-29 11:28:37,031 | INFO | TextCleaner | Cleaned 48 pages
2026-07-29 11:28:37,098 | INFO | RuleExtractor | Extracted 21 section drafts from Chapter+10+HBP+(19.05.2026).pdf
2026-07-29 11:28:38,661 | INFO | Chunker | Created 1 chunks for section 10.00
2026-07-29 11:28:38,699 | INFO | Chunker | Created 1 chunks for section 10.01
2026-07-29 11:28:38,767 | INFO | Chunker | Created 1 chunks for section 10.02
2026-07-29 11:28:38,838 | INFO | Chunker | Created 1 chunks for section 10.03
2026-07-29 11:28:38,928 | INFO | Chunker | Created 1 chunks for section 10.04
2026-07-29 11:28:39,008 | INFO | Chunker | Created 1 chunks for section 10.05
2026-07-29 11:28:39,094 | INFO | Chunker | Created 1 chunks for section 10.06
2026-07-29 11:28:39,153 | INFO | Chunker | Created 1 chunks for section 10.07
2026-07-29 11:28:39,215 | INFO | Chunker | Created 1 chunks for section 10.08
2026-07-29 11:28:39,415 | INFO | Chunker | Created 5 chunks for section 10.09
2026-07-29 11:28:39,533 | INFO | Chunker | Created 1 chunks for section 10.11
2026-07-29 11:28:39,862 | INFO | Chunker | Created 8 chunks for section 10.12
2026-07-29 11:28:40,012 | INFO | Chunker | Created 2 chunks for section 10.13
2026-07-29 11:28:40,123 | INFO | Chunker | Created 1 chunks for section 10.14
2026-07-29 11:28:40,189 | INFO | Chunker | Created 1 chunks for section 10.15
2026-07-29 11:28:40,384 | INFO | Chunker | Created 11 chunks for section 10.15
2026-07-29 11:28:40,543 | INFO | Chunker | Created 7 chunks for section 10.16
2026-07-29 11:28:40,645 | INFO | Chunker | Created 2 chunks for section 10.17
2026-07-29 11:28:40,717 | INFO | Chunker | Created 1 chunks for section 10.18
2026-07-29 11:28:40,852 | INFO | Chunker | Created 4 chunks for section 10.19
2026-07-29 11:28:40,963 | INFO | Chunker | Created 1 chunks for section 10.20
2026-07-29 11:28:41,000 | INFO | DGFTKnowledgePipeline | Processing ZZZ_Live_Upload_Test.pdf
2026-07-29 11:28:41,004 | INFO | PDFLoader | Loading PDF C:\Users\mabis\OneDrive\Documents\New folder\dekai-dgft-parser\input\pdf\ZZZ_Live_Upload_Test.pdf
2026-07-29 11:28:41,846 | INFO | PDFLoader | Loaded 6 pages from ZZZ_Live_Upload_Test.pdf
2026-07-29 11:28:41,859 | INFO | TextCleaner | Cleaned 6 pages
2026-07-29 11:28:41,866 | INFO | RuleExtractor | Extracted 8 section drafts from ZZZ_Live_Upload_Test.pdf
2026-07-29 11:28:42,011 | INFO | Chunker | Created 1 chunks for section 3.01
2026-07-29 11:28:42,051 | INFO | Chunker | Created 1 chunks for section 3.02
2026-07-29 11:28:42,111 | INFO | Chunker | Created 2 chunks for section 3.03
2026-07-29 11:28:42,153 | INFO | Chunker | Created 1 chunks for section 3.05
2026-07-29 11:28:42,196 | INFO | Chunker | Created 1 chunks for section 3.06
2026-07-29 11:28:42,240 | INFO | Chunker | Created 1 chunks for section 3.07
2026-07-29 11:28:42,287 | INFO | Chunker | Created 1 chunks for section 3.08
2026-07-29 11:28:42,326 | INFO | Chunker | Created 1 chunks for section 3.09
2026-07-29 11:28:42,358 | INFO | DGFTKnowledgePipeline | Processing ZZZ_Live_Upload_Test_2.pdf
2026-07-29 11:28:42,359 | INFO | PDFLoader | Loading PDF C:\Users\mabis\OneDrive\Documents\New folder\dekai-dgft-parser\input\pdf\ZZZ_Live_Upload_Test_2.pdf
2026-07-29 11:28:43,570 | INFO | PDFLoader | Loaded 6 pages from ZZZ_Live_Upload_Test_2.pdf
2026-07-29 11:28:43,584 | INFO | TextCleaner | Cleaned 6 pages
2026-07-29 11:28:43,592 | INFO | RuleExtractor | Extracted 8 section drafts from ZZZ_Live_Upload_Test_2.pdf
2026-07-29 11:28:44,171 | INFO | Chunker | Created 1 chunks for section 3.01
2026-07-29 11:28:44,204 | INFO | Chunker | Created 1 chunks for section 3.02
2026-07-29 11:28:44,256 | INFO | Chunker | Created 2 chunks for section 3.03
2026-07-29 11:28:44,297 | INFO | Chunker | Created 1 chunks for section 3.05
2026-07-29 11:28:44,345 | INFO | Chunker | Created 1 chunks for section 3.06
2026-07-29 11:28:44,377 | INFO | Chunker | Created 1 chunks for section 3.07
2026-07-29 11:28:44,411 | INFO | Chunker | Created 1 chunks for section 3.08
2026-07-29 11:28:44,449 | INFO | Chunker | Created 1 chunks for section 3.09
2026-07-29 11:28:44,860 | INFO | DGFTKnowledgePipeline | Processing ZZZ_Live_Upload_Test_3.pdf
2026-07-29 11:28:44,863 | INFO | PDFLoader | Loading PDF C:\Users\mabis\OneDrive\Documents\New folder\dekai-dgft-parser\input\pdf\ZZZ_Live_Upload_Test_3.pdf
2026-07-29 11:28:45,728 | INFO | PDFLoader | Loaded 6 pages from ZZZ_Live_Upload_Test_3.pdf
2026-07-29 11:28:45,745 | INFO | TextCleaner | Cleaned 6 pages
2026-07-29 11:28:45,753 | INFO | RuleExtractor | Extracted 8 section drafts from ZZZ_Live_Upload_Test_3.pdf
2026-07-29 11:28:45,882 | INFO | Chunker | Created 1 chunks for section 3.01
2026-07-29 11:28:45,917 | INFO | Chunker | Created 1 chunks for section 3.02
2026-07-29 11:28:45,968 | INFO | Chunker | Created 2 chunks for section 3.03
2026-07-29 11:28:46,006 | INFO | Chunker | Created 1 chunks for section 3.05
2026-07-29 11:28:46,047 | INFO | Chunker | Created 1 chunks for section 3.06
2026-07-29 11:28:46,083 | INFO | Chunker | Created 1 chunks for section 3.07
2026-07-29 11:28:46,126 | INFO | Chunker | Created 1 chunks for section 3.08
2026-07-29 11:28:46,171 | INFO | Chunker | Created 1 chunks for section 3.09
2026-07-29 11:33:04,086 | INFO | DGFTKnowledgePipeline | Processing HBP2023_Chapter01.pdf
2026-07-29 11:33:04,086 | INFO | PDFLoader | Loading PDF C:\Users\mabis\OneDrive\Documents\New folder\dekai-dgft-parser\input\pdf\HBP2023_Chapter01.pdf
2026-07-29 11:33:05,020 | INFO | PDFLoader | Loaded 7 pages from HBP2023_Chapter01.pdf
2026-07-29 11:33:05,040 | INFO | TextCleaner | Cleaned 7 pages
2026-07-29 11:33:05,053 | INFO | RuleExtractor | Extracted 12 section drafts from HBP2023_Chapter01.pdf
2026-07-29 11:33:05,265 | INFO | Chunker | Created 1 chunks for section 1.01
2026-07-29 11:33:05,318 | INFO | Chunker | Created 1 chunks for section 1.02
2026-07-29 11:33:05,373 | INFO | Chunker | Created 1 chunks for section 1.03
2026-07-29 11:33:05,446 | INFO | Chunker | Created 2 chunks for section 1.04
2026-07-29 11:33:05,579 | INFO | Chunker | Created 1 chunks for section 1.05
2026-07-29 11:33:05,648 | INFO | Chunker | Created 1 chunks for section 1.06
2026-07-29 11:33:05,728 | INFO | Chunker | Created 1 chunks for section 1.07
2026-07-29 11:33:05,816 | INFO | Chunker | Created 1 chunks for section 1.08
2026-07-29 11:33:05,955 | INFO | Chunker | Created 1 chunks for section 1.09
2026-07-29 11:33:06,047 | INFO | Chunker | Created 1 chunks for section 1.10
2026-07-29 11:33:06,156 | INFO | Chunker | Created 1 chunks for section 1.11
2026-07-29 11:33:06,211 | INFO | Chunker | Created 1 chunks for section 1.12
2026-07-29 11:33:06,229 | INFO | DGFTKnowledgePipeline | Processing HBP Chapter 2.pdf
2026-07-29 11:33:06,229 | INFO | PDFLoader | Loading PDF C:\Users\mabis\OneDrive\Documents\New folder\dekai-dgft-parser\input\pdf\HBP Chapter 2.pdf
2026-07-29 11:33:15,388 | INFO | PDFLoader | Loaded 52 pages from HBP Chapter 2.pdf
2026-07-29 11:33:15,522 | INFO | TextCleaner | Cleaned 52 pages
2026-07-29 11:33:15,835 | INFO | RuleExtractor | Extracted 99 section drafts from HBP Chapter 2.pdf
2026-07-29 11:33:16,820 | INFO | Chunker | Created 1 chunks for section 2.00
2026-07-29 11:33:16,855 | INFO | Chunker | Created 1 chunks for section 2.01
2026-07-29 11:33:16,933 | INFO | Chunker | Created 1 chunks for section 2.02
2026-07-29 11:33:17,001 | INFO | Chunker | Created 1 chunks for section 2.03
2026-07-29 11:33:17,060 | INFO | Chunker | Created 1 chunks for section 2.04
2026-07-29 11:33:17,124 | INFO | Chunker | Created 1 chunks for section 2.05
2026-07-29 11:33:17,180 | INFO | Chunker | Created 1 chunks for section 2.06
2026-07-29 11:33:17,296 | INFO | Chunker | Created 1 chunks for section 2.07
2026-07-29 11:33:17,405 | INFO | Chunker | Created 1 chunks for section 2.08
2026-07-29 11:33:17,505 | INFO | Chunker | Created 1 chunks for section 2.09
2026-07-29 11:33:17,580 | INFO | Chunker | Created 1 chunks for section 2.10
2026-07-29 11:33:17,634 | INFO | Chunker | Created 1 chunks for section 2.11
2026-07-29 11:33:17,684 | INFO | Chunker | Created 1 chunks for section 2.12
2026-07-29 11:33:17,733 | INFO | Chunker | Created 1 chunks for section 2.13
2026-07-29 11:33:17,807 | INFO | Chunker | Created 1 chunks for section 2.14
2026-07-29 11:33:17,895 | INFO | Chunker | Created 1 chunks for section 2.15
2026-07-29 11:33:17,991 | INFO | Chunker | Created 1 chunks for section 2.16
2026-07-29 11:33:18,047 | INFO | Chunker | Created 1 chunks for section 2.17
2026-07-29 11:33:18,172 | INFO | Chunker | Created 1 chunks for section 2.18
2026-07-29 11:33:18,242 | INFO | Chunker | Created 1 chunks for section 2.19
2026-07-29 11:33:18,347 | INFO | Chunker | Created 1 chunks for section 2.20
2026-07-29 11:33:18,432 | INFO | Chunker | Created 1 chunks for section 2.21
2026-07-29 11:33:18,503 | INFO | Chunker | Created 1 chunks for section 2.22
2026-07-29 11:33:18,604 | INFO | Chunker | Created 1 chunks for section 2.23
2026-07-29 11:33:18,686 | INFO | Chunker | Created 1 chunks for section 2.24
2026-07-29 11:33:18,761 | INFO | Chunker | Created 1 chunks for section 2.25
2026-07-29 11:33:18,835 | INFO | Chunker | Created 1 chunks for section 2.26
2026-07-29 11:33:18,907 | INFO | Chunker | Created 1 chunks for section 2.27
2026-07-29 11:33:18,975 | INFO | Chunker | Created 1 chunks for section 2.28
2026-07-29 11:33:19,152 | INFO | Chunker | Created 1 chunks for section 2.29
2026-07-29 11:33:19,264 | INFO | Chunker | Created 1 chunks for section 2.29
2026-07-29 11:33:19,380 | INFO | Chunker | Created 1 chunks for section 2.30
2026-07-29 11:33:19,455 | INFO | Chunker | Created 1 chunks for section 2.31
2026-07-29 11:33:19,531 | INFO | Chunker | Created 1 chunks for section 2.32
2026-07-29 11:33:19,596 | INFO | Chunker | Created 1 chunks for section 2.33
2026-07-29 11:33:19,668 | INFO | Chunker | Created 1 chunks for section 2.34
2026-07-29 11:33:19,745 | INFO | Chunker | Created 1 chunks for section 2.35
2026-07-29 11:33:19,862 | INFO | Chunker | Created 1 chunks for section 2.36
2026-07-29 11:33:20,013 | INFO | Chunker | Created 1 chunks for section 2.37
2026-07-29 11:33:20,108 | INFO | Chunker | Created 1 chunks for section 2.38
2026-07-29 11:33:20,166 | INFO | Chunker | Created 1 chunks for section 2.39
2026-07-29 11:33:20,263 | INFO | Chunker | Created 1 chunks for section 2.40
2026-07-29 11:33:20,331 | INFO | Chunker | Created 1 chunks for section 2.41
2026-07-29 11:33:20,378 | INFO | Chunker | Created 1 chunks for section 2.42
2026-07-29 11:33:20,499 | INFO | Chunker | Created 1 chunks for section 2.43
2026-07-29 11:33:20,601 | INFO | Chunker | Created 1 chunks for section 2.44
2026-07-29 11:33:20,657 | INFO | Chunker | Created 1 chunks for section 2.45
2026-07-29 11:33:20,758 | INFO | Chunker | Created 1 chunks for section 2.46
2026-07-29 11:33:20,805 | INFO | Chunker | Created 1 chunks for section 2.47
2026-07-29 11:33:20,892 | INFO | Chunker | Created 1 chunks for section 2.48
2026-07-29 11:33:21,070 | INFO | Chunker | Created 1 chunks for section 2.49
2026-07-29 11:33:21,138 | INFO | Chunker | Created 1 chunks for section 2.50
2026-07-29 11:33:21,286 | INFO | Chunker | Created 3 chunks for section 2.51
2026-07-29 11:33:21,363 | INFO | Chunker | Created 1 chunks for section 2.52
2026-07-29 11:33:21,500 | INFO | Chunker | Created 1 chunks for section 2.53
2026-07-29 11:33:21,604 | INFO | Chunker | Created 1 chunks for section 2.54
2026-07-29 11:33:21,698 | INFO | Chunker | Created 1 chunks for section 2.55
2026-07-29 11:33:21,795 | INFO | Chunker | Created 1 chunks for section 2.56
2026-07-29 11:33:21,944 | INFO | Chunker | Created 1 chunks for section 2.57
2026-07-29 11:33:21,998 | INFO | Chunker | Created 1 chunks for section 2.58
2026-07-29 11:33:22,124 | INFO | Chunker | Created 1 chunks for section 2.59
2026-07-29 11:33:22,193 | INFO | Chunker | Created 1 chunks for section 2.60
2026-07-29 11:33:22,275 | INFO | Chunker | Created 1 chunks for section 2.61
2026-07-29 11:33:22,367 | INFO | Chunker | Created 1 chunks for section 2.62
2026-07-29 11:33:22,450 | INFO | Chunker | Created 1 chunks for section 2.63
2026-07-29 11:33:22,530 | INFO | Chunker | Created 1 chunks for section 2.64
2026-07-29 11:33:22,590 | INFO | Chunker | Created 1 chunks for section 2.65
2026-07-29 11:33:22,658 | INFO | Chunker | Created 1 chunks for section 2.66
2026-07-29 11:33:22,739 | INFO | Chunker | Created 1 chunks for section 2.67
2026-07-29 11:33:22,827 | INFO | Chunker | Created 1 chunks for section 2.68
2026-07-29 11:33:22,887 | INFO | Chunker | Created 1 chunks for section 2.69
2026-07-29 11:33:22,955 | INFO | Chunker | Created 1 chunks for section 2.70
2026-07-29 11:33:23,023 | INFO | Chunker | Created 1 chunks for section 2.71
2026-07-29 11:33:23,102 | INFO | Chunker | Created 1 chunks for section 2.72
2026-07-29 11:33:23,168 | INFO | Chunker | Created 1 chunks for section 2.73
2026-07-29 11:33:23,302 | INFO | Chunker | Created 1 chunks for section 2.74
2026-07-29 11:33:23,394 | INFO | Chunker | Created 1 chunks for section 2.75
2026-07-29 11:33:23,523 | INFO | Chunker | Created 2 chunks for section 2.76
2026-07-29 11:33:23,582 | INFO | Chunker | Created 1 chunks for section 2.77
2026-07-29 11:33:23,656 | INFO | Chunker | Created 1 chunks for section 2.78
2026-07-29 11:33:23,733 | INFO | Chunker | Created 1 chunks for section 2.79
2026-07-29 11:33:23,802 | INFO | Chunker | Created 1 chunks for section 2.80
2026-07-29 11:33:23,862 | INFO | Chunker | Created 1 chunks for section 2.81
2026-07-29 11:33:23,944 | INFO | Chunker | Created 1 chunks for section 2.82
2026-07-29 11:33:24,013 | INFO | Chunker | Created 1 chunks for section 2.83
2026-07-29 11:33:24,092 | INFO | Chunker | Created 1 chunks for section 2.84
2026-07-29 11:33:24,146 | INFO | Chunker | Created 1 chunks for section 2.85
2026-07-29 11:33:24,219 | INFO | Chunker | Created 1 chunks for section 2.86
2026-07-29 11:33:24,281 | INFO | Chunker | Created 1 chunks for section 2.87
2026-07-29 11:33:24,374 | INFO | Chunker | Created 1 chunks for section 2.88
2026-07-29 11:33:24,560 | INFO | Chunker | Created 1 chunks for section 2.89
2026-07-29 11:33:24,637 | INFO | Chunker | Created 1 chunks for section 2.90
2026-07-29 11:33:24,750 | INFO | Chunker | Created 1 chunks for section 2.91
2026-07-29 11:33:24,896 | INFO | Chunker | Created 10 chunks for section 2.92
2026-07-29 11:33:25,012 | INFO | Chunker | Created 2 chunks for section 2.93
2026-07-29 11:33:25,054 | INFO | Chunker | Created 1 chunks for section 2.94
2026-07-29 11:33:25,117 | INFO | Chunker | Created 1 chunks for section 2.95
2026-07-29 11:33:25,176 | INFO | Chunker | Created 1 chunks for section 2.96
2026-07-29 11:33:25,229 | INFO | Chunker | Created 1 chunks for section 2.97
2026-07-29 11:33:25,239 | INFO | DGFTKnowledgePipeline | Processing HBP2023_Chapter03.pdf
2026-07-29 11:33:25,239 | INFO | PDFLoader | Loading PDF C:\Users\mabis\OneDrive\Documents\New folder\dekai-dgft-parser\input\pdf\HBP2023_Chapter03.pdf
2026-07-29 11:33:26,223 | INFO | PDFLoader | Loaded 6 pages from HBP2023_Chapter03.pdf
2026-07-29 11:33:26,236 | INFO | TextCleaner | Cleaned 6 pages
2026-07-29 11:33:26,244 | INFO | RuleExtractor | Extracted 8 section drafts from HBP2023_Chapter03.pdf
2026-07-29 11:33:26,399 | INFO | Chunker | Created 1 chunks for section 3.01
2026-07-29 11:33:26,444 | INFO | Chunker | Created 1 chunks for section 3.02
2026-07-29 11:33:26,509 | INFO | Chunker | Created 2 chunks for section 3.03
2026-07-29 11:33:26,569 | INFO | Chunker | Created 1 chunks for section 3.05
2026-07-29 11:33:26,658 | INFO | Chunker | Created 1 chunks for section 3.06
2026-07-29 11:33:26,714 | INFO | Chunker | Created 1 chunks for section 3.07
2026-07-29 11:33:26,773 | INFO | Chunker | Created 1 chunks for section 3.08
2026-07-29 11:33:26,839 | INFO | Chunker | Created 1 chunks for section 3.09
2026-07-29 11:33:26,843 | INFO | DGFTKnowledgePipeline | Processing HBP2023_Chapter04+as+on+20.04.2026.pdf
2026-07-29 11:33:26,844 | INFO | PDFLoader | Loading PDF C:\Users\mabis\OneDrive\Documents\New folder\dekai-dgft-parser\input\pdf\HBP2023_Chapter04+as+on+20.04.2026.pdf
2026-07-29 11:33:38,508 | INFO | PDFLoader | Loaded 58 pages from HBP2023_Chapter04+as+on+20.04.2026.pdf
2026-07-29 11:33:38,651 | INFO | TextCleaner | Cleaned 58 pages
2026-07-29 11:33:38,719 | INFO | RuleExtractor | Extracted 99 section drafts from HBP2023_Chapter04+as+on+20.04.2026.pdf
2026-07-29 11:33:40,144 | INFO | Chunker | Created 1 chunks for section 4.01
2026-07-29 11:33:40,224 | INFO | Chunker | Created 1 chunks for section 4.02
2026-07-29 11:33:40,294 | INFO | Chunker | Created 1 chunks for section 4.03
2026-07-29 11:33:40,360 | INFO | Chunker | Created 1 chunks for section 4.04
2026-07-29 11:33:40,478 | INFO | Chunker | Created 1 chunks for section 4.05
2026-07-29 11:33:40,589 | INFO | Chunker | Created 2 chunks for section 4.06
2026-07-29 11:33:40,749 | INFO | Chunker | Created 1 chunks for section 4.07
2026-07-29 11:33:40,871 | INFO | Chunker | Created 1 chunks for section 4.08
2026-07-29 11:33:41,016 | INFO | Chunker | Created 1 chunks for section 4.09
2026-07-29 11:33:41,133 | INFO | Chunker | Created 1 chunks for section 4.10
2026-07-29 11:33:41,180 | INFO | Chunker | Created 1 chunks for section 4.11
2026-07-29 11:33:41,285 | INFO | Chunker | Created 1 chunks for section 4.12
2026-07-29 11:33:41,349 | INFO | Chunker | Created 1 chunks for section 4.13
2026-07-29 11:33:41,420 | INFO | Chunker | Created 1 chunks for section 4.14
2026-07-29 11:33:41,516 | INFO | Chunker | Created 1 chunks for section 4.15
2026-07-29 11:33:41,641 | INFO | Chunker | Created 1 chunks for section 4.16
2026-07-29 11:33:41,794 | INFO | Chunker | Created 1 chunks for section 4.17
2026-07-29 11:33:41,878 | INFO | Chunker | Created 1 chunks for section 4.18
2026-07-29 11:33:41,968 | INFO | Chunker | Created 1 chunks for section 4.19
2026-07-29 11:33:42,057 | INFO | Chunker | Created 1 chunks for section 4.20
2026-07-29 11:33:42,149 | INFO | Chunker | Created 1 chunks for section 4.21
2026-07-29 11:33:42,214 | INFO | Chunker | Created 1 chunks for section 4.22
2026-07-29 11:33:42,267 | INFO | Chunker | Created 1 chunks for section 4.23
2026-07-29 11:33:42,330 | INFO | Chunker | Created 1 chunks for section 4.24
2026-07-29 11:33:42,388 | INFO | Chunker | Created 1 chunks for section 4.25
2026-07-29 11:33:42,462 | INFO | Chunker | Created 1 chunks for section 4.26
2026-07-29 11:33:42,532 | INFO | Chunker | Created 1 chunks for section 4.27
2026-07-29 11:33:42,586 | INFO | Chunker | Created 1 chunks for section 4.28
2026-07-29 11:33:42,677 | INFO | Chunker | Created 1 chunks for section 4.29
2026-07-29 11:33:42,834 | INFO | Chunker | Created 1 chunks for section 4.30
2026-07-29 11:33:42,914 | INFO | Chunker | Created 1 chunks for section 4.31
2026-07-29 11:33:43,051 | INFO | Chunker | Created 1 chunks for section 4.32
2026-07-29 11:33:43,176 | INFO | Chunker | Created 1 chunks for section 4.33
2026-07-29 11:33:43,243 | INFO | Chunker | Created 1 chunks for section 4.34
2026-07-29 11:33:43,331 | INFO | Chunker | Created 2 chunks for section 4.35
2026-07-29 11:33:43,442 | INFO | Chunker | Created 1 chunks for section 4.36
2026-07-29 11:33:43,519 | INFO | Chunker | Created 1 chunks for section 4.37
2026-07-29 11:33:43,570 | INFO | Chunker | Created 1 chunks for section 4.38
2026-07-29 11:33:43,703 | INFO | Chunker | Created 1 chunks for section 4.39
2026-07-29 11:33:43,865 | INFO | Chunker | Created 2 chunks for section 4.40
2026-07-29 11:33:43,936 | INFO | Chunker | Created 1 chunks for section 4.41
2026-07-29 11:33:43,997 | INFO | Chunker | Created 1 chunks for section 4.42
2026-07-29 11:33:44,104 | INFO | Chunker | Created 1 chunks for section 4.43
2026-07-29 11:33:44,243 | INFO | Chunker | Created 1 chunks for section 4.44
2026-07-29 11:33:44,334 | INFO | Chunker | Created 1 chunks for section 4.45
2026-07-29 11:33:44,387 | INFO | Chunker | Created 1 chunks for section 4.46
2026-07-29 11:33:44,497 | INFO | Chunker | Created 1 chunks for section 4.47
2026-07-29 11:33:44,732 | INFO | Chunker | Created 1 chunks for section 4.48
2026-07-29 11:33:44,892 | INFO | Chunker | Created 2 chunks for section 4.49
2026-07-29 11:33:45,006 | INFO | Chunker | Created 1 chunks for section 4.50
2026-07-29 11:33:45,076 | INFO | Chunker | Created 1 chunks for section 4.51
2026-07-29 11:33:45,137 | INFO | Chunker | Created 1 chunks for section 4.52
2026-07-29 11:33:45,192 | INFO | Chunker | Created 1 chunks for section 4.53
2026-07-29 11:33:45,245 | INFO | Chunker | Created 1 chunks for section 4.54
2026-07-29 11:33:45,319 | INFO | Chunker | Created 1 chunks for section 4.55
2026-07-29 11:33:45,381 | INFO | Chunker | Created 1 chunks for section 4.56
2026-07-29 11:33:45,440 | INFO | Chunker | Created 1 chunks for section 4.57
2026-07-29 11:33:45,579 | INFO | Chunker | Created 1 chunks for section 4.58
2026-07-29 11:33:45,651 | INFO | Chunker | Created 1 chunks for section 4.59
2026-07-29 11:33:45,725 | INFO | Chunker | Created 1 chunks for section 4.60
2026-07-29 11:33:45,785 | INFO | Chunker | Created 1 chunks for section 4.61
2026-07-29 11:33:45,847 | INFO | Chunker | Created 1 chunks for section 4.62
2026-07-29 11:33:45,919 | INFO | Chunker | Created 1 chunks for section 4.63
2026-07-29 11:33:45,963 | INFO | Chunker | Created 1 chunks for section 4.64
2026-07-29 11:33:46,033 | INFO | Chunker | Created 1 chunks for section 4.65
2026-07-29 11:33:46,130 | INFO | Chunker | Created 1 chunks for section 4.66
2026-07-29 11:33:46,269 | INFO | Chunker | Created 1 chunks for section 4.67
2026-07-29 11:33:46,377 | INFO | Chunker | Created 1 chunks for section 4.68
2026-07-29 11:33:46,440 | INFO | Chunker | Created 1 chunks for section 4.69
2026-07-29 11:33:46,502 | INFO | Chunker | Created 1 chunks for section 4.70
2026-07-29 11:33:46,564 | INFO | Chunker | Created 1 chunks for section 4.71
2026-07-29 11:33:46,656 | INFO | Chunker | Created 1 chunks for section 4.72
2026-07-29 11:33:46,749 | INFO | Chunker | Created 1 chunks for section 4.73
2026-07-29 11:33:46,847 | INFO | Chunker | Created 1 chunks for section 4.74
2026-07-29 11:33:46,918 | INFO | Chunker | Created 1 chunks for section 4.75
2026-07-29 11:33:47,000 | INFO | Chunker | Created 1 chunks for section 4.76
2026-07-29 11:33:47,104 | INFO | Chunker | Created 1 chunks for section 4.77
2026-07-29 11:33:47,160 | INFO | Chunker | Created 1 chunks for section 4.78
2026-07-29 11:33:47,285 | INFO | Chunker | Created 2 chunks for section 4.79
2026-07-29 11:33:47,340 | INFO | Chunker | Created 1 chunks for section 4.80
2026-07-29 11:33:47,481 | INFO | Chunker | Created 1 chunks for section 4.81
2026-07-29 11:33:47,580 | INFO | Chunker | Created 1 chunks for section 4.82
2026-07-29 11:33:47,710 | INFO | Chunker | Created 1 chunks for section 4.83
2026-07-29 11:33:47,806 | INFO | Chunker | Created 1 chunks for section 4.84
2026-07-29 11:33:47,860 | INFO | Chunker | Created 1 chunks for section 4.85
2026-07-29 11:33:47,986 | INFO | Chunker | Created 1 chunks for section 4.86
2026-07-29 11:33:48,064 | INFO | Chunker | Created 1 chunks for section 4.87
2026-07-29 11:33:48,114 | INFO | Chunker | Created 1 chunks for section 4.88
2026-07-29 11:33:48,172 | INFO | Chunker | Created 1 chunks for section 4.89
2026-07-29 11:33:48,257 | INFO | Chunker | Created 1 chunks for section 4.90
2026-07-29 11:33:48,306 | INFO | Chunker | Created 1 chunks for section 4.91
2026-07-29 11:33:48,367 | INFO | Chunker | Created 1 chunks for section 4.92
2026-07-29 11:33:48,481 | INFO | Chunker | Created 1 chunks for section 4.93
2026-07-29 11:33:48,581 | INFO | Chunker | Created 2 chunks for section 4.94
2026-07-29 11:33:48,630 | INFO | Chunker | Created 1 chunks for section 4.95
2026-07-29 11:33:48,731 | INFO | Chunker | Created 1 chunks for section 4.96
2026-07-29 11:33:48,787 | INFO | Chunker | Created 1 chunks for section 4.97
2026-07-29 11:33:48,840 | INFO | Chunker | Created 1 chunks for section 4.98
2026-07-29 11:33:48,917 | INFO | Chunker | Created 1 chunks for section 4.99
2026-07-29 11:33:48,924 | INFO | DGFTKnowledgePipeline | Processing HBP2023_Chapter05.pdf
2026-07-29 11:33:48,925 | INFO | PDFLoader | Loading PDF C:\Users\mabis\OneDrive\Documents\New folder\dekai-dgft-parser\input\pdf\HBP2023_Chapter05.pdf
2026-07-29 11:33:51,765 | INFO | PDFLoader | Loaded 15 pages from HBP2023_Chapter05.pdf
2026-07-29 11:33:51,801 | INFO | TextCleaner | Cleaned 15 pages
2026-07-29 11:33:51,817 | INFO | RuleExtractor | Extracted 25 section drafts from HBP2023_Chapter05.pdf
2026-07-29 11:33:52,184 | INFO | Chunker | Created 1 chunks for section 5.01
2026-07-29 11:33:52,229 | INFO | Chunker | Created 1 chunks for section 5.02
2026-07-29 11:33:52,293 | INFO | Chunker | Created 1 chunks for section 5.03
2026-07-29 11:33:52,398 | INFO | Chunker | Created 1 chunks for section 5.04
2026-07-29 11:33:52,444 | INFO | Chunker | Created 1 chunks for section 5.05
2026-07-29 11:33:52,532 | INFO | Chunker | Created 1 chunks for section 5.06
2026-07-29 11:33:52,604 | INFO | Chunker | Created 1 chunks for section 5.07
2026-07-29 11:33:52,676 | INFO | Chunker | Created 1 chunks for section 5.08
2026-07-29 11:33:52,747 | INFO | Chunker | Created 1 chunks for section 5.09
2026-07-29 11:33:52,865 | INFO | Chunker | Created 1 chunks for section 5.10
2026-07-29 11:33:52,912 | INFO | Chunker | Created 1 chunks for section 5.11
2026-07-29 11:33:52,965 | INFO | Chunker | Created 1 chunks for section 5.12
2026-07-29 11:33:53,114 | INFO | Chunker | Created 2 chunks for section 5.13
2026-07-29 11:33:53,254 | INFO | Chunker | Created 1 chunks for section 5.14
2026-07-29 11:33:53,404 | INFO | Chunker | Created 1 chunks for section 5.16
2026-07-29 11:33:53,465 | INFO | Chunker | Created 1 chunks for section 5.17
2026-07-29 11:33:53,511 | INFO | Chunker | Created 1 chunks for section 5.18
2026-07-29 11:33:53,565 | INFO | Chunker | Created 1 chunks for section 5.19
2026-07-29 11:33:53,688 | INFO | Chunker | Created 1 chunks for section 5.20
2026-07-29 11:33:53,749 | INFO | Chunker | Created 1 chunks for section 5.21
2026-07-29 11:33:53,822 | INFO | Chunker | Created 1 chunks for section 5.22
2026-07-29 11:33:53,878 | INFO | Chunker | Created 1 chunks for section 5.23
2026-07-29 11:33:53,925 | INFO | Chunker | Created 1 chunks for section 5.24
2026-07-29 11:33:53,987 | INFO | Chunker | Created 1 chunks for section 5.25
2026-07-29 11:33:54,043 | INFO | Chunker | Created 1 chunks for section 5.26
2026-07-29 11:33:54,049 | INFO | DGFTKnowledgePipeline | Processing HBP-Chapter-6.pdf
2026-07-29 11:33:54,049 | INFO | PDFLoader | Loading PDF C:\Users\mabis\OneDrive\Documents\New folder\dekai-dgft-parser\input\pdf\HBP-Chapter-6.pdf
2026-07-29 11:33:58,049 | INFO | PDFLoader | Loaded 24 pages from HBP-Chapter-6.pdf
2026-07-29 11:33:58,109 | INFO | TextCleaner | Cleaned 24 pages
2026-07-29 11:33:58,140 | INFO | RuleExtractor | Extracted 41 section drafts from HBP-Chapter-6.pdf
2026-07-29 11:33:58,652 | INFO | Chunker | Created 1 chunks for section 6.00
2026-07-29 11:33:58,736 | INFO | Chunker | Created 2 chunks for section 6.01
2026-07-29 11:33:58,785 | INFO | Chunker | Created 1 chunks for section 6.02
2026-07-29 11:33:58,853 | INFO | Chunker | Created 1 chunks for section 6.03
2026-07-29 11:33:58,918 | INFO | Chunker | Created 1 chunks for section 6.04
2026-07-29 11:33:58,964 | INFO | Chunker | Created 1 chunks for section 6.05
2026-07-29 11:33:59,035 | INFO | Chunker | Created 1 chunks for section 6.06
2026-07-29 11:33:59,112 | INFO | Chunker | Created 1 chunks for section 6.07
2026-07-29 11:33:59,165 | INFO | Chunker | Created 1 chunks for section 6.08
2026-07-29 11:33:59,267 | INFO | Chunker | Created 1 chunks for section 6.09
2026-07-29 11:33:59,389 | INFO | Chunker | Created 1 chunks for section 6.10
2026-07-29 11:33:59,471 | INFO | Chunker | Created 1 chunks for section 6.11
2026-07-29 11:33:59,512 | INFO | Chunker | Created 1 chunks for section 6.12
2026-07-29 11:33:59,571 | INFO | Chunker | Created 1 chunks for section 6.13
2026-07-29 11:33:59,621 | INFO | Chunker | Created 1 chunks for section 6.14
2026-07-29 11:33:59,674 | INFO | Chunker | Created 1 chunks for section 6.15
2026-07-29 11:33:59,725 | INFO | Chunker | Created 1 chunks for section 6.16
2026-07-29 11:33:59,827 | INFO | Chunker | Created 1 chunks for section 6.17
2026-07-29 11:33:59,898 | INFO | Chunker | Created 1 chunks for section 6.18
2026-07-29 11:33:59,992 | INFO | Chunker | Created 1 chunks for section 6.19
2026-07-29 11:34:00,114 | INFO | Chunker | Created 2 chunks for section 6.20
2026-07-29 11:34:00,213 | INFO | Chunker | Created 1 chunks for section 6.22
2026-07-29 11:34:00,300 | INFO | Chunker | Created 1 chunks for section 6.23
2026-07-29 11:34:00,358 | INFO | Chunker | Created 1 chunks for section 6.24
2026-07-29 11:34:00,400 | INFO | Chunker | Created 1 chunks for section 6.25
2026-07-29 11:34:00,451 | INFO | Chunker | Created 1 chunks for section 6.26
2026-07-29 11:34:00,514 | INFO | Chunker | Created 1 chunks for section 6.27
2026-07-29 11:34:00,572 | INFO | Chunker | Created 1 chunks for section 6.28
2026-07-29 11:34:00,625 | INFO | Chunker | Created 1 chunks for section 6.29
2026-07-29 11:34:00,676 | INFO | Chunker | Created 1 chunks for section 6.30
2026-07-29 11:34:00,742 | INFO | Chunker | Created 1 chunks for section 6.31
2026-07-29 11:34:00,818 | INFO | Chunker | Created 1 chunks for section 6.32
2026-07-29 11:34:00,874 | INFO | Chunker | Created 1 chunks for section 6.33
2026-07-29 11:34:00,958 | INFO | Chunker | Created 1 chunks for section 6.34
2026-07-29 11:34:01,002 | INFO | Chunker | Created 1 chunks for section 6.35
2026-07-29 11:34:01,082 | INFO | Chunker | Created 1 chunks for section 6.36
2026-07-29 11:34:01,138 | INFO | Chunker | Created 1 chunks for section 6.37
2026-07-29 11:34:01,192 | INFO | Chunker | Created 1 chunks for section 6.38
2026-07-29 11:34:01,366 | INFO | Chunker | Created 1 chunks for section 6.39
2026-07-29 11:34:01,492 | INFO | Chunker | Created 1 chunks for section 6.40
2026-07-29 11:34:01,541 | INFO | Chunker | Created 1 chunks for section 6.41
2026-07-29 11:34:01,546 | INFO | DGFTKnowledgePipeline | Processing Chapter-7-of-HBP-2023.pdf
2026-07-29 11:34:01,546 | INFO | PDFLoader | Loading PDF C:\Users\mabis\OneDrive\Documents\New folder\dekai-dgft-parser\input\pdf\Chapter-7-of-HBP-2023.pdf
2026-07-29 11:34:02,225 | INFO | PDFLoader | Loaded 6 pages from Chapter-7-of-HBP-2023.pdf
2026-07-29 11:34:02,237 | INFO | TextCleaner | Cleaned 6 pages
2026-07-29 11:34:02,243 | INFO | RuleExtractor | Extracted 12 section drafts from Chapter-7-of-HBP-2023.pdf
2026-07-29 11:34:02,392 | INFO | Chunker | Created 1 chunks for section 7.00
2026-07-29 11:34:02,446 | INFO | Chunker | Created 1 chunks for section 7.01
2026-07-29 11:34:02,517 | INFO | Chunker | Created 1 chunks for section 7.02
2026-07-29 11:34:02,590 | INFO | Chunker | Created 1 chunks for section 7.03
2026-07-29 11:34:02,646 | INFO | Chunker | Created 1 chunks for section 7.04
2026-07-29 11:34:02,710 | INFO | Chunker | Created 1 chunks for section 7.05
2026-07-29 11:34:02,773 | INFO | Chunker | Created 1 chunks for section 7.06
2026-07-29 11:34:02,812 | INFO | Chunker | Created 1 chunks for section 7.07
2026-07-29 11:34:02,860 | INFO | Chunker | Created 1 chunks for section 7.08
2026-07-29 11:34:02,908 | INFO | Chunker | Created 1 chunks for section 7.09
2026-07-29 11:34:03,035 | INFO | Chunker | Created 1 chunks for section 7.10
2026-07-29 11:34:03,095 | INFO | Chunker | Created 1 chunks for section 7.11
2026-07-29 11:34:03,101 | INFO | DGFTKnowledgePipeline | Processing Chapter+10+HBP+(19.05.2026).pdf
2026-07-29 11:34:03,101 | INFO | PDFLoader | Loading PDF C:\Users\mabis\OneDrive\Documents\New folder\dekai-dgft-parser\input\pdf\Chapter+10+HBP+(19.05.2026).pdf
2026-07-29 11:34:10,092 | INFO | PDFLoader | Loaded 48 pages from Chapter+10+HBP+(19.05.2026).pdf
2026-07-29 11:34:10,201 | INFO | TextCleaner | Cleaned 48 pages
2026-07-29 11:34:10,252 | INFO | RuleExtractor | Extracted 21 section drafts from Chapter+10+HBP+(19.05.2026).pdf
2026-07-29 11:34:11,045 | INFO | Chunker | Created 1 chunks for section 10.00
2026-07-29 11:34:11,084 | INFO | Chunker | Created 1 chunks for section 10.01
2026-07-29 11:34:11,145 | INFO | Chunker | Created 1 chunks for section 10.02
2026-07-29 11:34:11,269 | INFO | Chunker | Created 1 chunks for section 10.03
2026-07-29 11:34:11,359 | INFO | Chunker | Created 1 chunks for section 10.04
2026-07-29 11:34:11,447 | INFO | Chunker | Created 1 chunks for section 10.05
2026-07-29 11:34:11,579 | INFO | Chunker | Created 1 chunks for section 10.06
2026-07-29 11:34:11,661 | INFO | Chunker | Created 1 chunks for section 10.07
2026-07-29 11:34:11,733 | INFO | Chunker | Created 1 chunks for section 10.08
2026-07-29 11:34:11,994 | INFO | Chunker | Created 5 chunks for section 10.09
2026-07-29 11:34:12,047 | INFO | Chunker | Created 1 chunks for section 10.11
2026-07-29 11:34:12,265 | INFO | Chunker | Created 8 chunks for section 10.12
2026-07-29 11:34:12,409 | INFO | Chunker | Created 2 chunks for section 10.13
2026-07-29 11:34:12,492 | INFO | Chunker | Created 1 chunks for section 10.14
2026-07-29 11:34:12,556 | INFO | Chunker | Created 1 chunks for section 10.15
2026-07-29 11:34:12,740 | INFO | Chunker | Created 11 chunks for section 10.15
2026-07-29 11:34:12,882 | INFO | Chunker | Created 7 chunks for section 10.16
2026-07-29 11:34:13,066 | INFO | Chunker | Created 2 chunks for section 10.17
2026-07-29 11:34:13,114 | INFO | Chunker | Created 1 chunks for section 10.18
2026-07-29 11:34:13,237 | INFO | Chunker | Created 4 chunks for section 10.19
2026-07-29 11:34:13,291 | INFO | Chunker | Created 1 chunks for section 10.20
2026-07-29 11:44:14,508 | INFO | DGFTKnowledgePipeline | Processing HBP2023_Chapter01.pdf
2026-07-29 11:44:14,510 | INFO | PDFLoader | Loading PDF C:\Users\mabis\OneDrive\Documents\New folder\dekai-dgft-parser\input\pdf\HBP2023_Chapter01.pdf
2026-07-29 11:44:16,009 | INFO | PDFLoader | Loaded 7 pages from HBP2023_Chapter01.pdf
2026-07-29 11:44:16,024 | INFO | TextCleaner | Cleaned 7 pages
2026-07-29 11:44:16,034 | INFO | RuleExtractor | Extracted 12 section drafts from HBP2023_Chapter01.pdf
2026-07-29 11:44:16,281 | INFO | Chunker | Created 1 chunks for section 1.01
2026-07-29 11:44:16,326 | INFO | Chunker | Created 1 chunks for section 1.02
2026-07-29 11:44:16,376 | INFO | Chunker | Created 1 chunks for section 1.03
2026-07-29 11:44:16,437 | INFO | Chunker | Created 2 chunks for section 1.04
2026-07-29 11:44:16,489 | INFO | Chunker | Created 1 chunks for section 1.05
2026-07-29 11:44:16,529 | INFO | Chunker | Created 1 chunks for section 1.06
2026-07-29 11:44:16,594 | INFO | Chunker | Created 1 chunks for section 1.07
2026-07-29 11:44:16,670 | INFO | Chunker | Created 1 chunks for section 1.08
2026-07-29 11:44:16,756 | INFO | Chunker | Created 1 chunks for section 1.09
2026-07-29 11:44:16,847 | INFO | Chunker | Created 1 chunks for section 1.10
2026-07-29 11:44:17,014 | INFO | Chunker | Created 1 chunks for section 1.11
2026-07-29 11:44:17,526 | INFO | Chunker | Created 1 chunks for section 1.12
2026-07-29 11:44:17,538 | INFO | DGFTKnowledgePipeline | Processing HBP Chapter 2.pdf
2026-07-29 11:44:17,538 | INFO | PDFLoader | Loading PDF C:\Users\mabis\OneDrive\Documents\New folder\dekai-dgft-parser\input\pdf\HBP Chapter 2.pdf
2026-07-29 11:44:28,340 | INFO | PDFLoader | Loaded 52 pages from HBP Chapter 2.pdf
2026-07-29 11:44:28,475 | INFO | TextCleaner | Cleaned 52 pages
2026-07-29 11:44:28,539 | INFO | RuleExtractor | Extracted 99 section drafts from HBP Chapter 2.pdf
2026-07-29 11:44:30,074 | INFO | Chunker | Created 1 chunks for section 2.00
2026-07-29 11:44:30,119 | INFO | Chunker | Created 1 chunks for section 2.01
2026-07-29 11:44:30,190 | INFO | Chunker | Created 1 chunks for section 2.02
2026-07-29 11:44:30,250 | INFO | Chunker | Created 1 chunks for section 2.03
2026-07-29 11:44:30,295 | INFO | Chunker | Created 1 chunks for section 2.04
2026-07-29 11:44:30,348 | INFO | Chunker | Created 1 chunks for section 2.05
2026-07-29 11:44:30,391 | INFO | Chunker | Created 1 chunks for section 2.06
2026-07-29 11:44:30,467 | INFO | Chunker | Created 1 chunks for section 2.07
2026-07-29 11:44:30,556 | INFO | Chunker | Created 1 chunks for section 2.08
2026-07-29 11:44:30,688 | INFO | Chunker | Created 1 chunks for section 2.09
2026-07-29 11:44:30,778 | INFO | Chunker | Created 1 chunks for section 2.10
2026-07-29 11:44:30,841 | INFO | Chunker | Created 1 chunks for section 2.11
2026-07-29 11:44:30,912 | INFO | Chunker | Created 1 chunks for section 2.12
2026-07-29 11:44:30,981 | INFO | Chunker | Created 1 chunks for section 2.13
2026-07-29 11:44:31,073 | INFO | Chunker | Created 1 chunks for section 2.14
2026-07-29 11:44:31,161 | INFO | Chunker | Created 1 chunks for section 2.15
2026-07-29 11:44:31,319 | INFO | Chunker | Created 1 chunks for section 2.16
2026-07-29 11:44:32,088 | INFO | Chunker | Created 1 chunks for section 2.17
2026-07-29 11:44:32,158 | INFO | Chunker | Created 1 chunks for section 2.18
2026-07-29 11:44:32,234 | INFO | Chunker | Created 1 chunks for section 2.19
2026-07-29 11:44:32,354 | INFO | Chunker | Created 1 chunks for section 2.20
2026-07-29 11:44:32,407 | INFO | Chunker | Created 1 chunks for section 2.21
2026-07-29 11:44:32,462 | INFO | Chunker | Created 1 chunks for section 2.22
2026-07-29 11:44:32,552 | INFO | Chunker | Created 1 chunks for section 2.23
2026-07-29 11:44:32,641 | INFO | Chunker | Created 1 chunks for section 2.24
2026-07-29 11:44:32,727 | INFO | Chunker | Created 1 chunks for section 2.25
2026-07-29 11:44:32,807 | INFO | Chunker | Created 1 chunks for section 2.26
2026-07-29 11:44:32,913 | INFO | Chunker | Created 1 chunks for section 2.27
2026-07-29 11:44:33,079 | INFO | Chunker | Created 1 chunks for section 2.28
2026-07-29 11:44:33,177 | INFO | Chunker | Created 1 chunks for section 2.29
2026-07-29 11:44:33,264 | INFO | Chunker | Created 1 chunks for section 2.29
2026-07-29 11:44:33,360 | INFO | Chunker | Created 1 chunks for section 2.30
2026-07-29 11:44:33,436 | INFO | Chunker | Created 1 chunks for section 2.31
2026-07-29 11:44:33,504 | INFO | Chunker | Created 1 chunks for section 2.32
2026-07-29 11:44:33,566 | INFO | Chunker | Created 1 chunks for section 2.33
2026-07-29 11:44:33,644 | INFO | Chunker | Created 1 chunks for section 2.34
2026-07-29 11:44:34,498 | INFO | Chunker | Created 1 chunks for section 2.35
2026-07-29 11:44:34,611 | INFO | Chunker | Created 1 chunks for section 2.36
2026-07-29 11:44:34,720 | INFO | Chunker | Created 1 chunks for section 2.37
2026-07-29 11:44:34,776 | INFO | Chunker | Created 1 chunks for section 2.38
2026-07-29 11:44:34,884 | INFO | Chunker | Created 1 chunks for section 2.39
2026-07-29 11:44:35,001 | INFO | Chunker | Created 1 chunks for section 2.40
2026-07-29 11:44:35,099 | INFO | Chunker | Created 1 chunks for section 2.41
2026-07-29 11:44:35,157 | INFO | Chunker | Created 1 chunks for section 2.42
2026-07-29 11:44:35,261 | INFO | Chunker | Created 1 chunks for section 2.43
2026-07-29 11:44:35,410 | INFO | Chunker | Created 1 chunks for section 2.44
2026-07-29 11:44:35,498 | INFO | Chunker | Created 1 chunks for section 2.45
2026-07-29 11:44:35,587 | INFO | Chunker | Created 1 chunks for section 2.46
2026-07-29 11:44:35,648 | INFO | Chunker | Created 1 chunks for section 2.47
2026-07-29 11:44:35,717 | INFO | Chunker | Created 1 chunks for section 2.48
2026-07-29 11:44:35,811 | INFO | Chunker | Created 1 chunks for section 2.49
2026-07-29 11:44:35,879 | INFO | Chunker | Created 1 chunks for section 2.50
2026-07-29 11:44:36,116 | INFO | Chunker | Created 3 chunks for section 2.51
2026-07-29 11:44:36,251 | INFO | Chunker | Created 1 chunks for section 2.52
2026-07-29 11:44:36,406 | INFO | Chunker | Created 1 chunks for section 2.53
2026-07-29 11:44:36,459 | INFO | Chunker | Created 1 chunks for section 2.54
2026-07-29 11:44:36,500 | INFO | Chunker | Created 1 chunks for section 2.55
2026-07-29 11:44:36,570 | INFO | Chunker | Created 1 chunks for section 2.56
2026-07-29 11:44:36,662 | INFO | Chunker | Created 1 chunks for section 2.57
2026-07-29 11:44:36,720 | INFO | Chunker | Created 1 chunks for section 2.58
2026-07-29 11:44:36,806 | INFO | Chunker | Created 1 chunks for section 2.59
2026-07-29 11:44:36,879 | INFO | Chunker | Created 1 chunks for section 2.60
2026-07-29 11:44:37,073 | INFO | Chunker | Created 1 chunks for section 2.61
2026-07-29 11:44:37,156 | INFO | Chunker | Created 1 chunks for section 2.62
2026-07-29 11:44:37,211 | INFO | Chunker | Created 1 chunks for section 2.63
2026-07-29 11:44:37,265 | INFO | Chunker | Created 1 chunks for section 2.64
2026-07-29 11:44:37,334 | INFO | Chunker | Created 1 chunks for section 2.65
2026-07-29 11:44:37,411 | INFO | Chunker | Created 1 chunks for section 2.66
2026-07-29 11:44:37,499 | INFO | Chunker | Created 1 chunks for section 2.67
2026-07-29 11:44:37,578 | INFO | Chunker | Created 1 chunks for section 2.68
2026-07-29 11:44:37,639 | INFO | Chunker | Created 1 chunks for section 2.69
2026-07-29 11:44:37,711 | INFO | Chunker | Created 1 chunks for section 2.70
2026-07-29 11:44:37,794 | INFO | Chunker | Created 1 chunks for section 2.71
2026-07-29 11:44:37,905 | INFO | Chunker | Created 1 chunks for section 2.72
2026-07-29 11:44:37,968 | INFO | Chunker | Created 1 chunks for section 2.73
2026-07-29 11:44:38,037 | INFO | Chunker | Created 1 chunks for section 2.74
2026-07-29 11:44:38,822 | INFO | Chunker | Created 1 chunks for section 2.75
2026-07-29 11:44:40,102 | INFO | services.chat_service | dekai_retrieval {"question": "Explain Import Process", "detected_intent": "Explanation", "detected_topic": "Import Procedure", "knowledge_source": ["HBP", "FTP", "Import Rules"], "retrieved_documents": ["HBP-Chapter-6.pdf", "HBP Chapter 2.pdf", "HBP2023_Chapter04+as+on+20.04.2026.pdf"], "similarity_score": 0.82, "selected_chunks": ["6.28-1", "2.53-1"], "reason_for_selection": "Accepted the relevant DGFT section(s) after intent detection, chapter/section filtering, and complete-section grounding."}
2026-07-29 11:44:40,103 | INFO | Chunker | Created 2 chunks for section 2.76
2026-07-29 11:44:40,191 | INFO | Chunker | Created 1 chunks for section 2.77
2026-07-29 11:44:40,304 | INFO | Chunker | Created 1 chunks for section 2.78
2026-07-29 11:44:40,353 | INFO | Chunker | Created 1 chunks for section 2.79
2026-07-29 11:44:40,416 | INFO | Chunker | Created 1 chunks for section 2.80
2026-07-29 11:44:40,477 | INFO | Chunker | Created 1 chunks for section 2.81
2026-07-29 11:44:40,535 | INFO | Chunker | Created 1 chunks for section 2.82
2026-07-29 11:44:40,601 | INFO | Chunker | Created 1 chunks for section 2.83
2026-07-29 11:44:40,648 | INFO | Chunker | Created 1 chunks for section 2.84
2026-07-29 11:44:40,711 | INFO | Chunker | Created 1 chunks for section 2.85
2026-07-29 11:44:40,838 | INFO | Chunker | Created 1 chunks for section 2.86
2026-07-29 11:44:40,917 | INFO | Chunker | Created 1 chunks for section 2.87
2026-07-29 11:44:41,023 | INFO | Chunker | Created 1 chunks for section 2.88
2026-07-29 11:44:41,142 | INFO | Chunker | Created 1 chunks for section 2.89
2026-07-29 11:44:41,263 | INFO | Chunker | Created 1 chunks for section 2.90
2026-07-29 11:44:41,384 | INFO | Chunker | Created 1 chunks for section 2.91
2026-07-29 11:44:41,533 | INFO | Chunker | Created 10 chunks for section 2.92
2026-07-29 11:44:41,662 | INFO | Chunker | Created 2 chunks for section 2.93
2026-07-29 11:44:41,738 | INFO | Chunker | Created 1 chunks for section 2.94
2026-07-29 11:44:41,840 | INFO | Chunker | Created 1 chunks for section 2.95
2026-07-29 11:44:41,917 | INFO | Chunker | Created 1 chunks for section 2.96
2026-07-29 11:44:41,987 | INFO | Chunker | Created 1 chunks for section 2.97
2026-07-29 11:44:42,010 | INFO | DGFTKnowledgePipeline | Processing HBP2023_Chapter03.pdf
2026-07-29 11:44:42,011 | INFO | PDFLoader | Loading PDF C:\Users\mabis\OneDrive\Documents\New folder\dekai-dgft-parser\input\pdf\HBP2023_Chapter03.pdf
2026-07-29 11:44:43,095 | INFO | PDFLoader | Loaded 6 pages from HBP2023_Chapter03.pdf
2026-07-29 11:44:43,108 | INFO | TextCleaner | Cleaned 6 pages
2026-07-29 11:44:43,115 | INFO | RuleExtractor | Extracted 8 section drafts from HBP2023_Chapter03.pdf
2026-07-29 11:44:43,273 | INFO | Chunker | Created 1 chunks for section 3.01
2026-07-29 11:44:43,321 | INFO | Chunker | Created 1 chunks for section 3.02
2026-07-29 11:44:43,391 | INFO | Chunker | Created 2 chunks for section 3.03
2026-07-29 11:44:43,443 | INFO | Chunker | Created 1 chunks for section 3.05
2026-07-29 11:44:43,516 | INFO | Chunker | Created 1 chunks for section 3.06
2026-07-29 11:44:43,562 | INFO | Chunker | Created 1 chunks for section 3.07
2026-07-29 11:44:43,612 | INFO | Chunker | Created 1 chunks for section 3.08
2026-07-29 11:44:43,668 | INFO | Chunker | Created 1 chunks for section 3.09
2026-07-29 11:44:43,710 | INFO | DGFTKnowledgePipeline | Processing HBP2023_Chapter04+as+on+20.04.2026.pdf
2026-07-29 11:44:43,712 | INFO | PDFLoader | Loading PDF C:\Users\mabis\OneDrive\Documents\New folder\dekai-dgft-parser\input\pdf\HBP2023_Chapter04+as+on+20.04.2026.pdf
2026-07-29 11:44:57,582 | INFO | services.chat_service | dekai_retrieval {"question": "\"I need the complete list of EXIM codes along with their descriptions.\"", "detected_intent": "Question Answering", "detected_topic": "General Question", "knowledge_source": ["FTP", "HBP", "DGFT Policy"], "retrieved_documents": ["Chapter+10+HBP+(19.05.2026).pdf", "HBP2023_Chapter04+as+on+20.04.2026.pdf", "HBP Chapter 2.pdf"], "similarity_score": 0.3247, "selected_chunks": [], "reason_for_selection": "Rejected answer because no section in the selected DGFT source collection met the confidence threshold."}
2026-07-29 11:44:58,851 | INFO | PDFLoader | Loaded 58 pages from HBP2023_Chapter04+as+on+20.04.2026.pdf
2026-07-29 11:44:59,012 | INFO | TextCleaner | Cleaned 58 pages
2026-07-29 11:44:59,097 | INFO | RuleExtractor | Extracted 99 section drafts from HBP2023_Chapter04+as+on+20.04.2026.pdf
2026-07-29 11:45:00,455 | INFO | Chunker | Created 1 chunks for section 4.01
2026-07-29 11:45:00,510 | INFO | Chunker | Created 1 chunks for section 4.02
2026-07-29 11:45:00,554 | INFO | Chunker | Created 1 chunks for section 4.03
2026-07-29 11:45:00,618 | INFO | Chunker | Created 1 chunks for section 4.04
2026-07-29 11:45:00,687 | INFO | Chunker | Created 1 chunks for section 4.05
2026-07-29 11:45:00,773 | INFO | Chunker | Created 2 chunks for section 4.06
2026-07-29 11:45:00,882 | INFO | Chunker | Created 1 chunks for section 4.07
2026-07-29 11:45:01,014 | INFO | Chunker | Created 1 chunks for section 4.08
2026-07-29 11:45:01,073 | INFO | Chunker | Created 1 chunks for section 4.09
2026-07-29 11:45:01,156 | INFO | Chunker | Created 1 chunks for section 4.10
2026-07-29 11:45:01,206 | INFO | Chunker | Created 1 chunks for section 4.11
2026-07-29 11:45:01,302 | INFO | Chunker | Created 1 chunks for section 4.12
2026-07-29 11:45:01,359 | INFO | Chunker | Created 1 chunks for section 4.13
2026-07-29 11:45:01,429 | INFO | Chunker | Created 1 chunks for section 4.14
2026-07-29 11:45:01,583 | INFO | Chunker | Created 1 chunks for section 4.15
2026-07-29 11:45:01,678 | INFO | Chunker | Created 1 chunks for section 4.16
2026-07-29 11:45:01,761 | INFO | Chunker | Created 1 chunks for section 4.17
2026-07-29 11:45:01,809 | INFO | Chunker | Created 1 chunks for section 4.18
2026-07-29 11:45:01,873 | INFO | Chunker | Created 1 chunks for section 4.19
2026-07-29 11:45:01,979 | INFO | Chunker | Created 1 chunks for section 4.20
2026-07-29 11:45:02,049 | INFO | Chunker | Created 1 chunks for section 4.21
2026-07-29 11:45:02,118 | INFO | Chunker | Created 1 chunks for section 4.22
2026-07-29 11:45:02,195 | INFO | Chunker | Created 1 chunks for section 4.23
2026-07-29 11:45:02,301 | INFO | Chunker | Created 1 chunks for section 4.24
2026-07-29 11:45:02,351 | INFO | Chunker | Created 1 chunks for section 4.25
2026-07-29 11:45:02,432 | INFO | Chunker | Created 1 chunks for section 4.26
2026-07-29 11:45:02,498 | INFO | Chunker | Created 1 chunks for section 4.27
2026-07-29 11:45:02,544 | INFO | Chunker | Created 1 chunks for section 4.28
2026-07-29 11:45:02,592 | INFO | Chunker | Created 1 chunks for section 4.29
2026-07-29 11:45:02,677 | INFO | Chunker | Created 1 chunks for section 4.30
2026-07-29 11:45:02,736 | INFO | Chunker | Created 1 chunks for section 4.31
2026-07-29 11:45:02,820 | INFO | Chunker | Created 1 chunks for section 4.32
2026-07-29 11:45:02,915 | INFO | Chunker | Created 1 chunks for section 4.33
2026-07-29 11:45:03,014 | INFO | Chunker | Created 1 chunks for section 4.34
2026-07-29 11:45:03,168 | INFO | Chunker | Created 2 chunks for section 4.35
2026-07-29 11:45:03,258 | INFO | Chunker | Created 1 chunks for section 4.36
2026-07-29 11:45:03,353 | INFO | Chunker | Created 1 chunks for section 4.37
2026-07-29 11:45:03,417 | INFO | Chunker | Created 1 chunks for section 4.38
2026-07-29 11:45:03,489 | INFO | Chunker | Created 1 chunks for section 4.39
2026-07-29 11:45:03,606 | INFO | Chunker | Created 2 chunks for section 4.40
2026-07-29 11:45:03,651 | INFO | Chunker | Created 1 chunks for section 4.41
2026-07-29 11:45:03,716 | INFO | Chunker | Created 1 chunks for section 4.42
2026-07-29 11:45:03,822 | INFO | Chunker | Created 1 chunks for section 4.43
2026-07-29 11:45:03,928 | INFO | Chunker | Created 1 chunks for section 4.44
2026-07-29 11:45:04,019 | INFO | Chunker | Created 1 chunks for section 4.45
2026-07-29 11:45:04,076 | INFO | Chunker | Created 1 chunks for section 4.46
2026-07-29 11:45:04,168 | INFO | Chunker | Created 1 chunks for section 4.47
2026-07-29 11:45:04,267 | INFO | Chunker | Created 1 chunks for section 4.48
2026-07-29 11:45:04,433 | INFO | Chunker | Created 2 chunks for section 4.49
2026-07-29 11:45:04,590 | INFO | Chunker | Created 1 chunks for section 4.50
2026-07-29 11:45:04,645 | INFO | Chunker | Created 1 chunks for section 4.51
2026-07-29 11:45:04,697 | INFO | Chunker | Created 1 chunks for section 4.52
2026-07-29 11:45:04,788 | INFO | Chunker | Created 1 chunks for section 4.53
2026-07-29 11:45:04,851 | INFO | Chunker | Created 1 chunks for section 4.54
2026-07-29 11:45:04,931 | INFO | Chunker | Created 1 chunks for section 4.55
2026-07-29 11:45:04,979 | INFO | Chunker | Created 1 chunks for section 4.56
2026-07-29 11:45:05,025 | INFO | Chunker | Created 1 chunks for section 4.57
2026-07-29 11:45:05,095 | INFO | Chunker | Created 1 chunks for section 4.58
2026-07-29 11:45:05,135 | INFO | Chunker | Created 1 chunks for section 4.59
2026-07-29 11:45:05,194 | INFO | Chunker | Created 1 chunks for section 4.60
2026-07-29 11:45:05,248 | INFO | Chunker | Created 1 chunks for section 4.61
2026-07-29 11:45:05,307 | INFO | Chunker | Created 1 chunks for section 4.62
2026-07-29 11:45:05,365 | INFO | Chunker | Created 1 chunks for section 4.63
2026-07-29 11:45:05,454 | INFO | Chunker | Created 1 chunks for section 4.64
2026-07-29 11:45:05,515 | INFO | Chunker | Created 1 chunks for section 4.65
2026-07-29 11:45:05,571 | INFO | Chunker | Created 1 chunks for section 4.66
2026-07-29 11:45:05,663 | INFO | Chunker | Created 1 chunks for section 4.67
2026-07-29 11:45:05,730 | INFO | Chunker | Created 1 chunks for section 4.68
2026-07-29 11:45:05,793 | INFO | Chunker | Created 1 chunks for section 4.69
2026-07-29 11:45:05,861 | INFO | Chunker | Created 1 chunks for section 4.70
2026-07-29 11:45:05,980 | INFO | Chunker | Created 1 chunks for section 4.71
2026-07-29 11:45:06,076 | INFO | Chunker | Created 1 chunks for section 4.72
2026-07-29 11:45:06,141 | INFO | Chunker | Created 1 chunks for section 4.73
2026-07-29 11:45:06,223 | INFO | Chunker | Created 1 chunks for section 4.74
2026-07-29 11:45:06,292 | INFO | Chunker | Created 1 chunks for section 4.75
2026-07-29 11:45:06,380 | INFO | Chunker | Created 1 chunks for section 4.76
2026-07-29 11:45:06,480 | INFO | Chunker | Created 1 chunks for section 4.77
2026-07-29 11:45:06,525 | INFO | Chunker | Created 1 chunks for section 4.78
2026-07-29 11:45:06,633 | INFO | Chunker | Created 2 chunks for section 4.79
2026-07-29 11:45:06,688 | INFO | Chunker | Created 1 chunks for section 4.80
2026-07-29 11:45:06,776 | INFO | Chunker | Created 1 chunks for section 4.81
2026-07-29 11:45:06,845 | INFO | Chunker | Created 1 chunks for section 4.82
2026-07-29 11:45:06,941 | INFO | Chunker | Created 1 chunks for section 4.83
2026-07-29 11:45:07,040 | INFO | Chunker | Created 1 chunks for section 4.84
2026-07-29 11:45:07,087 | INFO | Chunker | Created 1 chunks for section 4.85
2026-07-29 11:45:07,153 | INFO | Chunker | Created 1 chunks for section 4.86
2026-07-29 11:45:07,221 | INFO | Chunker | Created 1 chunks for section 4.87
2026-07-29 11:45:07,281 | INFO | Chunker | Created 1 chunks for section 4.88
2026-07-29 11:45:07,330 | INFO | Chunker | Created 1 chunks for section 4.89
2026-07-29 11:45:07,409 | INFO | Chunker | Created 1 chunks for section 4.90
2026-07-29 11:45:07,539 | INFO | Chunker | Created 1 chunks for section 4.91
2026-07-29 11:45:07,602 | INFO | Chunker | Created 1 chunks for section 4.92
2026-07-29 11:45:07,686 | INFO | Chunker | Created 1 chunks for section 4.93
2026-07-29 11:45:07,770 | INFO | Chunker | Created 2 chunks for section 4.94
2026-07-29 11:45:07,822 | INFO | Chunker | Created 1 chunks for section 4.95
2026-07-29 11:45:07,886 | INFO | Chunker | Created 1 chunks for section 4.96
2026-07-29 11:45:07,954 | INFO | Chunker | Created 1 chunks for section 4.97
2026-07-29 11:45:08,021 | INFO | Chunker | Created 1 chunks for section 4.98
2026-07-29 11:45:08,094 | INFO | Chunker | Created 1 chunks for section 4.99
2026-07-29 11:45:08,150 | INFO | DGFTKnowledgePipeline | Processing HBP2023_Chapter05.pdf
2026-07-29 11:45:08,156 | INFO | PDFLoader | Loading PDF C:\Users\mabis\OneDrive\Documents\New folder\dekai-dgft-parser\input\pdf\HBP2023_Chapter05.pdf
2026-07-29 11:45:11,648 | INFO | PDFLoader | Loaded 15 pages from HBP2023_Chapter05.pdf
2026-07-29 11:45:11,678 | INFO | TextCleaner | Cleaned 15 pages
2026-07-29 11:45:11,694 | INFO | RuleExtractor | Extracted 25 section drafts from HBP2023_Chapter05.pdf
2026-07-29 11:45:12,089 | INFO | Chunker | Created 1 chunks for section 5.01
2026-07-29 11:45:12,138 | INFO | Chunker | Created 1 chunks for section 5.02
2026-07-29 11:45:12,198 | INFO | Chunker | Created 1 chunks for section 5.03
2026-07-29 11:45:12,278 | INFO | Chunker | Created 1 chunks for section 5.04
2026-07-29 11:45:12,337 | INFO | Chunker | Created 1 chunks for section 5.05
2026-07-29 11:45:12,418 | INFO | Chunker | Created 1 chunks for section 5.06
2026-07-29 11:45:12,484 | INFO | Chunker | Created 1 chunks for section 5.07
2026-07-29 11:45:12,549 | INFO | Chunker | Created 1 chunks for section 5.08
2026-07-29 11:45:12,598 | INFO | Chunker | Created 1 chunks for section 5.09
2026-07-29 11:45:12,715 | INFO | Chunker | Created 1 chunks for section 5.10
2026-07-29 11:45:12,766 | INFO | Chunker | Created 1 chunks for section 5.11
2026-07-29 11:45:12,807 | INFO | Chunker | Created 1 chunks for section 5.12
2026-07-29 11:45:12,952 | INFO | Chunker | Created 2 chunks for section 5.13
2026-07-29 11:45:13,028 | INFO | Chunker | Created 1 chunks for section 5.14
2026-07-29 11:45:13,177 | INFO | Chunker | Created 1 chunks for section 5.16
2026-07-29 11:45:13,281 | INFO | Chunker | Created 1 chunks for section 5.17
2026-07-29 11:45:13,323 | INFO | Chunker | Created 1 chunks for section 5.18
2026-07-29 11:45:13,373 | INFO | Chunker | Created 1 chunks for section 5.19
2026-07-29 11:45:13,431 | INFO | Chunker | Created 1 chunks for section 5.20
2026-07-29 11:45:13,490 | INFO | Chunker | Created 1 chunks for section 5.21
2026-07-29 11:45:13,534 | INFO | Chunker | Created 1 chunks for section 5.22
2026-07-29 11:45:13,580 | INFO | Chunker | Created 1 chunks for section 5.23
2026-07-29 11:45:13,630 | INFO | Chunker | Created 1 chunks for section 5.24
2026-07-29 11:45:13,700 | INFO | Chunker | Created 1 chunks for section 5.25
2026-07-29 11:45:13,746 | INFO | Chunker | Created 1 chunks for section 5.26
2026-07-29 11:45:13,779 | INFO | DGFTKnowledgePipeline | Processing HBP-Chapter-6.pdf
2026-07-29 11:45:13,779 | INFO | PDFLoader | Loading PDF C:\Users\mabis\OneDrive\Documents\New folder\dekai-dgft-parser\input\pdf\HBP-Chapter-6.pdf
2026-07-29 11:45:18,118 | INFO | PDFLoader | Loaded 24 pages from HBP-Chapter-6.pdf
2026-07-29 11:45:18,181 | INFO | TextCleaner | Cleaned 24 pages
2026-07-29 11:45:18,212 | INFO | RuleExtractor | Extracted 41 section drafts from HBP-Chapter-6.pdf
2026-07-29 11:45:18,797 | INFO | Chunker | Created 1 chunks for section 6.00
2026-07-29 11:45:18,895 | INFO | Chunker | Created 2 chunks for section 6.01
2026-07-29 11:45:18,947 | INFO | Chunker | Created 1 chunks for section 6.02
2026-07-29 11:45:19,007 | INFO | Chunker | Created 1 chunks for section 6.03
2026-07-29 11:45:19,059 | INFO | Chunker | Created 1 chunks for section 6.04
2026-07-29 11:45:19,165 | INFO | Chunker | Created 1 chunks for section 6.05
2026-07-29 11:45:19,269 | INFO | Chunker | Created 1 chunks for section 6.06
2026-07-29 11:45:19,356 | INFO | Chunker | Created 1 chunks for section 6.07
2026-07-29 11:45:19,430 | INFO | Chunker | Created 1 chunks for section 6.08
2026-07-29 11:45:19,491 | INFO | Chunker | Created 1 chunks for section 6.09
2026-07-29 11:45:19,604 | INFO | Chunker | Created 1 chunks for section 6.10
2026-07-29 11:45:19,703 | INFO | Chunker | Created 1 chunks for section 6.11
2026-07-29 11:45:19,747 | INFO | Chunker | Created 1 chunks for section 6.12
2026-07-29 11:45:19,808 | INFO | Chunker | Created 1 chunks for section 6.13
2026-07-29 11:45:19,856 | INFO | Chunker | Created 1 chunks for section 6.14
2026-07-29 11:45:19,910 | INFO | Chunker | Created 1 chunks for section 6.15
2026-07-29 11:45:19,961 | INFO | Chunker | Created 1 chunks for section 6.16
2026-07-29 11:45:20,017 | INFO | Chunker | Created 1 chunks for section 6.17
2026-07-29 11:45:20,093 | INFO | Chunker | Created 1 chunks for section 6.18
2026-07-29 11:45:20,226 | INFO | Chunker | Created 1 chunks for section 6.19
2026-07-29 11:45:20,345 | INFO | Chunker | Created 2 chunks for section 6.20
2026-07-29 11:45:20,462 | INFO | Chunker | Created 1 chunks for section 6.22
2026-07-29 11:45:20,549 | INFO | Chunker | Created 1 chunks for section 6.23
2026-07-29 11:45:20,645 | INFO | Chunker | Created 1 chunks for section 6.24
2026-07-29 11:45:20,706 | INFO | Chunker | Created 1 chunks for section 6.25
2026-07-29 11:45:20,760 | INFO | Chunker | Created 1 chunks for section 6.26
2026-07-29 11:45:20,841 | INFO | Chunker | Created 1 chunks for section 6.27
2026-07-29 11:45:20,914 | INFO | Chunker | Created 1 chunks for section 6.28
2026-07-29 11:45:20,977 | INFO | Chunker | Created 1 chunks for section 6.29
2026-07-29 11:45:21,039 | INFO | Chunker | Created 1 chunks for section 6.30
2026-07-29 11:45:21,138 | INFO | Chunker | Created 1 chunks for section 6.31
2026-07-29 11:45:21,244 | INFO | Chunker | Created 1 chunks for section 6.32
2026-07-29 11:45:21,304 | INFO | Chunker | Created 1 chunks for section 6.33
2026-07-29 11:45:21,413 | INFO | Chunker | Created 1 chunks for section 6.34
2026-07-29 11:45:21,470 | INFO | Chunker | Created 1 chunks for section 6.35
2026-07-29 11:45:21,544 | INFO | Chunker | Created 1 chunks for section 6.36
2026-07-29 11:45:21,615 | INFO | Chunker | Created 1 chunks for section 6.37
2026-07-29 11:45:21,669 | INFO | Chunker | Created 1 chunks for section 6.38
2026-07-29 11:45:21,753 | INFO | Chunker | Created 1 chunks for section 6.39
2026-07-29 11:45:21,839 | INFO | Chunker | Created 1 chunks for section 6.40
2026-07-29 11:45:21,897 | INFO | Chunker | Created 1 chunks for section 6.41
2026-07-29 11:45:21,932 | INFO | DGFTKnowledgePipeline | Processing Chapter-7-of-HBP-2023.pdf
2026-07-29 11:45:21,934 | INFO | PDFLoader | Loading PDF C:\Users\mabis\OneDrive\Documents\New folder\dekai-dgft-parser\input\pdf\Chapter-7-of-HBP-2023.pdf
2026-07-29 11:45:23,058 | INFO | PDFLoader | Loaded 6 pages from Chapter-7-of-HBP-2023.pdf
2026-07-29 11:45:23,075 | INFO | TextCleaner | Cleaned 6 pages
2026-07-29 11:45:23,086 | INFO | RuleExtractor | Extracted 12 section drafts from Chapter-7-of-HBP-2023.pdf
2026-07-29 11:45:23,283 | INFO | Chunker | Created 1 chunks for section 7.00
2026-07-29 11:45:23,363 | INFO | Chunker | Created 1 chunks for section 7.01
2026-07-29 11:45:23,443 | INFO | Chunker | Created 1 chunks for section 7.02
2026-07-29 11:45:23,524 | INFO | Chunker | Created 1 chunks for section 7.03
2026-07-29 11:45:23,584 | INFO | Chunker | Created 1 chunks for section 7.04
2026-07-29 11:45:23,657 | INFO | Chunker | Created 1 chunks for section 7.05
2026-07-29 11:45:23,711 | INFO | Chunker | Created 1 chunks for section 7.06
2026-07-29 11:45:23,763 | INFO | Chunker | Created 1 chunks for section 7.07
2026-07-29 11:45:23,815 | INFO | Chunker | Created 1 chunks for section 7.08
2026-07-29 11:45:23,901 | INFO | Chunker | Created 1 chunks for section 7.09
2026-07-29 11:45:23,991 | INFO | Chunker | Created 1 chunks for section 7.10
2026-07-29 11:45:24,037 | INFO | Chunker | Created 1 chunks for section 7.11
2026-07-29 11:45:24,473 | INFO | DGFTKnowledgePipeline | Processing HBP2023_Chapter09.pdf
2026-07-29 11:45:24,475 | INFO | PDFLoader | Loading PDF C:\Users\mabis\OneDrive\Documents\New folder\dekai-dgft-parser\input\pdf\HBP2023_Chapter09.pdf
2026-07-29 11:45:24,766 | INFO | PDFLoader | Loaded 2 pages from HBP2023_Chapter09.pdf
2026-07-29 11:45:24,778 | INFO | TextCleaner | Cleaned 2 pages
2026-07-29 11:45:24,780 | INFO | RuleExtractor | Extracted 3 section drafts from HBP2023_Chapter09.pdf
2026-07-29 11:45:24,868 | INFO | Chunker | Created 1 chunks for section 9.00
2026-07-29 11:45:24,938 | INFO | Chunker | Created 1 chunks for section 9.01
2026-07-29 11:45:25,002 | INFO | Chunker | Created 1 chunks for section 9.02
2026-07-29 11:45:25,071 | INFO | DGFTKnowledgePipeline | Processing Chapter+10+HBP+(19.05.2026).pdf
2026-07-29 11:45:25,073 | INFO | PDFLoader | Loading PDF C:\Users\mabis\OneDrive\Documents\New folder\dekai-dgft-parser\input\pdf\Chapter+10+HBP+(19.05.2026).pdf
2026-07-29 11:45:34,240 | INFO | PDFLoader | Loaded 48 pages from Chapter+10+HBP+(19.05.2026).pdf
2026-07-29 11:45:34,370 | INFO | TextCleaner | Cleaned 48 pages
2026-07-29 11:45:34,434 | INFO | RuleExtractor | Extracted 21 section drafts from Chapter+10+HBP+(19.05.2026).pdf
2026-07-29 11:45:35,335 | INFO | Chunker | Created 1 chunks for section 10.00
2026-07-29 11:45:35,388 | INFO | Chunker | Created 1 chunks for section 10.01
2026-07-29 11:45:35,458 | INFO | Chunker | Created 1 chunks for section 10.02
2026-07-29 11:45:35,529 | INFO | Chunker | Created 1 chunks for section 10.03
2026-07-29 11:45:35,610 | INFO | Chunker | Created 1 chunks for section 10.04
2026-07-29 11:45:35,690 | INFO | Chunker | Created 1 chunks for section 10.05
2026-07-29 11:45:35,773 | INFO | Chunker | Created 1 chunks for section 10.06
2026-07-29 11:45:35,822 | INFO | Chunker | Created 1 chunks for section 10.07
2026-07-29 11:45:35,925 | INFO | Chunker | Created 1 chunks for section 10.08
2026-07-29 11:45:36,150 | INFO | Chunker | Created 5 chunks for section 10.09
2026-07-29 11:45:36,206 | INFO | Chunker | Created 1 chunks for section 10.11
2026-07-29 11:45:36,604 | INFO | Chunker | Created 8 chunks for section 10.12
2026-07-29 11:45:36,756 | INFO | Chunker | Created 2 chunks for section 10.13
2026-07-29 11:45:36,841 | INFO | Chunker | Created 1 chunks for section 10.14
2026-07-29 11:45:36,910 | INFO | Chunker | Created 1 chunks for section 10.15
2026-07-29 11:45:37,123 | INFO | Chunker | Created 11 chunks for section 10.15
2026-07-29 11:45:37,284 | INFO | Chunker | Created 7 chunks for section 10.16
2026-07-29 11:45:37,402 | INFO | Chunker | Created 2 chunks for section 10.17
2026-07-29 11:45:37,476 | INFO | Chunker | Created 1 chunks for section 10.18
2026-07-29 11:45:37,594 | INFO | Chunker | Created 4 chunks for section 10.19
2026-07-29 11:45:37,658 | INFO | Chunker | Created 1 chunks for section 10.20
2026-07-29 11:46:07,442 | INFO | services.chat_service | dekai_retrieval {"question": "\"I need the complete list of EXIM codes along with their descriptions.\"", "detected_intent": "Question Answering", "detected_topic": "General Question", "knowledge_source": ["FTP", "HBP", "DGFT Policy"], "retrieved_documents": ["Chapter+10+HBP+(19.05.2026).pdf", "HBP2023_Chapter04+as+on+20.04.2026.pdf", "HBP Chapter 2.pdf"], "similarity_score": 0.3247, "selected_chunks": [], "reason_for_selection": "Rejected answer because no section in the selected DGFT source collection met the confidence threshold."}
2026-07-29 11:46:17,089 | INFO | services.chat_service | dekai_retrieval {"question": "Import of Metallic Waste", "detected_intent": "Information Retrieval", "detected_topic": "General Question", "knowledge_source": ["FTP", "HBP", "DGFT Policy"], "retrieved_documents": ["HBP Chapter 2.pdf"], "similarity_score": 0.7709, "selected_chunks": ["2.51-3", "2.51-1", "2.51-2"], "reason_for_selection": "Accepted the relevant DGFT section(s) after intent detection, chapter/section filtering, and complete-section grounding."}
2026-07-29 11:46:55,059 | INFO | services.chat_service | dekai_retrieval {"question": "720410 00", "detected_intent": "Information Retrieval", "detected_topic": "General Question", "knowledge_source": ["FTP", "HBP", "DGFT Policy"], "retrieved_documents": ["HBP Chapter 2.pdf", "Chapter+10+HBP+(19.05.2026).pdf", "HBP-Chapter-6.pdf", "Chapter-7-of-HBP-2023.pdf"], "similarity_score": 0.3575, "selected_chunks": ["2.51-1", "10.00-1", "2.00-1"], "reason_for_selection": "Accepted the relevant DGFT section(s) after intent detection, chapter/section filtering, and complete-section grounding."}
2026-07-29 11:48:06,024 | INFO | services.chat_service | dekai_retrieval {"question": "\"I need the description for HS Code 72041000.\"", "detected_intent": "Question Answering", "detected_topic": "HS Code Lookup", "knowledge_source": ["ITC(HS)", "HS Master", "Customs Tariff"], "retrieved_documents": ["HBP Chapter 2.pdf", "HBP2023_Chapter04+as+on+20.04.2026.pdf"], "similarity_score": 0.3462, "selected_chunks": [], "reason_for_selection": "Rejected answer because no section in the selected DGFT source collection met the confidence threshold."}
2026-07-29 11:48:43,375 | INFO | services.chat_service | dekai_retrieval {"question": "Import of following types of metallic waste and scrap will be free subject to \nconditions detailed below:", "detected_intent": "Information Retrieval", "detected_topic": "General Question", "knowledge_source": ["FTP", "HBP", "DGFT Policy"], "retrieved_documents": ["HBP Chapter 2.pdf"], "similarity_score": 0.76, "selected_chunks": ["2.51-1", "2.51-3", "2.51-2"], "reason_for_selection": "Accepted the relevant DGFT section(s) after intent detection, chapter/section filtering, and complete-section grounding."}
2026-07-29 11:50:42,920 | INFO | services.chat_service | dekai_retrieval {"question": "\"I need all the information under the heading 'Import of Metallic Waste and Scrap'.\"", "detected_intent": "Information Retrieval", "detected_topic": "General Question", "knowledge_source": ["FTP", "HBP", "DGFT Policy"], "retrieved_documents": ["HBP Chapter 2.pdf"], "similarity_score": 0.5837, "selected_chunks": ["2.51-1", "2.51-2", "2.51-3"], "reason_for_selection": "Accepted the relevant DGFT section(s) after intent detection, chapter/section filtering, and complete-section grounding."}
2026-07-29 11:58:59,554 | INFO | services.chat_service | dekai_retrieval {"question": "\"I need all the information under the heading 'Import of Metallic Waste and Scrap'.\"", "detected_intent": "Information Retrieval", "detected_topic": "General Question", "knowledge_source": ["FTP", "HBP", "DGFT Policy"], "retrieved_documents": ["HBP Chapter 2.pdf"], "similarity_score": 0.5837, "selected_chunks": ["2.51-1", "2.51-2", "2.51-3"], "reason_for_selection": "Accepted the relevant DGFT section(s) after intent detection, chapter/section filtering, and complete-section grounding."}
2026-07-29 12:10:01,746 | INFO | services.chat_service | dekai_retrieval {"question": "\"I need all the information under the heading 'Import of Metallic Waste and Scrap'.\"", "detected_intent": "Information Retrieval", "detected_topic": "General Question", "knowledge_source": ["FTP", "HBP", "DGFT Policy"], "retrieved_documents": ["HBP Chapter 2.pdf"], "similarity_score": 0.5837, "selected_chunks": ["2.51-1", "2.51-2", "2.51-3"], "reason_for_selection": "Accepted the relevant DGFT section(s) after intent detection, chapter/section filtering, and complete-section grounding."}
2026-07-29 12:10:36,353 | INFO | services.chat_service | dekai_retrieval {"question": "what id iec", "detected_intent": "Question Answering", "detected_topic": "IEC", "knowledge_source": ["FTP", "HBP Chapter 2", "IEC Rules"], "retrieved_documents": ["HBP Chapter 2.pdf"], "similarity_score": 0.82, "selected_chunks": ["2.10-1", "2.14-1", "2.11-1"], "reason_for_selection": "Accepted the relevant DGFT section(s) after intent detection, chapter/section filtering, and complete-section grounding."}
2026-07-29 12:12:14,655 | INFO | services.chat_service | dekai_retrieval {"question": "What is Waste and scrap of cast iron?", "detected_intent": "Question Answering", "detected_topic": "General Question", "knowledge_source": ["FTP", "HBP", "DGFT Policy"], "retrieved_documents": ["HBP Chapter 2.pdf"], "similarity_score": 0.76, "selected_chunks": ["2.51-1", "2.51-3", "2.51-2"], "reason_for_selection": "Accepted the relevant DGFT section(s) after intent detection, chapter/section filtering, and complete-section grounding."}
2026-07-29 12:12:57,533 | INFO | services.chat_service | dekai_retrieval {"question": "What is HS Code 72041000?", "detected_intent": "Question Answering", "detected_topic": "HS Code Lookup", "knowledge_source": ["ITC(HS)", "HS Master", "Customs Tariff"], "retrieved_documents": ["HBP2023_Chapter04+as+on+20.04.2026.pdf", "HBP-Chapter-6.pdf"], "similarity_score": 0.2956, "selected_chunks": [], "reason_for_selection": "Rejected answer because no section in the selected DGFT source collection met the confidence threshold."}
2026-07-29 12:33:17,929 | INFO | services.chat_service | dekai_retrieval {"question": "What is HS Code 72041000?", "detected_intent": "Question Answering", "detected_topic": "HS Code Lookup", "knowledge_source": ["ITC(HS)", "HS Master", "Customs Tariff"], "retrieved_documents": ["HBP Chapter 2.pdf"], "similarity_score": 0.76, "selected_chunks": ["2.51-row-72041000", "2.51-row-74040012", "2.51-row-74040022", "2.51-row-72042990"], "reason_for_selection": "Accepted the relevant DGFT section(s) after intent detection, chapter/section filtering, and complete-section grounding."}
2026-07-29 13:06:51,650 | INFO | DGFTKnowledgePipeline | Processing HBP2023_Chapter01.pdf
2026-07-29 13:06:51,656 | INFO | PDFLoader | Loading PDF C:\Users\mabis\OneDrive\Documents\New folder\dekai-dgft-parser\input\pdf\HBP2023_Chapter01.pdf
2026-07-29 13:06:52,346 | INFO | PDFLoader | Loaded 7 pages from HBP2023_Chapter01.pdf
2026-07-29 13:06:52,361 | INFO | TextCleaner | Cleaned 7 pages
2026-07-29 13:06:52,373 | INFO | RuleExtractor | Extracted 12 section drafts from HBP2023_Chapter01.pdf
2026-07-29 13:06:52,584 | INFO | Chunker | Created 1 chunks for section 1.01
2026-07-29 13:06:52,688 | INFO | Chunker | Created 1 chunks for section 1.02
2026-07-29 13:06:52,734 | INFO | Chunker | Created 1 chunks for section 1.03
2026-07-29 13:06:52,813 | INFO | Chunker | Created 2 chunks for section 1.04
2026-07-29 13:06:52,886 | INFO | Chunker | Created 1 chunks for section 1.05
2026-07-29 13:06:52,950 | INFO | Chunker | Created 1 chunks for section 1.06
2026-07-29 13:06:53,075 | INFO | Chunker | Created 1 chunks for section 1.07
2026-07-29 13:06:53,222 | INFO | Chunker | Created 1 chunks for section 1.08
2026-07-29 13:06:53,341 | INFO | Chunker | Created 1 chunks for section 1.09
2026-07-29 13:06:53,472 | INFO | Chunker | Created 1 chunks for section 1.10
2026-07-29 13:06:53,607 | INFO | Chunker | Created 1 chunks for section 1.11
2026-07-29 13:06:53,667 | INFO | Chunker | Created 1 chunks for section 1.12
2026-07-29 13:06:53,765 | INFO | DGFTKnowledgePipeline | Processing HBP Chapter 2.pdf
2026-07-29 13:06:53,769 | INFO | PDFLoader | Loading PDF C:\Users\mabis\OneDrive\Documents\New folder\dekai-dgft-parser\input\pdf\HBP Chapter 2.pdf
2026-07-29 13:07:02,452 | INFO | PDFLoader | Loaded 52 pages from HBP Chapter 2.pdf
2026-07-29 13:07:02,531 | INFO | TextCleaner | Cleaned 52 pages
2026-07-29 13:07:02,793 | INFO | RuleExtractor | Extracted 99 section drafts from HBP Chapter 2.pdf
2026-07-29 13:07:03,396 | INFO | Chunker | Created 1 chunks for section 2.00
2026-07-29 13:07:03,443 | INFO | Chunker | Created 1 chunks for section 2.01
2026-07-29 13:07:03,512 | INFO | Chunker | Created 1 chunks for section 2.02
2026-07-29 13:07:03,582 | INFO | Chunker | Created 1 chunks for section 2.03
2026-07-29 13:07:03,662 | INFO | Chunker | Created 1 chunks for section 2.04
2026-07-29 13:07:03,715 | INFO | Chunker | Created 1 chunks for section 2.05
2026-07-29 13:07:03,764 | INFO | Chunker | Created 1 chunks for section 2.06
2026-07-29 13:07:03,869 | INFO | Chunker | Created 1 chunks for section 2.07
2026-07-29 13:07:04,029 | INFO | Chunker | Created 1 chunks for section 2.08
2026-07-29 13:07:04,117 | INFO | Chunker | Created 1 chunks for section 2.09
2026-07-29 13:07:04,199 | INFO | Chunker | Created 1 chunks for section 2.10
2026-07-29 13:07:04,289 | INFO | Chunker | Created 1 chunks for section 2.11
2026-07-29 13:07:04,379 | INFO | Chunker | Created 1 chunks for section 2.12
2026-07-29 13:07:04,462 | INFO | Chunker | Created 1 chunks for section 2.13
2026-07-29 13:07:04,566 | INFO | Chunker | Created 1 chunks for section 2.14
2026-07-29 13:07:04,660 | INFO | Chunker | Created 1 chunks for section 2.15
2026-07-29 13:07:04,751 | INFO | Chunker | Created 1 chunks for section 2.16
2026-07-29 13:07:04,810 | INFO | Chunker | Created 1 chunks for section 2.17
2026-07-29 13:07:04,868 | INFO | Chunker | Created 1 chunks for section 2.18
2026-07-29 13:07:04,937 | INFO | Chunker | Created 1 chunks for section 2.19
2026-07-29 13:07:05,025 | INFO | Chunker | Created 1 chunks for section 2.20
2026-07-29 13:07:05,069 | INFO | Chunker | Created 1 chunks for section 2.21
2026-07-29 13:07:05,118 | INFO | Chunker | Created 1 chunks for section 2.22
2026-07-29 13:07:05,207 | INFO | Chunker | Created 1 chunks for section 2.23
2026-07-29 13:07:05,281 | INFO | Chunker | Created 1 chunks for section 2.24
2026-07-29 13:07:05,343 | INFO | Chunker | Created 1 chunks for section 2.25
2026-07-29 13:07:05,409 | INFO | Chunker | Created 1 chunks for section 2.26
2026-07-29 13:07:05,470 | INFO | Chunker | Created 1 chunks for section 2.27
2026-07-29 13:07:05,526 | INFO | Chunker | Created 1 chunks for section 2.28
2026-07-29 13:07:05,609 | INFO | Chunker | Created 1 chunks for section 2.29
2026-07-29 13:07:05,699 | INFO | Chunker | Created 1 chunks for section 2.29
2026-07-29 13:07:05,804 | INFO | Chunker | Created 1 chunks for section 2.30
2026-07-29 13:07:05,865 | INFO | Chunker | Created 1 chunks for section 2.31
2026-07-29 13:07:05,928 | INFO | Chunker | Created 1 chunks for section 2.32
2026-07-29 13:07:06,012 | INFO | Chunker | Created 1 chunks for section 2.33
2026-07-29 13:07:06,094 | INFO | Chunker | Created 1 chunks for section 2.34
2026-07-29 13:07:06,187 | INFO | Chunker | Created 1 chunks for section 2.35
2026-07-29 13:07:06,328 | INFO | Chunker | Created 1 chunks for section 2.36
2026-07-29 13:07:06,453 | INFO | Chunker | Created 1 chunks for section 2.37
2026-07-29 13:07:06,509 | INFO | Chunker | Created 1 chunks for section 2.38
2026-07-29 13:07:06,575 | INFO | Chunker | Created 1 chunks for section 2.39
2026-07-29 13:07:06,669 | INFO | Chunker | Created 1 chunks for section 2.40
2026-07-29 13:07:06,742 | INFO | Chunker | Created 1 chunks for section 2.41
2026-07-29 13:07:06,822 | INFO | Chunker | Created 1 chunks for section 2.42
2026-07-29 13:07:06,920 | INFO | Chunker | Created 1 chunks for section 2.43
2026-07-29 13:07:07,011 | INFO | Chunker | Created 1 chunks for section 2.44
2026-07-29 13:07:07,082 | INFO | Chunker | Created 1 chunks for section 2.45
2026-07-29 13:07:07,206 | INFO | Chunker | Created 1 chunks for section 2.46
2026-07-29 13:07:07,257 | INFO | Chunker | Created 1 chunks for section 2.47
2026-07-29 13:07:07,343 | INFO | Chunker | Created 1 chunks for section 2.48
2026-07-29 13:07:07,433 | INFO | Chunker | Created 1 chunks for section 2.49
2026-07-29 13:07:07,478 | INFO | Chunker | Created 1 chunks for section 2.50
2026-07-29 13:07:07,679 | INFO | Chunker | Created 3 chunks for section 2.51
2026-07-29 13:07:07,754 | INFO | Chunker | Created 1 chunks for section 2.52
2026-07-29 13:07:07,859 | INFO | Chunker | Created 1 chunks for section 2.53
2026-07-29 13:07:07,898 | INFO | Chunker | Created 1 chunks for section 2.54
2026-07-29 13:07:07,963 | INFO | Chunker | Created 1 chunks for section 2.55
2026-07-29 13:07:08,027 | INFO | Chunker | Created 1 chunks for section 2.56
2026-07-29 13:07:08,101 | INFO | Chunker | Created 1 chunks for section 2.57
2026-07-29 13:07:08,153 | INFO | Chunker | Created 1 chunks for section 2.58
2026-07-29 13:07:08,236 | INFO | Chunker | Created 1 chunks for section 2.59
2026-07-29 13:07:08,295 | INFO | Chunker | Created 1 chunks for section 2.60
2026-07-29 13:07:08,384 | INFO | Chunker | Created 1 chunks for section 2.61
2026-07-29 13:07:08,444 | INFO | Chunker | Created 1 chunks for section 2.62
2026-07-29 13:07:08,522 | INFO | Chunker | Created 1 chunks for section 2.63
2026-07-29 13:07:08,591 | INFO | Chunker | Created 1 chunks for section 2.64
2026-07-29 13:07:08,694 | INFO | Chunker | Created 1 chunks for section 2.65
2026-07-29 13:07:08,825 | INFO | Chunker | Created 1 chunks for section 2.66
2026-07-29 13:07:08,892 | INFO | Chunker | Created 1 chunks for section 2.67
2026-07-29 13:07:08,959 | INFO | Chunker | Created 1 chunks for section 2.68
2026-07-29 13:07:09,032 | INFO | Chunker | Created 1 chunks for section 2.69
2026-07-29 13:07:09,098 | INFO | Chunker | Created 1 chunks for section 2.70
2026-07-29 13:07:09,161 | INFO | Chunker | Created 1 chunks for section 2.71
2026-07-29 13:07:09,224 | INFO | Chunker | Created 1 chunks for section 2.72
2026-07-29 13:07:09,282 | INFO | Chunker | Created 1 chunks for section 2.73
2026-07-29 13:07:09,333 | INFO | Chunker | Created 1 chunks for section 2.74
2026-07-29 13:07:09,408 | INFO | Chunker | Created 1 chunks for section 2.75
2026-07-29 13:07:09,521 | INFO | Chunker | Created 2 chunks for section 2.76
2026-07-29 13:07:09,606 | INFO | Chunker | Created 1 chunks for section 2.77
2026-07-29 13:07:09,695 | INFO | Chunker | Created 1 chunks for section 2.78
2026-07-29 13:07:09,773 | INFO | Chunker | Created 1 chunks for section 2.79
2026-07-29 13:07:09,847 | INFO | Chunker | Created 1 chunks for section 2.80
2026-07-29 13:07:09,908 | INFO | Chunker | Created 1 chunks for section 2.81
2026-07-29 13:07:09,986 | INFO | Chunker | Created 1 chunks for section 2.82
2026-07-29 13:07:10,055 | INFO | Chunker | Created 1 chunks for section 2.83
2026-07-29 13:07:10,120 | INFO | Chunker | Created 1 chunks for section 2.84
2026-07-29 13:07:10,170 | INFO | Chunker | Created 1 chunks for section 2.85
2026-07-29 13:07:10,241 | INFO | Chunker | Created 1 chunks for section 2.86
2026-07-29 13:07:10,297 | INFO | Chunker | Created 1 chunks for section 2.87
2026-07-29 13:07:10,390 | INFO | Chunker | Created 1 chunks for section 2.88
2026-07-29 13:07:10,529 | INFO | Chunker | Created 1 chunks for section 2.89
2026-07-29 13:07:10,629 | INFO | Chunker | Created 1 chunks for section 2.90
2026-07-29 13:07:10,754 | INFO | Chunker | Created 1 chunks for section 2.91
2026-07-29 13:07:10,916 | INFO | Chunker | Created 10 chunks for section 2.92
2026-07-29 13:07:11,031 | INFO | Chunker | Created 2 chunks for section 2.93
2026-07-29 13:07:11,088 | INFO | Chunker | Created 1 chunks for section 2.94
2026-07-29 13:07:11,130 | INFO | Chunker | Created 1 chunks for section 2.95
2026-07-29 13:07:11,175 | INFO | Chunker | Created 1 chunks for section 2.96
2026-07-29 13:07:11,223 | INFO | Chunker | Created 1 chunks for section 2.97
2026-07-29 13:07:11,254 | INFO | DGFTKnowledgePipeline | Processing HBP2023_Chapter03.pdf
2026-07-29 13:07:11,256 | INFO | PDFLoader | Loading PDF C:\Users\mabis\OneDrive\Documents\New folder\dekai-dgft-parser\input\pdf\HBP2023_Chapter03.pdf
2026-07-29 13:07:12,268 | INFO | PDFLoader | Loaded 6 pages from HBP2023_Chapter03.pdf
2026-07-29 13:07:12,286 | INFO | TextCleaner | Cleaned 6 pages
2026-07-29 13:07:12,296 | INFO | RuleExtractor | Extracted 8 section drafts from HBP2023_Chapter03.pdf
2026-07-29 13:07:12,456 | INFO | Chunker | Created 1 chunks for section 3.01
2026-07-29 13:07:12,499 | INFO | Chunker | Created 1 chunks for section 3.02
2026-07-29 13:07:12,582 | INFO | Chunker | Created 2 chunks for section 3.03
2026-07-29 13:07:12,632 | INFO | Chunker | Created 1 chunks for section 3.05
2026-07-29 13:07:12,693 | INFO | Chunker | Created 1 chunks for section 3.06
2026-07-29 13:07:12,736 | INFO | Chunker | Created 1 chunks for section 3.07
2026-07-29 13:07:12,776 | INFO | Chunker | Created 1 chunks for section 3.08
2026-07-29 13:07:12,826 | INFO | Chunker | Created 1 chunks for section 3.09
2026-07-29 13:07:12,870 | INFO | DGFTKnowledgePipeline | Processing HBP2023_Chapter04+as+on+20.04.2026.pdf
2026-07-29 13:07:12,871 | INFO | PDFLoader | Loading PDF C:\Users\mabis\OneDrive\Documents\New folder\dekai-dgft-parser\input\pdf\HBP2023_Chapter04+as+on+20.04.2026.pdf
2026-07-29 13:07:26,255 | INFO | PDFLoader | Loaded 58 pages from HBP2023_Chapter04+as+on+20.04.2026.pdf
2026-07-29 13:07:26,401 | INFO | TextCleaner | Cleaned 58 pages
2026-07-29 13:07:26,470 | INFO | RuleExtractor | Extracted 99 section drafts from HBP2023_Chapter04+as+on+20.04.2026.pdf
2026-07-29 13:07:27,757 | INFO | Chunker | Created 1 chunks for section 4.01
2026-07-29 13:07:27,854 | INFO | Chunker | Created 1 chunks for section 4.02
2026-07-29 13:07:27,909 | INFO | Chunker | Created 1 chunks for section 4.03
2026-07-29 13:07:27,965 | INFO | Chunker | Created 1 chunks for section 4.04
2026-07-29 13:07:28,040 | INFO | Chunker | Created 1 chunks for section 4.05
2026-07-29 13:07:28,117 | INFO | Chunker | Created 2 chunks for section 4.06
2026-07-29 13:07:28,205 | INFO | Chunker | Created 1 chunks for section 4.07
2026-07-29 13:07:28,373 | INFO | Chunker | Created 1 chunks for section 4.08
2026-07-29 13:07:28,426 | INFO | Chunker | Created 1 chunks for section 4.09
2026-07-29 13:07:28,516 | INFO | Chunker | Created 1 chunks for section 4.10
2026-07-29 13:07:28,584 | INFO | Chunker | Created 1 chunks for section 4.11
2026-07-29 13:07:28,662 | INFO | Chunker | Created 1 chunks for section 4.12
2026-07-29 13:07:28,703 | INFO | Chunker | Created 1 chunks for section 4.13
2026-07-29 13:07:28,769 | INFO | Chunker | Created 1 chunks for section 4.14
2026-07-29 13:07:28,827 | INFO | Chunker | Created 1 chunks for section 4.15
2026-07-29 13:07:28,884 | INFO | Chunker | Created 1 chunks for section 4.16
2026-07-29 13:07:28,935 | INFO | Chunker | Created 1 chunks for section 4.17
2026-07-29 13:07:28,975 | INFO | Chunker | Created 1 chunks for section 4.18
2026-07-29 13:07:29,042 | INFO | Chunker | Created 1 chunks for section 4.19
2026-07-29 13:07:29,101 | INFO | Chunker | Created 1 chunks for section 4.20
2026-07-29 13:07:29,149 | INFO | Chunker | Created 1 chunks for section 4.21
2026-07-29 13:07:29,212 | INFO | Chunker | Created 1 chunks for section 4.22
2026-07-29 13:07:29,256 | INFO | Chunker | Created 1 chunks for section 4.23
2026-07-29 13:07:29,357 | INFO | Chunker | Created 1 chunks for section 4.24
2026-07-29 13:07:29,437 | INFO | Chunker | Created 1 chunks for section 4.25
2026-07-29 13:07:29,490 | INFO | Chunker | Created 1 chunks for section 4.26
2026-07-29 13:07:29,544 | INFO | Chunker | Created 1 chunks for section 4.27
2026-07-29 13:07:29,578 | INFO | Chunker | Created 1 chunks for section 4.28
2026-07-29 13:07:29,619 | INFO | Chunker | Created 1 chunks for section 4.29
2026-07-29 13:07:29,681 | INFO | Chunker | Created 1 chunks for section 4.30
2026-07-29 13:07:29,717 | INFO | Chunker | Created 1 chunks for section 4.31
2026-07-29 13:07:29,826 | INFO | Chunker | Created 1 chunks for section 4.32
2026-07-29 13:07:29,964 | INFO | Chunker | Created 1 chunks for section 4.33
2026-07-29 13:07:30,041 | INFO | Chunker | Created 1 chunks for section 4.34
2026-07-29 13:07:30,229 | INFO | Chunker | Created 2 chunks for section 4.35
2026-07-29 13:07:30,401 | INFO | Chunker | Created 1 chunks for section 4.36
2026-07-29 13:07:30,552 | INFO | Chunker | Created 1 chunks for section 4.37
2026-07-29 13:07:30,718 | INFO | Chunker | Created 1 chunks for section 4.38
2026-07-29 13:07:30,947 | INFO | Chunker | Created 1 chunks for section 4.39
2026-07-29 13:07:31,121 | INFO | Chunker | Created 2 chunks for section 4.40
2026-07-29 13:07:31,164 | INFO | Chunker | Created 1 chunks for section 4.41
2026-07-29 13:07:31,209 | INFO | Chunker | Created 1 chunks for section 4.42
2026-07-29 13:07:31,346 | INFO | Chunker | Created 1 chunks for section 4.43
2026-07-29 13:07:31,485 | INFO | Chunker | Created 1 chunks for section 4.44
2026-07-29 13:07:31,568 | INFO | Chunker | Created 1 chunks for section 4.45
2026-07-29 13:07:31,615 | INFO | Chunker | Created 1 chunks for section 4.46
2026-07-29 13:07:31,704 | INFO | Chunker | Created 1 chunks for section 4.47
2026-07-29 13:07:31,800 | INFO | Chunker | Created 1 chunks for section 4.48
2026-07-29 13:07:31,939 | INFO | Chunker | Created 2 chunks for section 4.49
2026-07-29 13:07:32,101 | INFO | Chunker | Created 1 chunks for section 4.50
2026-07-29 13:07:32,188 | INFO | Chunker | Created 1 chunks for section 4.51
2026-07-29 13:07:32,235 | INFO | Chunker | Created 1 chunks for section 4.52
2026-07-29 13:07:32,293 | INFO | Chunker | Created 1 chunks for section 4.53
2026-07-29 13:07:32,338 | INFO | Chunker | Created 1 chunks for section 4.54
2026-07-29 13:07:32,404 | INFO | Chunker | Created 1 chunks for section 4.55
2026-07-29 13:07:32,517 | INFO | Chunker | Created 1 chunks for section 4.56
2026-07-29 13:07:32,617 | INFO | Chunker | Created 1 chunks for section 4.57
2026-07-29 13:07:32,770 | INFO | Chunker | Created 1 chunks for section 4.58
2026-07-29 13:07:32,836 | INFO | Chunker | Created 1 chunks for section 4.59
2026-07-29 13:07:32,907 | INFO | Chunker | Created 1 chunks for section 4.60
2026-07-29 13:07:32,979 | INFO | Chunker | Created 1 chunks for section 4.61
2026-07-29 13:07:33,038 | INFO | Chunker | Created 1 chunks for section 4.62
2026-07-29 13:07:33,102 | INFO | Chunker | Created 1 chunks for section 4.63
2026-07-29 13:07:33,151 | INFO | Chunker | Created 1 chunks for section 4.64
2026-07-29 13:07:33,199 | INFO | Chunker | Created 1 chunks for section 4.65
2026-07-29 13:07:33,242 | INFO | Chunker | Created 1 chunks for section 4.66
2026-07-29 13:07:33,318 | INFO | Chunker | Created 1 chunks for section 4.67
2026-07-29 13:07:33,393 | INFO | Chunker | Created 1 chunks for section 4.68
2026-07-29 13:07:33,434 | INFO | Chunker | Created 1 chunks for section 4.69
2026-07-29 13:07:33,482 | INFO | Chunker | Created 1 chunks for section 4.70
2026-07-29 13:07:33,529 | INFO | Chunker | Created 1 chunks for section 4.71
2026-07-29 13:07:33,600 | INFO | Chunker | Created 1 chunks for section 4.72
2026-07-29 13:07:33,710 | INFO | Chunker | Created 1 chunks for section 4.73
2026-07-29 13:07:34,037 | INFO | Chunker | Created 1 chunks for section 4.74
2026-07-29 13:07:34,197 | INFO | Chunker | Created 1 chunks for section 4.75
2026-07-29 13:07:34,306 | INFO | Chunker | Created 1 chunks for section 4.76
2026-07-29 13:07:34,404 | INFO | Chunker | Created 1 chunks for section 4.77
2026-07-29 13:07:34,443 | INFO | Chunker | Created 1 chunks for section 4.78
2026-07-29 13:07:34,631 | INFO | Chunker | Created 2 chunks for section 4.79
2026-07-29 13:07:34,784 | INFO | Chunker | Created 1 chunks for section 4.80
2026-07-29 13:07:34,864 | INFO | Chunker | Created 1 chunks for section 4.81
2026-07-29 13:07:34,921 | INFO | Chunker | Created 1 chunks for section 4.82
2026-07-29 13:07:35,020 | INFO | Chunker | Created 1 chunks for section 4.83
2026-07-29 13:07:35,190 | INFO | Chunker | Created 1 chunks for section 4.84
2026-07-29 13:07:35,371 | INFO | Chunker | Created 1 chunks for section 4.85
2026-07-29 13:07:35,455 | INFO | Chunker | Created 1 chunks for section 4.86
2026-07-29 13:07:35,592 | INFO | Chunker | Created 1 chunks for section 4.87
2026-07-29 13:07:35,687 | INFO | Chunker | Created 1 chunks for section 4.88
2026-07-29 13:07:35,776 | INFO | Chunker | Created 1 chunks for section 4.89
2026-07-29 13:07:35,869 | INFO | Chunker | Created 1 chunks for section 4.90
2026-07-29 13:07:47,336 | INFO | DGFTKnowledgePipeline | Processing HBP2023_Chapter01.pdf
2026-07-29 13:07:47,337 | INFO | PDFLoader | Loading PDF C:\Users\mabis\OneDrive\Documents\New folder\dekai-dgft-parser\input\pdf\HBP2023_Chapter01.pdf
2026-07-29 13:07:49,018 | INFO | PDFLoader | Loaded 7 pages from HBP2023_Chapter01.pdf
2026-07-29 13:07:49,047 | INFO | TextCleaner | Cleaned 7 pages
2026-07-29 13:07:49,063 | INFO | RuleExtractor | Extracted 12 section drafts from HBP2023_Chapter01.pdf
2026-07-29 13:07:49,472 | INFO | Chunker | Created 1 chunks for section 1.01
2026-07-29 13:07:49,559 | INFO | Chunker | Created 1 chunks for section 1.02
2026-07-29 13:07:49,640 | INFO | Chunker | Created 1 chunks for section 1.03
2026-07-29 13:07:49,771 | INFO | Chunker | Created 2 chunks for section 1.04
2026-07-29 13:07:49,940 | INFO | Chunker | Created 1 chunks for section 1.05
2026-07-29 13:07:50,028 | INFO | Chunker | Created 1 chunks for section 1.06
2026-07-29 13:07:50,130 | INFO | Chunker | Created 1 chunks for section 1.07
2026-07-29 13:07:50,216 | INFO | Chunker | Created 1 chunks for section 1.08
2026-07-29 13:07:50,343 | INFO | Chunker | Created 1 chunks for section 1.09
2026-07-29 13:07:50,508 | INFO | Chunker | Created 1 chunks for section 1.10
2026-07-29 13:07:50,651 | INFO | Chunker | Created 1 chunks for section 1.11
2026-07-29 13:07:50,748 | INFO | Chunker | Created 1 chunks for section 1.12
2026-07-29 13:07:50,764 | INFO | DGFTKnowledgePipeline | Processing HBP Chapter 2.pdf
2026-07-29 13:07:50,769 | INFO | PDFLoader | Loading PDF C:\Users\mabis\OneDrive\Documents\New folder\dekai-dgft-parser\input\pdf\HBP Chapter 2.pdf
2026-07-29 13:07:51,465 | INFO | PDFLoader | Loading PDF C:\Users\mabis\OneDrive\Documents\New folder\dekai-dgft-parser\output\runtime\tmprnhya7r3.pdf
2026-07-29 13:07:54,021 | INFO | PDFLoader | Loaded 7 pages from tmprnhya7r3.pdf
2026-07-29 13:07:54,058 | INFO | TextCleaner | Cleaned 7 pages
2026-07-29 13:07:54,130 | INFO | RuleExtractor | Extracted 12 section drafts from HBP2023_Chapter01.pdf
2026-07-29 13:07:54,393 | INFO | PdfMarkdownService | Generated markdown HBP2023_Chapter01.md from HBP2023_Chapter01.pdf
2026-07-29 13:08:02,859 | INFO | PDFLoader | Loaded 52 pages from HBP Chapter 2.pdf
2026-07-29 13:08:02,977 | INFO | TextCleaner | Cleaned 52 pages
2026-07-29 13:08:03,036 | INFO | RuleExtractor | Extracted 99 section drafts from HBP Chapter 2.pdf
2026-07-29 13:08:04,076 | INFO | Chunker | Created 1 chunks for section 2.00
2026-07-29 13:08:04,118 | INFO | Chunker | Created 1 chunks for section 2.01
2026-07-29 13:08:04,170 | INFO | Chunker | Created 1 chunks for section 2.02
2026-07-29 13:08:04,220 | INFO | Chunker | Created 1 chunks for section 2.03
2026-07-29 13:08:04,275 | INFO | Chunker | Created 1 chunks for section 2.04
2026-07-29 13:08:04,367 | INFO | Chunker | Created 1 chunks for section 2.05
2026-07-29 13:08:04,409 | INFO | Chunker | Created 1 chunks for section 2.06
2026-07-29 13:08:04,484 | INFO | Chunker | Created 1 chunks for section 2.07
2026-07-29 13:08:04,571 | INFO | Chunker | Created 1 chunks for section 2.08
2026-07-29 13:08:04,640 | INFO | Chunker | Created 1 chunks for section 2.09
2026-07-29 13:08:04,722 | INFO | Chunker | Created 1 chunks for section 2.10
2026-07-29 13:08:04,791 | INFO | Chunker | Created 1 chunks for section 2.11
2026-07-29 13:08:04,877 | INFO | Chunker | Created 1 chunks for section 2.12
2026-07-29 13:08:04,950 | INFO | Chunker | Created 1 chunks for section 2.13
2026-07-29 13:08:05,049 | INFO | Chunker | Created 1 chunks for section 2.14
2026-07-29 13:08:05,106 | INFO | Chunker | Created 1 chunks for section 2.15
2026-07-29 13:08:05,188 | INFO | Chunker | Created 1 chunks for section 2.16
2026-07-29 13:08:05,259 | INFO | Chunker | Created 1 chunks for section 2.17
2026-07-29 13:08:05,353 | INFO | Chunker | Created 1 chunks for section 2.18
2026-07-29 13:08:05,434 | INFO | Chunker | Created 1 chunks for section 2.19
2026-07-29 13:08:05,589 | INFO | Chunker | Created 1 chunks for section 2.20
2026-07-29 13:08:05,686 | INFO | Chunker | Created 1 chunks for section 2.21
2026-07-29 13:08:05,749 | INFO | Chunker | Created 1 chunks for section 2.22
2026-07-29 13:08:05,856 | INFO | Chunker | Created 1 chunks for section 2.23
2026-07-29 13:08:05,940 | INFO | Chunker | Created 1 chunks for section 2.24
2026-07-29 13:08:06,004 | INFO | Chunker | Created 1 chunks for section 2.25
2026-07-29 13:08:06,065 | INFO | Chunker | Created 1 chunks for section 2.26
2026-07-29 13:08:06,134 | INFO | Chunker | Created 1 chunks for section 2.27
2026-07-29 13:08:06,201 | INFO | Chunker | Created 1 chunks for section 2.28
2026-07-29 13:08:06,293 | INFO | Chunker | Created 1 chunks for section 2.29
2026-07-29 13:08:06,364 | INFO | Chunker | Created 1 chunks for section 2.29
2026-07-29 13:08:06,467 | INFO | Chunker | Created 1 chunks for section 2.30
2026-07-29 13:08:06,579 | INFO | Chunker | Created 1 chunks for section 2.31
2026-07-29 13:08:06,641 | INFO | Chunker | Created 1 chunks for section 2.32
2026-07-29 13:08:06,731 | INFO | Chunker | Created 1 chunks for section 2.33
2026-07-29 13:08:06,867 | INFO | Chunker | Created 1 chunks for section 2.34
2026-07-29 13:08:06,991 | INFO | Chunker | Created 1 chunks for section 2.35
2026-07-29 13:08:07,128 | INFO | Chunker | Created 1 chunks for section 2.36
2026-07-29 13:08:07,230 | INFO | Chunker | Created 1 chunks for section 2.37
2026-07-29 13:08:07,293 | INFO | Chunker | Created 1 chunks for section 2.38
2026-07-29 13:08:07,374 | INFO | Chunker | Created 1 chunks for section 2.39
2026-07-29 13:08:07,531 | INFO | Chunker | Created 1 chunks for section 2.40
2026-07-29 13:08:07,646 | INFO | Chunker | Created 1 chunks for section 2.41
2026-07-29 13:08:07,728 | INFO | Chunker | Created 1 chunks for section 2.42
2026-07-29 13:08:07,876 | INFO | Chunker | Created 1 chunks for section 2.43
2026-07-29 13:08:07,988 | INFO | Chunker | Created 1 chunks for section 2.44
2026-07-29 13:08:08,054 | INFO | Chunker | Created 1 chunks for section 2.45
2026-07-29 13:08:08,182 | INFO | Chunker | Created 1 chunks for section 2.46
2026-07-29 13:08:08,270 | INFO | Chunker | Created 1 chunks for section 2.47
2026-07-29 13:08:08,392 | INFO | Chunker | Created 1 chunks for section 2.48
2026-07-29 13:08:08,506 | INFO | Chunker | Created 1 chunks for section 2.49
2026-07-29 13:08:08,574 | INFO | Chunker | Created 1 chunks for section 2.50
2026-07-29 13:08:08,761 | INFO | Chunker | Created 18 chunks for section 2.51
2026-07-29 13:08:08,874 | INFO | Chunker | Created 1 chunks for section 2.52
2026-07-29 13:08:08,982 | INFO | Chunker | Created 1 chunks for section 2.53
2026-07-29 13:08:09,027 | INFO | Chunker | Created 1 chunks for section 2.54
2026-07-29 13:08:09,082 | INFO | Chunker | Created 1 chunks for section 2.55
2026-07-29 13:08:09,146 | INFO | Chunker | Created 1 chunks for section 2.56
2026-07-29 13:08:09,206 | INFO | Chunker | Created 1 chunks for section 2.57
2026-07-29 13:08:09,280 | INFO | Chunker | Created 1 chunks for section 2.58
2026-07-29 13:08:09,422 | INFO | Chunker | Created 1 chunks for section 2.59
2026-07-29 13:08:09,502 | INFO | Chunker | Created 1 chunks for section 2.60
2026-07-29 13:08:09,573 | INFO | Chunker | Created 1 chunks for section 2.61
2026-07-29 13:08:09,622 | INFO | Chunker | Created 1 chunks for section 2.62
2026-07-29 13:08:09,666 | INFO | Chunker | Created 1 chunks for section 2.63
2026-07-29 13:08:09,724 | INFO | Chunker | Created 1 chunks for section 2.64
2026-07-29 13:08:09,788 | INFO | Chunker | Created 1 chunks for section 2.65
2026-07-29 13:08:09,880 | INFO | Chunker | Created 1 chunks for section 2.66
2026-07-29 13:08:09,972 | INFO | Chunker | Created 1 chunks for section 2.67
2026-07-29 13:08:10,055 | INFO | Chunker | Created 1 chunks for section 2.68
2026-07-29 13:08:10,124 | INFO | Chunker | Created 1 chunks for section 2.69
2026-07-29 13:08:10,197 | INFO | Chunker | Created 1 chunks for section 2.70
2026-07-29 13:08:10,295 | INFO | Chunker | Created 1 chunks for section 2.71
2026-07-29 13:08:10,398 | INFO | Chunker | Created 1 chunks for section 2.72
2026-07-29 13:08:10,467 | INFO | Chunker | Created 1 chunks for section 2.73
2026-07-29 13:08:10,501 | INFO | Chunker | Created 1 chunks for section 2.74
2026-07-29 13:08:10,601 | INFO | Chunker | Created 1 chunks for section 2.75
2026-07-29 13:08:10,654 | INFO | Chunker | Created 2 chunks for section 2.76
2026-07-29 13:08:10,683 | INFO | Chunker | Created 1 chunks for section 2.77
2026-07-29 13:08:10,720 | INFO | Chunker | Created 1 chunks for section 2.78
2026-07-29 13:08:10,754 | INFO | Chunker | Created 1 chunks for section 2.79
2026-07-29 13:08:10,798 | INFO | Chunker | Created 1 chunks for section 2.80
2026-07-29 13:08:10,823 | INFO | Chunker | Created 1 chunks for section 2.81
2026-07-29 13:08:10,851 | INFO | Chunker | Created 1 chunks for section 2.82
2026-07-29 13:08:10,877 | INFO | Chunker | Created 1 chunks for section 2.83
2026-07-29 13:08:10,927 | INFO | Chunker | Created 1 chunks for section 2.84
2026-07-29 13:08:10,956 | INFO | Chunker | Created 1 chunks for section 2.85
2026-07-29 13:08:10,992 | INFO | Chunker | Created 1 chunks for section 2.86
2026-07-29 13:08:11,016 | INFO | Chunker | Created 1 chunks for section 2.87
2026-07-29 13:08:11,066 | INFO | Chunker | Created 1 chunks for section 2.88
2026-07-29 13:08:11,130 | INFO | Chunker | Created 1 chunks for section 2.89
2026-07-29 13:08:11,167 | INFO | Chunker | Created 1 chunks for section 2.90
2026-07-29 13:08:11,214 | INFO | Chunker | Created 1 chunks for section 2.91
2026-07-29 13:08:11,307 | INFO | Chunker | Created 32 chunks for section 2.92
2026-07-29 13:08:11,365 | INFO | Chunker | Created 2 chunks for section 2.93
2026-07-29 13:08:11,388 | INFO | Chunker | Created 1 chunks for section 2.94
2026-07-29 13:08:11,409 | INFO | Chunker | Created 1 chunks for section 2.95
2026-07-29 13:08:11,441 | INFO | Chunker | Created 1 chunks for section 2.96
2026-07-29 13:08:11,474 | INFO | Chunker | Created 1 chunks for section 2.97
2026-07-29 13:08:11,477 | INFO | DGFTKnowledgePipeline | Processing HBP2023_Chapter03.pdf
2026-07-29 13:08:11,477 | INFO | PDFLoader | Loading PDF C:\Users\mabis\OneDrive\Documents\New folder\dekai-dgft-parser\input\pdf\HBP2023_Chapter03.pdf
2026-07-29 13:08:12,095 | INFO | PDFLoader | Loaded 6 pages from HBP2023_Chapter03.pdf
2026-07-29 13:08:12,103 | INFO | TextCleaner | Cleaned 6 pages
2026-07-29 13:08:12,108 | INFO | RuleExtractor | Extracted 8 section drafts from HBP2023_Chapter03.pdf
2026-07-29 13:08:12,229 | INFO | Chunker | Created 1 chunks for section 3.01
2026-07-29 13:08:12,253 | INFO | Chunker | Created 1 chunks for section 3.02
2026-07-29 13:08:12,295 | INFO | Chunker | Created 2 chunks for section 3.03
2026-07-29 13:08:12,329 | INFO | Chunker | Created 1 chunks for section 3.05
2026-07-29 13:08:12,362 | INFO | Chunker | Created 1 chunks for section 3.06
2026-07-29 13:08:12,386 | INFO | Chunker | Created 1 chunks for section 3.07
2026-07-29 13:08:12,417 | INFO | Chunker | Created 1 chunks for section 3.08
2026-07-29 13:08:12,446 | INFO | Chunker | Created 1 chunks for section 3.09
2026-07-29 13:08:12,448 | INFO | DGFTKnowledgePipeline | Processing HBP2023_Chapter04+as+on+20.04.2026.pdf
2026-07-29 13:08:12,448 | INFO | PDFLoader | Loading PDF C:\Users\mabis\OneDrive\Documents\New folder\dekai-dgft-parser\input\pdf\HBP2023_Chapter04+as+on+20.04.2026.pdf
2026-07-29 13:08:20,985 | INFO | PDFLoader | Loaded 58 pages from HBP2023_Chapter04+as+on+20.04.2026.pdf
2026-07-29 13:08:21,064 | INFO | TextCleaner | Cleaned 58 pages
2026-07-29 13:08:21,100 | INFO | RuleExtractor | Extracted 99 section drafts from HBP2023_Chapter04+as+on+20.04.2026.pdf
2026-07-29 13:08:22,724 | INFO | Chunker | Created 1 chunks for section 4.01
2026-07-29 13:08:22,779 | INFO | Chunker | Created 1 chunks for section 4.02
2026-07-29 13:08:22,832 | INFO | Chunker | Created 1 chunks for section 4.03
2026-07-29 13:08:22,888 | INFO | Chunker | Created 1 chunks for section 4.04
2026-07-29 13:08:22,984 | INFO | Chunker | Created 1 chunks for section 4.05
2026-07-29 13:08:23,096 | INFO | Chunker | Created 2 chunks for section 4.06
2026-07-29 13:08:23,234 | INFO | Chunker | Created 1 chunks for section 4.07
2026-07-29 13:08:23,346 | INFO | Chunker | Created 1 chunks for section 4.08
2026-07-29 13:08:23,417 | INFO | Chunker | Created 1 chunks for section 4.09
2026-07-29 13:08:23,531 | INFO | Chunker | Created 1 chunks for section 4.10
2026-07-29 13:08:23,624 | INFO | Chunker | Created 1 chunks for section 4.11
2026-07-29 13:08:23,934 | INFO | Chunker | Created 1 chunks for section 4.12
2026-07-29 13:08:24,026 | INFO | Chunker | Created 1 chunks for section 4.13
2026-07-29 13:08:24,112 | INFO | Chunker | Created 1 chunks for section 4.14
2026-07-29 13:08:24,230 | INFO | Chunker | Created 1 chunks for section 4.15
2026-07-29 13:08:24,321 | INFO | Chunker | Created 1 chunks for section 4.16
2026-07-29 13:08:24,398 | INFO | Chunker | Created 1 chunks for section 4.17
2026-07-29 13:08:24,477 | INFO | Chunker | Created 1 chunks for section 4.18
2026-07-29 13:08:24,562 | INFO | Chunker | Created 1 chunks for section 4.19
2026-07-29 13:08:24,628 | INFO | Chunker | Created 1 chunks for section 4.20
2026-07-29 13:08:24,709 | INFO | Chunker | Created 1 chunks for section 4.21
2026-07-29 13:08:24,785 | INFO | Chunker | Created 1 chunks for section 4.22
2026-07-29 13:08:24,848 | INFO | Chunker | Created 1 chunks for section 4.23
2026-07-29 13:08:24,903 | INFO | Chunker | Created 1 chunks for section 4.24
2026-07-29 13:08:24,964 | INFO | Chunker | Created 1 chunks for section 4.25
2026-07-29 13:08:25,096 | INFO | Chunker | Created 1 chunks for section 4.26
2026-07-29 13:08:25,251 | INFO | Chunker | Created 1 chunks for section 4.27
2026-07-29 13:08:25,307 | INFO | Chunker | Created 1 chunks for section 4.28
2026-07-29 13:08:25,384 | INFO | Chunker | Created 1 chunks for section 4.29
2026-07-29 13:08:25,486 | INFO | Chunker | Created 1 chunks for section 4.30
2026-07-29 13:08:25,532 | INFO | Chunker | Created 1 chunks for section 4.31
2026-07-29 13:08:25,620 | INFO | Chunker | Created 1 chunks for section 4.32
2026-07-29 13:08:25,708 | INFO | Chunker | Created 1 chunks for section 4.33
2026-07-29 13:08:25,753 | INFO | Chunker | Created 1 chunks for section 4.34
2026-07-29 13:08:25,844 | INFO | Chunker | Created 2 chunks for section 4.35
2026-07-29 13:08:25,942 | INFO | Chunker | Created 2 chunks for section 4.36
2026-07-29 13:08:26,024 | INFO | Chunker | Created 2 chunks for section 4.37
2026-07-29 13:08:26,104 | INFO | Chunker | Created 1 chunks for section 4.38
2026-07-29 13:08:26,184 | INFO | Chunker | Created 1 chunks for section 4.39
2026-07-29 13:08:26,423 | INFO | Chunker | Created 2 chunks for section 4.40
2026-07-29 13:08:26,512 | INFO | Chunker | Created 1 chunks for section 4.41
2026-07-29 13:08:26,576 | INFO | Chunker | Created 1 chunks for section 4.42
2026-07-29 13:08:26,705 | INFO | Chunker | Created 1 chunks for section 4.43
2026-07-29 13:08:26,824 | INFO | Chunker | Created 1 chunks for section 4.44
2026-07-29 13:08:26,917 | INFO | Chunker | Created 1 chunks for section 4.45
2026-07-29 13:08:26,978 | INFO | Chunker | Created 1 chunks for section 4.46
2026-07-29 13:08:27,083 | INFO | Chunker | Created 1 chunks for section 4.47
2026-07-29 13:08:27,196 | INFO | Chunker | Created 1 chunks for section 4.48
2026-07-29 13:08:27,459 | INFO | Chunker | Created 2 chunks for section 4.49
2026-07-29 13:08:27,637 | INFO | Chunker | Created 1 chunks for section 4.50
2026-07-29 13:08:27,729 | INFO | Chunker | Created 1 chunks for section 4.51
2026-07-29 13:08:27,826 | INFO | Chunker | Created 1 chunks for section 4.52
2026-07-29 13:08:27,917 | INFO | Chunker | Created 1 chunks for section 4.53
2026-07-29 13:08:28,007 | INFO | Chunker | Created 1 chunks for section 4.54
2026-07-29 13:08:28,195 | INFO | Chunker | Created 1 chunks for section 4.55
2026-07-29 13:08:28,385 | INFO | Chunker | Created 1 chunks for section 4.56
2026-07-29 13:08:28,505 | INFO | Chunker | Created 1 chunks for section 4.57
2026-07-29 13:08:28,673 | INFO | Chunker | Created 1 chunks for section 4.58
2026-07-29 13:08:28,859 | INFO | Chunker | Created 1 chunks for section 4.59
2026-07-29 13:08:28,982 | INFO | Chunker | Created 1 chunks for section 4.60
2026-07-29 13:08:29,064 | INFO | Chunker | Created 1 chunks for section 4.61
2026-07-29 13:08:29,164 | INFO | Chunker | Created 1 chunks for section 4.62
2026-07-29 13:08:29,274 | INFO | Chunker | Created 1 chunks for section 4.63
2026-07-29 13:08:29,362 | INFO | Chunker | Created 1 chunks for section 4.64
2026-07-29 13:08:29,438 | INFO | Chunker | Created 1 chunks for section 4.65
2026-07-29 13:08:29,501 | INFO | Chunker | Created 1 chunks for section 4.66
2026-07-29 13:08:29,613 | INFO | Chunker | Created 1 chunks for section 4.67
2026-07-29 13:08:29,690 | INFO | Chunker | Created 1 chunks for section 4.68
2026-07-29 13:08:29,781 | INFO | Chunker | Created 1 chunks for section 4.69
2026-07-29 13:08:29,886 | INFO | Chunker | Created 1 chunks for section 4.70
2026-07-29 13:08:29,951 | INFO | Chunker | Created 1 chunks for section 4.71
2026-07-29 13:08:30,050 | INFO | Chunker | Created 1 chunks for section 4.72
2026-07-29 13:08:30,155 | INFO | Chunker | Created 1 chunks for section 4.73
2026-07-29 13:08:30,380 | INFO | Chunker | Created 1 chunks for section 4.74
2026-07-29 13:08:30,499 | INFO | Chunker | Created 1 chunks for section 4.75
2026-07-29 13:08:30,643 | INFO | Chunker | Created 1 chunks for section 4.76
2026-07-29 13:08:30,787 | INFO | Chunker | Created 1 chunks for section 4.77
2026-07-29 13:08:30,861 | INFO | Chunker | Created 1 chunks for section 4.78
2026-07-29 13:08:31,030 | INFO | Chunker | Created 2 chunks for section 4.79
2026-07-29 13:08:31,115 | INFO | Chunker | Created 1 chunks for section 4.80
2026-07-29 13:08:31,247 | INFO | Chunker | Created 1 chunks for section 4.81
2026-07-29 13:08:31,355 | INFO | Chunker | Created 1 chunks for section 4.82
2026-07-29 13:08:31,601 | INFO | Chunker | Created 1 chunks for section 4.83
2026-07-29 13:08:31,722 | INFO | Chunker | Created 1 chunks for section 4.84
2026-07-29 13:08:31,790 | INFO | Chunker | Created 1 chunks for section 4.85
2026-07-29 13:08:31,853 | INFO | Chunker | Created 1 chunks for section 4.86
2026-07-29 13:08:31,924 | INFO | Chunker | Created 1 chunks for section 4.87
2026-07-29 13:08:32,005 | INFO | Chunker | Created 1 chunks for section 4.88
2026-07-29 13:08:32,092 | INFO | Chunker | Created 1 chunks for section 4.89
2026-07-29 13:08:32,196 | INFO | Chunker | Created 1 chunks for section 4.90
2026-07-29 13:08:32,263 | INFO | Chunker | Created 1 chunks for section 4.91
2026-07-29 13:08:32,358 | INFO | Chunker | Created 1 chunks for section 4.92
2026-07-29 13:08:32,479 | INFO | Chunker | Created 1 chunks for section 4.93
2026-07-29 13:08:32,654 | INFO | Chunker | Created 2 chunks for section 4.94
2026-07-29 13:08:32,794 | INFO | Chunker | Created 1 chunks for section 4.95
2026-07-29 13:08:32,884 | INFO | Chunker | Created 1 chunks for section 4.96
2026-07-29 13:08:32,955 | INFO | Chunker | Created 1 chunks for section 4.97
2026-07-29 13:08:33,021 | INFO | Chunker | Created 1 chunks for section 4.98
2026-07-29 13:08:33,153 | INFO | Chunker | Created 1 chunks for section 4.99
2026-07-29 13:08:33,167 | INFO | DGFTKnowledgePipeline | Processing HBP2023_Chapter05.pdf
2026-07-29 13:08:33,169 | INFO | PDFLoader | Loading PDF C:\Users\mabis\OneDrive\Documents\New folder\dekai-dgft-parser\input\pdf\HBP2023_Chapter05.pdf
2026-07-29 13:08:36,470 | INFO | PDFLoader | Loaded 15 pages from HBP2023_Chapter05.pdf
2026-07-29 13:08:36,507 | INFO | TextCleaner | Cleaned 15 pages
2026-07-29 13:08:36,527 | INFO | RuleExtractor | Extracted 25 section drafts from HBP2023_Chapter05.pdf
2026-07-29 13:08:36,928 | INFO | Chunker | Created 1 chunks for section 5.01
2026-07-29 13:08:36,986 | INFO | Chunker | Created 1 chunks for section 5.02
2026-07-29 13:08:37,066 | INFO | Chunker | Created 1 chunks for section 5.03
2026-07-29 13:08:37,149 | INFO | Chunker | Created 1 chunks for section 5.04
2026-07-29 13:08:37,208 | INFO | Chunker | Created 1 chunks for section 5.05
2026-07-29 13:08:37,308 | INFO | Chunker | Created 1 chunks for section 5.06
2026-07-29 13:08:37,401 | INFO | Chunker | Created 1 chunks for section 5.07
2026-07-29 13:08:37,601 | INFO | Chunker | Created 1 chunks for section 5.08
2026-07-29 13:08:37,711 | INFO | Chunker | Created 1 chunks for section 5.09
2026-07-29 13:08:37,864 | INFO | Chunker | Created 1 chunks for section 5.10
2026-07-29 13:08:37,957 | INFO | Chunker | Created 1 chunks for section 5.11
2026-07-29 13:08:38,027 | INFO | Chunker | Created 1 chunks for section 5.12
2026-07-29 13:08:38,217 | INFO | Chunker | Created 2 chunks for section 5.13
2026-07-29 13:08:38,317 | INFO | Chunker | Created 1 chunks for section 5.14
2026-07-29 13:08:38,429 | INFO | Chunker | Created 1 chunks for section 5.16
2026-07-29 13:08:38,504 | INFO | Chunker | Created 1 chunks for section 5.17
2026-07-29 13:08:38,568 | INFO | Chunker | Created 1 chunks for section 5.18
2026-07-29 13:08:38,641 | INFO | Chunker | Created 1 chunks for section 5.19
2026-07-29 13:08:38,730 | INFO | Chunker | Created 1 chunks for section 5.20
2026-07-29 13:08:38,831 | INFO | Chunker | Created 1 chunks for section 5.21
2026-07-29 13:08:38,940 | INFO | Chunker | Created 1 chunks for section 5.22
2026-07-29 13:08:39,027 | INFO | Chunker | Created 1 chunks for section 5.23
2026-07-29 13:08:39,193 | INFO | Chunker | Created 1 chunks for section 5.24
2026-07-29 13:08:39,292 | INFO | Chunker | Created 1 chunks for section 5.25
2026-07-29 13:08:39,354 | INFO | Chunker | Created 1 chunks for section 5.26
2026-07-29 13:08:39,363 | INFO | DGFTKnowledgePipeline | Processing HBP-Chapter-6.pdf
2026-07-29 13:08:39,365 | INFO | PDFLoader | Loading PDF C:\Users\mabis\OneDrive\Documents\New folder\dekai-dgft-parser\input\pdf\HBP-Chapter-6.pdf
2026-07-29 13:08:43,955 | INFO | PDFLoader | Loaded 24 pages from HBP-Chapter-6.pdf
2026-07-29 13:08:44,026 | INFO | TextCleaner | Cleaned 24 pages
2026-07-29 13:08:44,063 | INFO | RuleExtractor | Extracted 41 section drafts from HBP-Chapter-6.pdf
2026-07-29 13:08:44,675 | INFO | Chunker | Created 1 chunks for section 6.00
2026-07-29 13:08:44,793 | INFO | Chunker | Created 2 chunks for section 6.01
2026-07-29 13:08:44,872 | INFO | Chunker | Created 1 chunks for section 6.02
2026-07-29 13:08:44,960 | INFO | Chunker | Created 1 chunks for section 6.03
2026-07-29 13:08:45,027 | INFO | Chunker | Created 1 chunks for section 6.04
2026-07-29 13:08:45,100 | INFO | Chunker | Created 1 chunks for section 6.05
2026-07-29 13:08:45,234 | INFO | Chunker | Created 1 chunks for section 6.06
2026-07-29 13:08:45,424 | INFO | Chunker | Created 1 chunks for section 6.07
2026-07-29 13:08:45,524 | INFO | Chunker | Created 1 chunks for section 6.08
2026-07-29 13:08:45,602 | INFO | Chunker | Created 1 chunks for section 6.09
2026-07-29 13:08:45,706 | INFO | Chunker | Created 1 chunks for section 6.10
2026-07-29 13:08:45,803 | INFO | Chunker | Created 1 chunks for section 6.11
2026-07-29 13:08:45,871 | INFO | Chunker | Created 1 chunks for section 6.12
2026-07-29 13:08:45,937 | INFO | Chunker | Created 1 chunks for section 6.13
2026-07-29 13:08:46,035 | INFO | Chunker | Created 1 chunks for section 6.14
2026-07-29 13:08:46,100 | INFO | Chunker | Created 1 chunks for section 6.15
2026-07-29 13:08:46,156 | INFO | Chunker | Created 1 chunks for section 6.16
2026-07-29 13:08:46,219 | INFO | Chunker | Created 1 chunks for section 6.17
2026-07-29 13:08:46,281 | INFO | Chunker | Created 1 chunks for section 6.18
2026-07-29 13:08:46,378 | INFO | Chunker | Created 1 chunks for section 6.19
2026-07-29 13:08:46,483 | INFO | Chunker | Created 2 chunks for section 6.20
2026-07-29 13:08:46,689 | INFO | Chunker | Created 1 chunks for section 6.22
2026-07-29 13:08:46,775 | INFO | Chunker | Created 1 chunks for section 6.23
2026-07-29 13:08:46,853 | INFO | Chunker | Created 1 chunks for section 6.24
2026-07-29 13:08:46,919 | INFO | Chunker | Created 1 chunks for section 6.25
2026-07-29 13:08:46,981 | INFO | Chunker | Created 1 chunks for section 6.26
2026-07-29 13:08:47,072 | INFO | Chunker | Created 1 chunks for section 6.27
2026-07-29 13:08:47,200 | INFO | Chunker | Created 1 chunks for section 6.28
2026-07-29 13:08:47,443 | INFO | Chunker | Created 1 chunks for section 6.29
2026-07-29 13:08:47,828 | INFO | Chunker | Created 1 chunks for section 6.30
2026-07-29 13:08:47,993 | INFO | Chunker | Created 1 chunks for section 6.31
2026-07-29 13:08:48,174 | INFO | Chunker | Created 1 chunks for section 6.32
2026-07-29 13:08:48,459 | INFO | Chunker | Created 1 chunks for section 6.33
2026-07-29 13:08:48,844 | INFO | Chunker | Created 1 chunks for section 6.34
2026-07-29 13:08:49,114 | INFO | Chunker | Created 1 chunks for section 6.35
2026-07-29 13:08:49,431 | INFO | Chunker | Created 1 chunks for section 6.36
2026-07-29 13:08:49,705 | INFO | Chunker | Created 1 chunks for section 6.37
2026-07-29 13:08:49,924 | INFO | Chunker | Created 1 chunks for section 6.38
2026-07-29 13:08:50,482 | INFO | Chunker | Created 1 chunks for section 6.39
2026-07-29 13:08:50,827 | INFO | Chunker | Created 1 chunks for section 6.40
2026-07-29 13:08:51,029 | INFO | Chunker | Created 1 chunks for section 6.41
2026-07-29 13:08:51,062 | INFO | DGFTKnowledgePipeline | Processing Chapter-7-of-HBP-2023.pdf
2026-07-29 13:08:51,077 | INFO | PDFLoader | Loading PDF C:\Users\mabis\OneDrive\Documents\New folder\dekai-dgft-parser\input\pdf\Chapter-7-of-HBP-2023.pdf
2026-07-29 13:08:52,424 | INFO | PDFLoader | Loaded 6 pages from Chapter-7-of-HBP-2023.pdf
2026-07-29 13:08:52,437 | INFO | TextCleaner | Cleaned 6 pages
2026-07-29 13:08:52,445 | INFO | RuleExtractor | Extracted 12 section drafts from Chapter-7-of-HBP-2023.pdf
2026-07-29 13:08:52,622 | INFO | Chunker | Created 1 chunks for section 7.00
2026-07-29 13:08:52,696 | INFO | Chunker | Created 1 chunks for section 7.01
2026-07-29 13:08:52,779 | INFO | Chunker | Created 1 chunks for section 7.02
2026-07-29 13:08:52,864 | INFO | Chunker | Created 1 chunks for section 7.03
2026-07-29 13:08:52,932 | INFO | Chunker | Created 1 chunks for section 7.04
2026-07-29 13:08:53,009 | INFO | Chunker | Created 1 chunks for section 7.05
2026-07-29 13:08:53,073 | INFO | Chunker | Created 1 chunks for section 7.06
2026-07-29 13:08:53,137 | INFO | Chunker | Created 1 chunks for section 7.07
2026-07-29 13:08:53,222 | INFO | Chunker | Created 1 chunks for section 7.08
2026-07-29 13:08:53,395 | INFO | Chunker | Created 1 chunks for section 7.09
2026-07-29 13:08:53,488 | INFO | Chunker | Created 1 chunks for section 7.10
2026-07-29 13:08:53,548 | INFO | Chunker | Created 1 chunks for section 7.11
2026-07-29 13:08:53,556 | INFO | DGFTKnowledgePipeline | Processing HBP2023_Chapter09.pdf
2026-07-29 13:08:53,558 | INFO | PDFLoader | Loading PDF C:\Users\mabis\OneDrive\Documents\New folder\dekai-dgft-parser\input\pdf\HBP2023_Chapter09.pdf
2026-07-29 13:08:53,758 | INFO | PDFLoader | Loaded 2 pages from HBP2023_Chapter09.pdf
2026-07-29 13:08:53,762 | INFO | TextCleaner | Cleaned 2 pages
2026-07-29 13:08:53,764 | INFO | RuleExtractor | Extracted 3 section drafts from HBP2023_Chapter09.pdf
2026-07-29 13:08:53,858 | INFO | Chunker | Created 1 chunks for section 9.00
2026-07-29 13:08:53,915 | INFO | Chunker | Created 1 chunks for section 9.01
2026-07-29 13:08:53,975 | INFO | Chunker | Created 1 chunks for section 9.02
2026-07-29 13:08:53,982 | INFO | DGFTKnowledgePipeline | Processing Chapter+10+HBP+(19.05.2026).pdf
2026-07-29 13:08:53,983 | INFO | PDFLoader | Loading PDF C:\Users\mabis\OneDrive\Documents\New folder\dekai-dgft-parser\input\pdf\Chapter+10+HBP+(19.05.2026).pdf
2026-07-29 13:09:03,252 | INFO | PDFLoader | Loaded 48 pages from Chapter+10+HBP+(19.05.2026).pdf
2026-07-29 13:09:03,401 | INFO | TextCleaner | Cleaned 48 pages
2026-07-29 13:09:03,476 | INFO | RuleExtractor | Extracted 21 section drafts from Chapter+10+HBP+(19.05.2026).pdf
2026-07-29 13:09:04,634 | INFO | Chunker | Created 1 chunks for section 10.00
2026-07-29 13:09:04,683 | INFO | Chunker | Created 1 chunks for section 10.01
2026-07-29 13:09:04,756 | INFO | Chunker | Created 1 chunks for section 10.02
2026-07-29 13:09:04,826 | INFO | Chunker | Created 1 chunks for section 10.03
2026-07-29 13:09:04,924 | INFO | Chunker | Created 1 chunks for section 10.04
2026-07-29 13:09:05,131 | INFO | Chunker | Created 1 chunks for section 10.05
2026-07-29 13:09:05,293 | INFO | Chunker | Created 1 chunks for section 10.06
2026-07-29 13:09:05,351 | INFO | Chunker | Created 1 chunks for section 10.07
2026-07-29 13:09:05,426 | INFO | Chunker | Created 1 chunks for section 10.08
2026-07-29 13:09:05,656 | INFO | Chunker | Created 5 chunks for section 10.09
2026-07-29 13:09:05,740 | INFO | Chunker | Created 1 chunks for section 10.11
2026-07-29 13:09:06,109 | INFO | Chunker | Created 8 chunks for section 10.12
2026-07-29 13:09:06,315 | INFO | Chunker | Created 2 chunks for section 10.13
2026-07-29 13:09:06,423 | INFO | Chunker | Created 1 chunks for section 10.14
2026-07-29 13:09:06,509 | INFO | Chunker | Created 1 chunks for section 10.15
2026-07-29 13:09:06,734 | INFO | Chunker | Created 11 chunks for section 10.15
2026-07-29 13:09:06,921 | INFO | Chunker | Created 7 chunks for section 10.16
2026-07-29 13:09:07,056 | INFO | Chunker | Created 2 chunks for section 10.17
2026-07-29 13:09:07,122 | INFO | Chunker | Created 1 chunks for section 10.18
2026-07-29 13:09:07,286 | INFO | Chunker | Created 4 chunks for section 10.19
2026-07-29 13:09:07,373 | INFO | Chunker | Created 1 chunks for section 10.20
2026-07-29 13:10:49,860 | INFO | PDFLoader | Loading PDF C:\Users\mabis\OneDrive\Documents\New folder\dekai-dgft-parser\output\runtime\tmps5g9ahm8.pdf
2026-07-29 13:10:51,670 | INFO | PDFLoader | Loaded 7 pages from tmps5g9ahm8.pdf
2026-07-29 13:10:51,682 | INFO | TextCleaner | Cleaned 7 pages
2026-07-29 13:10:51,693 | INFO | RuleExtractor | Extracted 12 section drafts from HBP2023_Chapter01.pdf
2026-07-29 13:10:51,798 | INFO | PdfMarkdownService | Generated markdown HBP2023_Chapter01.md from HBP2023_Chapter01.pdf
2026-07-29 13:14:06,563 | INFO | PDFLoader | Loading PDF C:\Users\mabis\OneDrive\Documents\New folder\dekai-dgft-parser\output\runtime\tmpjau_qx79.pdf
2026-07-29 13:14:22,335 | INFO | PDFLoader | Loaded 52 pages from tmpjau_qx79.pdf
2026-07-29 13:14:22,558 | INFO | TextCleaner | Cleaned 52 pages
2026-07-29 13:14:22,638 | INFO | RuleExtractor | Extracted 99 section drafts from HBP Chapter 2.pdf
2026-07-29 13:14:24,256 | INFO | PdfMarkdownService | Generated markdown HBP Chapter 2.md from HBP Chapter 2.pdf
2026-07-29 13:16:30,649 | INFO | PDFLoader | Loading PDF C:\Users\mabis\OneDrive\Documents\New folder\dekai-dgft-parser\output\runtime\tmpa3gxmvbt.pdf
2026-07-29 13:16:31,533 | INFO | PDFLoader | Loaded 6 pages from tmpa3gxmvbt.pdf
2026-07-29 13:16:31,546 | INFO | TextCleaner | Cleaned 6 pages
2026-07-29 13:16:31,556 | INFO | RuleExtractor | Extracted 8 section drafts from HBP2023_Chapter03.pdf
2026-07-29 13:16:31,626 | INFO | PdfMarkdownService | Generated markdown HBP2023_Chapter03.md from HBP2023_Chapter03.pdf
2026-07-29 14:00:02,217 | INFO | PDFLoader | Loading PDF C:\Users\mabis\OneDrive\Documents\New folder\dekai-dgft-parser\output\runtime\tmpp8trlbim.pdf
2026-07-29 14:00:19,176 | INFO | PDFLoader | Loaded 58 pages from tmpp8trlbim.pdf
2026-07-29 14:00:19,426 | INFO | TextCleaner | Cleaned 58 pages
2026-07-29 14:00:19,529 | INFO | RuleExtractor | Extracted 99 section drafts from HBP2023_Chapter04+as+on+20.04.2026.pdf
2026-07-29 14:00:21,745 | INFO | PdfMarkdownService | Generated markdown HBP2023_Chapter04+as+on+20.04.2026.md from HBP2023_Chapter04+as+on+20.04.2026.pdf
2026-07-29 14:02:36,584 | INFO | PDFLoader | Loading PDF C:\Users\mabis\OneDrive\Documents\New folder\dekai-dgft-parser\output\runtime\tmpkn0yind7.pdf
2026-07-29 14:02:40,606 | INFO | PDFLoader | Loaded 15 pages from tmpkn0yind7.pdf
2026-07-29 14:02:40,685 | INFO | TextCleaner | Cleaned 15 pages
2026-07-29 14:02:40,746 | INFO | RuleExtractor | Extracted 25 section drafts from HBP2023_Chapter05.pdf
2026-07-29 14:02:41,286 | INFO | PdfMarkdownService | Generated markdown HBP2023_Chapter05.md from HBP2023_Chapter05.pdf
2026-07-29 14:03:47,230 | INFO | PDFLoader | Loading PDF C:\Users\mabis\OneDrive\Documents\New folder\dekai-dgft-parser\output\runtime\tmp7gk6wb07.pdf
2026-07-29 14:03:52,716 | INFO | PDFLoader | Loaded 24 pages from tmp7gk6wb07.pdf
2026-07-29 14:03:52,826 | INFO | TextCleaner | Cleaned 24 pages
2026-07-29 14:03:52,908 | INFO | RuleExtractor | Extracted 41 section drafts from HBP-Chapter-6.pdf
2026-07-29 14:03:53,522 | INFO | PdfMarkdownService | Generated markdown HBP-Chapter-6.md from HBP-Chapter-6.pdf
2026-07-29 14:04:46,858 | INFO | PDFLoader | Loading PDF C:\Users\mabis\OneDrive\Documents\New folder\dekai-dgft-parser\output\runtime\tmp1w1ene_w.pdf
2026-07-29 14:04:47,832 | INFO | PDFLoader | Loaded 6 pages from tmp1w1ene_w.pdf
2026-07-29 14:04:47,847 | INFO | TextCleaner | Cleaned 6 pages
2026-07-29 14:04:47,867 | INFO | RuleExtractor | Extracted 12 section drafts from Chapter-7-of-HBP-2023.pdf
2026-07-29 14:04:48,022 | INFO | PdfMarkdownService | Generated markdown Chapter-7-of-HBP-2023.md from Chapter-7-of-HBP-2023.pdf
2026-07-29 14:05:34,822 | INFO | PDFLoader | Loading PDF C:\Users\mabis\OneDrive\Documents\New folder\dekai-dgft-parser\output\runtime\tmplj2_3h35.pdf
2026-07-29 14:05:35,444 | INFO | PDFLoader | Loaded 4 pages from tmplj2_3h35.pdf
2026-07-29 14:05:35,459 | INFO | TextCleaner | Cleaned 4 pages
2026-07-29 14:05:35,469 | INFO | RuleExtractor | Extracted 5 section drafts from HBP2023_Chapter08.pdf
2026-07-29 14:05:35,542 | INFO | PdfMarkdownService | Generated markdown HBP2023_Chapter08.md from HBP2023_Chapter08.pdf
2026-07-29 14:06:24,422 | INFO | PDFLoader | Loading PDF C:\Users\mabis\OneDrive\Documents\New folder\dekai-dgft-parser\output\runtime\tmphznf6m9b.pdf
2026-07-29 14:06:24,658 | INFO | PDFLoader | Loaded 2 pages from tmphznf6m9b.pdf
2026-07-29 14:06:24,661 | INFO | TextCleaner | Cleaned 2 pages
2026-07-29 14:06:24,671 | INFO | RuleExtractor | Extracted 3 section drafts from HBP2023_Chapter09.pdf
2026-07-29 14:06:24,694 | INFO | PdfMarkdownService | Generated markdown HBP2023_Chapter09.md from HBP2023_Chapter09.pdf
2026-07-29 14:07:22,705 | INFO | PDFLoader | Loading PDF C:\Users\mabis\OneDrive\Documents\New folder\dekai-dgft-parser\output\runtime\tmp0uneco4o.pdf
2026-07-29 14:07:32,779 | INFO | PDFLoader | Loaded 48 pages from tmp0uneco4o.pdf
2026-07-29 14:07:32,960 | INFO | TextCleaner | Cleaned 48 pages
2026-07-29 14:07:33,081 | INFO | RuleExtractor | Extracted 21 section drafts from Chapter+10+HBP+(19.05.2026).pdf
2026-07-29 14:07:34,370 | INFO | PdfMarkdownService | Generated markdown Chapter+10+HBP+(19.05.2026).md from Chapter+10+HBP+(19.05.2026).pdf
2026-07-30 11:15:45,166 | INFO | DGFTKnowledgePipeline | Processing HBP2023_Chapter01.pdf
2026-07-30 11:15:45,172 | INFO | PDFLoader | Loading PDF C:\Users\mabis\OneDrive\Documents\New folder\dekai-dgft-parser\input\pdf\HBP2023_Chapter01.pdf
2026-07-30 11:15:46,269 | INFO | PDFLoader | Loaded 7 pages from HBP2023_Chapter01.pdf
2026-07-30 11:15:46,290 | INFO | TextCleaner | Cleaned 7 pages
2026-07-30 11:15:46,304 | INFO | RuleExtractor | Extracted 12 section drafts from HBP2023_Chapter01.pdf
2026-07-30 11:15:46,663 | INFO | Chunker | Created 1 chunks for section 1.01
2026-07-30 11:15:46,722 | INFO | Chunker | Created 1 chunks for section 1.02
2026-07-30 11:15:46,777 | INFO | Chunker | Created 1 chunks for section 1.03
2026-07-30 11:15:46,887 | INFO | Chunker | Created 2 chunks for section 1.04
2026-07-30 11:15:46,955 | INFO | Chunker | Created 1 chunks for section 1.05
2026-07-30 11:15:47,012 | INFO | Chunker | Created 1 chunks for section 1.06
2026-07-30 11:15:47,091 | INFO | Chunker | Created 1 chunks for section 1.07
2026-07-30 11:15:47,178 | INFO | Chunker | Created 1 chunks for section 1.08
2026-07-30 11:15:47,366 | INFO | Chunker | Created 1 chunks for section 1.09
2026-07-30 11:15:47,516 | INFO | Chunker | Created 1 chunks for section 1.10
2026-07-30 11:15:47,605 | INFO | Chunker | Created 1 chunks for section 1.11
2026-07-30 11:15:47,665 | INFO | Chunker | Created 1 chunks for section 1.12
2026-07-30 11:15:47,685 | INFO | DGFTKnowledgePipeline | Processing HBP Chapter 2.pdf
2026-07-30 11:15:47,686 | INFO | PDFLoader | Loading PDF C:\Users\mabis\OneDrive\Documents\New folder\dekai-dgft-parser\input\pdf\HBP Chapter 2.pdf
2026-07-30 11:16:06,793 | INFO | services.chat_service | dekai_retrieval {"question": "What is EPCG?", "detected_intent": "Question Answering", "detected_topic": "EPCG", "knowledge_source": ["FTP Chapter 5", "HBP EPCG Sections"], "retrieved_documents": ["HBP Chapter 2.pdf", "HBP2023_Chapter05.pdf"], "similarity_score": 0.75, "selected_chunks": ["2.97-1", "5.01-1", "5.25-1"], "reason_for_selection": "Accepted the relevant DGFT section(s) after intent detection, chapter/section filtering, and complete-section grounding.", "user_question": "What is EPCG?", "detected_entities": ["what", "is", "epcg"], "detected_hs_code": [], "metadata_results_count": 0, "bm25_results_count": 20, "vector_results_count": 20, "merged_results_count": 36, "top_ranked_chunks": [{"id": "2.97", "title": "2.97 Application to EPCG Committee", "sectionId": "2.97", "documentName": "HBP Chapter 2.pdf", "score": 14.5429, "confidence": 0.75, "rankingReasons": ["keyword_match"]}, {"id": "2.97-1", "title": "2.97 Application to EPCG Committee", "sectionId": "2.97", "documentName": "HBP Chapter 2.pdf", "score": 12.8385, "confidence": 0.75, "rankingReasons": ["keyword_match"]}, {"id": "5.25-condition-3", "title": "Clubbing of EPCG authorisations", "sectionId": "5.25", "documentName": "HBP2023_Chapter05.pdf", "score": 9.8571, "confidence": 0.75, "rankingReasons": ["keyword_match"]}, {"id": "5.01", "title": "5.01 Policy", "sectionId": "5.01", "documentName": "HBP2023_Chapter05.pdf", "score": 12.8867, "confidence": 0.75, "rankingReasons": ["keyword_match"]}, {"id": "2.97-workflow", "title": "Application to EPCG Committee", "sectionId": "2.97", "documentName": "HBP Chapter 2.pdf", "score": 9.5563, "confidence": 0.75, "rankingReasons": ["keyword_match"]}], "selected_chunk": ["2.97-1"], "final_prompt": "Question: What is EPCG?\nDetected intent: General Question\nDetected entities: what, is, epcg\nSelected sections: 2.97 Application to EPCG Committee, 5.25 Clubbing of EPCG authorisations, 5.01 Policy\nSelected chunks: 2.97-1, 5.01-1, 5.25-1", "llm_response": "2.97 Application to EPCG Committee (a) Application to the Export Promotion Capital Goods (EPCG) Committee under Para 2.59 of FTP is to be made online in ANF-2D with the prescribed fee in terms of Appendix-2K with required documents. Application to EPCG Committee governs how DGFT business controls should be applied, validated, and enforced."}
2026-07-30 11:16:08,895 | INFO | PDFLoader | Loaded 52 pages from HBP Chapter 2.pdf
2026-07-30 11:16:09,164 | INFO | TextCleaner | Cleaned 52 pages
2026-07-30 11:16:09,294 | INFO | RuleExtractor | Extracted 99 section drafts from HBP Chapter 2.pdf
2026-07-30 11:16:11,090 | INFO | Chunker | Created 1 chunks for section 2.00
2026-07-30 11:16:11,187 | INFO | Chunker | Created 1 chunks for section 2.01
2026-07-30 11:16:11,294 | INFO | Chunker | Created 1 chunks for section 2.02
2026-07-30 11:16:11,367 | INFO | Chunker | Created 1 chunks for section 2.03
2026-07-30 11:16:11,427 | INFO | Chunker | Created 1 chunks for section 2.04
2026-07-30 11:16:11,493 | INFO | Chunker | Created 1 chunks for section 2.05
2026-07-30 11:16:11,545 | INFO | Chunker | Created 1 chunks for section 2.06
2026-07-30 11:16:11,643 | INFO | Chunker | Created 1 chunks for section 2.07
2026-07-30 11:16:11,749 | INFO | Chunker | Created 1 chunks for section 2.08
2026-07-30 11:16:11,812 | INFO | Chunker | Created 1 chunks for section 2.09
2026-07-30 11:16:11,873 | INFO | Chunker | Created 1 chunks for section 2.10
2026-07-30 11:16:11,933 | INFO | Chunker | Created 1 chunks for section 2.11
2026-07-30 11:16:11,981 | INFO | Chunker | Created 1 chunks for section 2.12
2026-07-30 11:16:12,051 | INFO | Chunker | Created 1 chunks for section 2.13
2026-07-30 11:16:12,192 | INFO | Chunker | Created 1 chunks for section 2.14
2026-07-30 11:16:12,275 | INFO | Chunker | Created 1 chunks for section 2.15
2026-07-30 11:16:12,369 | INFO | Chunker | Created 1 chunks for section 2.16
2026-07-30 11:16:12,431 | INFO | Chunker | Created 1 chunks for section 2.17
2026-07-30 11:16:12,496 | INFO | Chunker | Created 1 chunks for section 2.18
2026-07-30 11:16:12,552 | INFO | Chunker | Created 1 chunks for section 2.19
2026-07-30 11:16:12,649 | INFO | Chunker | Created 1 chunks for section 2.20
2026-07-30 11:16:12,707 | INFO | Chunker | Created 1 chunks for section 2.21
2026-07-30 11:16:12,760 | INFO | Chunker | Created 1 chunks for section 2.22
2026-07-30 11:16:12,847 | INFO | Chunker | Created 1 chunks for section 2.23
2026-07-30 11:16:12,914 | INFO | Chunker | Created 1 chunks for section 2.24
2026-07-30 11:16:12,977 | INFO | Chunker | Created 1 chunks for section 2.25
2026-07-30 11:16:13,058 | INFO | Chunker | Created 1 chunks for section 2.26
2026-07-30 11:16:13,126 | INFO | Chunker | Created 1 chunks for section 2.27
2026-07-30 11:16:13,188 | INFO | Chunker | Created 1 chunks for section 2.28
2026-07-30 11:16:13,282 | INFO | Chunker | Created 1 chunks for section 2.29
2026-07-30 11:16:13,363 | INFO | Chunker | Created 1 chunks for section 2.29
2026-07-30 11:16:13,460 | INFO | Chunker | Created 1 chunks for section 2.30
2026-07-30 11:16:13,545 | INFO | Chunker | Created 1 chunks for section 2.31
2026-07-30 11:16:13,651 | INFO | Chunker | Created 1 chunks for section 2.32
2026-07-30 11:16:13,743 | INFO | Chunker | Created 1 chunks for section 2.33
2026-07-30 11:16:13,845 | INFO | Chunker | Created 1 chunks for section 2.34
2026-07-30 11:16:13,915 | INFO | Chunker | Created 1 chunks for section 2.35
2026-07-30 11:16:14,022 | INFO | Chunker | Created 1 chunks for section 2.36
2026-07-30 11:16:14,132 | INFO | Chunker | Created 1 chunks for section 2.37
2026-07-30 11:16:14,182 | INFO | Chunker | Created 1 chunks for section 2.38
2026-07-30 11:16:14,236 | INFO | Chunker | Created 1 chunks for section 2.39
2026-07-30 11:16:14,325 | INFO | Chunker | Created 1 chunks for section 2.40
2026-07-30 11:16:14,418 | INFO | Chunker | Created 1 chunks for section 2.41
2026-07-30 11:16:14,462 | INFO | Chunker | Created 1 chunks for section 2.42
2026-07-30 11:16:14,619 | INFO | Chunker | Created 1 chunks for section 2.43
2026-07-30 11:16:14,716 | INFO | Chunker | Created 1 chunks for section 2.44
2026-07-30 11:16:14,758 | INFO | Chunker | Created 1 chunks for section 2.45
2026-07-30 11:16:14,854 | INFO | Chunker | Created 1 chunks for section 2.46
2026-07-30 11:16:14,906 | INFO | Chunker | Created 1 chunks for section 2.47
2026-07-30 11:16:14,999 | INFO | Chunker | Created 1 chunks for section 2.48
2026-07-30 11:16:15,096 | INFO | Chunker | Created 1 chunks for section 2.49
2026-07-30 11:16:15,193 | INFO | Chunker | Created 1 chunks for section 2.50
2026-07-30 11:16:15,438 | INFO | Chunker | Created 18 chunks for section 2.51
2026-07-30 11:16:15,536 | INFO | Chunker | Created 1 chunks for section 2.52
2026-07-30 11:16:15,690 | INFO | Chunker | Created 1 chunks for section 2.53
2026-07-30 11:16:15,741 | INFO | Chunker | Created 1 chunks for section 2.54
2026-07-30 11:16:15,810 | INFO | Chunker | Created 1 chunks for section 2.55
2026-07-30 11:16:15,872 | INFO | Chunker | Created 1 chunks for section 2.56
2026-07-30 11:16:15,931 | INFO | Chunker | Created 1 chunks for section 2.57
2026-07-30 11:16:16,001 | INFO | Chunker | Created 1 chunks for section 2.58
2026-07-30 11:16:16,088 | INFO | Chunker | Created 1 chunks for section 2.59
2026-07-30 11:16:16,165 | INFO | Chunker | Created 1 chunks for section 2.60
2026-07-30 11:16:16,280 | INFO | Chunker | Created 1 chunks for section 2.61
2026-07-30 11:16:16,339 | INFO | Chunker | Created 1 chunks for section 2.62
2026-07-30 11:16:16,391 | INFO | Chunker | Created 1 chunks for section 2.63
2026-07-30 11:16:16,485 | INFO | Chunker | Created 1 chunks for section 2.64
2026-07-30 11:16:16,530 | INFO | Chunker | Created 1 chunks for section 2.65
2026-07-30 11:16:16,591 | INFO | Chunker | Created 1 chunks for section 2.66
2026-07-30 11:16:16,737 | INFO | Chunker | Created 1 chunks for section 2.67
2026-07-30 11:16:16,804 | INFO | Chunker | Created 1 chunks for section 2.68
2026-07-30 11:16:16,856 | INFO | Chunker | Created 1 chunks for section 2.69
2026-07-30 11:16:16,929 | INFO | Chunker | Created 1 chunks for section 2.70
2026-07-30 11:16:17,017 | INFO | Chunker | Created 1 chunks for section 2.71
2026-07-30 11:16:17,089 | INFO | Chunker | Created 1 chunks for section 2.72
2026-07-30 11:16:17,146 | INFO | Chunker | Created 1 chunks for section 2.73
2026-07-30 11:16:17,205 | INFO | Chunker | Created 1 chunks for section 2.74
2026-07-30 11:16:17,272 | INFO | Chunker | Created 1 chunks for section 2.75
2026-07-30 11:16:17,381 | INFO | Chunker | Created 2 chunks for section 2.76
2026-07-30 11:16:17,437 | INFO | Chunker | Created 1 chunks for section 2.77
2026-07-30 11:16:17,496 | INFO | Chunker | Created 1 chunks for section 2.78
2026-07-30 11:16:17,571 | INFO | Chunker | Created 1 chunks for section 2.79
2026-07-30 11:16:17,635 | INFO | Chunker | Created 1 chunks for section 2.80
2026-07-30 11:16:17,688 | INFO | Chunker | Created 1 chunks for section 2.81
2026-07-30 11:16:17,749 | INFO | Chunker | Created 1 chunks for section 2.82
2026-07-30 11:16:17,807 | INFO | Chunker | Created 1 chunks for section 2.83
2026-07-30 11:16:17,860 | INFO | Chunker | Created 1 chunks for section 2.84
2026-07-30 11:16:17,910 | INFO | Chunker | Created 1 chunks for section 2.85
2026-07-30 11:16:17,971 | INFO | Chunker | Created 1 chunks for section 2.86
2026-07-30 11:16:18,018 | INFO | Chunker | Created 1 chunks for section 2.87
2026-07-30 11:16:18,122 | INFO | Chunker | Created 1 chunks for section 2.88
2026-07-30 11:16:18,227 | INFO | Chunker | Created 1 chunks for section 2.89
2026-07-30 11:16:18,295 | INFO | Chunker | Created 1 chunks for section 2.90
2026-07-30 11:16:18,382 | INFO | Chunker | Created 1 chunks for section 2.91
2026-07-30 11:16:18,555 | INFO | Chunker | Created 32 chunks for section 2.92
2026-07-30 11:16:18,684 | INFO | Chunker | Created 2 chunks for section 2.93
2026-07-30 11:16:18,726 | INFO | Chunker | Created 1 chunks for section 2.94
2026-07-30 11:16:18,763 | INFO | Chunker | Created 1 chunks for section 2.95
2026-07-30 11:16:18,834 | INFO | Chunker | Created 1 chunks for section 2.96
2026-07-30 11:16:18,890 | INFO | Chunker | Created 1 chunks for section 2.97
2026-07-30 11:16:18,991 | INFO | DGFTKnowledgePipeline | Processing HBP2023_Chapter03.pdf
2026-07-30 11:16:18,993 | INFO | PDFLoader | Loading PDF C:\Users\mabis\OneDrive\Documents\New folder\dekai-dgft-parser\input\pdf\HBP2023_Chapter03.pdf
2026-07-30 11:16:20,252 | INFO | PDFLoader | Loaded 6 pages from HBP2023_Chapter03.pdf
2026-07-30 11:16:20,275 | INFO | TextCleaner | Cleaned 6 pages
2026-07-30 11:16:20,288 | INFO | RuleExtractor | Extracted 8 section drafts from HBP2023_Chapter03.pdf
2026-07-30 11:16:20,499 | INFO | Chunker | Created 1 chunks for section 3.01
2026-07-30 11:16:20,559 | INFO | Chunker | Created 1 chunks for section 3.02
2026-07-30 11:16:20,626 | INFO | Chunker | Created 2 chunks for section 3.03
2026-07-30 11:16:20,692 | INFO | Chunker | Created 1 chunks for section 3.05
2026-07-30 11:16:20,745 | INFO | Chunker | Created 1 chunks for section 3.06
2026-07-30 11:16:20,791 | INFO | Chunker | Created 1 chunks for section 3.07
2026-07-30 11:16:20,847 | INFO | Chunker | Created 1 chunks for section 3.08
2026-07-30 11:16:20,898 | INFO | Chunker | Created 1 chunks for section 3.09
2026-07-30 11:16:21,080 | INFO | DGFTKnowledgePipeline | Processing HBP2023_Chapter04+as+on+20.04.2026.pdf
2026-07-30 11:16:21,082 | INFO | PDFLoader | Loading PDF C:\Users\mabis\OneDrive\Documents\New folder\dekai-dgft-parser\input\pdf\HBP2023_Chapter04+as+on+20.04.2026.pdf
2026-07-30 11:16:38,377 | INFO | PDFLoader | Loaded 58 pages from HBP2023_Chapter04+as+on+20.04.2026.pdf
2026-07-30 11:16:38,616 | INFO | TextCleaner | Cleaned 58 pages
2026-07-30 11:16:38,731 | INFO | RuleExtractor | Extracted 99 section drafts from HBP2023_Chapter04+as+on+20.04.2026.pdf
2026-07-30 11:16:40,807 | INFO | Chunker | Created 1 chunks for section 4.01
2026-07-30 11:16:40,883 | INFO | Chunker | Created 1 chunks for section 4.02
2026-07-30 11:16:40,939 | INFO | Chunker | Created 1 chunks for section 4.03
2026-07-30 11:16:40,993 | INFO | Chunker | Created 1 chunks for section 4.04
2026-07-30 11:16:41,087 | INFO | Chunker | Created 1 chunks for section 4.05
2026-07-30 11:16:41,208 | INFO | Chunker | Created 2 chunks for section 4.06
2026-07-30 11:16:41,362 | INFO | Chunker | Created 1 chunks for section 4.07
2026-07-30 11:16:41,496 | INFO | Chunker | Created 1 chunks for section 4.08
2026-07-30 11:16:41,649 | INFO | Chunker | Created 1 chunks for section 4.09
2026-07-30 11:16:41,743 | INFO | Chunker | Created 1 chunks for section 4.10
2026-07-30 11:16:41,802 | INFO | Chunker | Created 1 chunks for section 4.11
2026-07-30 11:16:41,927 | INFO | Chunker | Created 1 chunks for section 4.12
2026-07-30 11:16:41,985 | INFO | Chunker | Created 1 chunks for section 4.13
2026-07-30 11:16:42,076 | INFO | Chunker | Created 1 chunks for section 4.14
2026-07-30 11:16:42,161 | INFO | Chunker | Created 1 chunks for section 4.15
2026-07-30 11:16:42,244 | INFO | Chunker | Created 1 chunks for section 4.16
2026-07-30 11:16:42,322 | INFO | Chunker | Created 1 chunks for section 4.17
2026-07-30 11:16:42,451 | INFO | Chunker | Created 1 chunks for section 4.18
2026-07-30 11:16:42,550 | INFO | Chunker | Created 1 chunks for section 4.19
2026-07-30 11:16:42,644 | INFO | Chunker | Created 1 chunks for section 4.20
2026-07-30 11:16:42,733 | INFO | Chunker | Created 1 chunks for section 4.21
2026-07-30 11:16:42,828 | INFO | Chunker | Created 1 chunks for section 4.22
2026-07-30 11:16:42,890 | INFO | Chunker | Created 1 chunks for section 4.23
2026-07-30 11:16:42,972 | INFO | Chunker | Created 1 chunks for section 4.24
2026-07-30 11:16:43,033 | INFO | Chunker | Created 1 chunks for section 4.25
2026-07-30 11:16:43,118 | INFO | Chunker | Created 1 chunks for section 4.26
2026-07-30 11:16:43,193 | INFO | Chunker | Created 1 chunks for section 4.27
2026-07-30 11:16:43,241 | INFO | Chunker | Created 1 chunks for section 4.28
2026-07-30 11:16:43,835 | INFO | Chunker | Created 1 chunks for section 4.29
2026-07-30 11:16:43,937 | INFO | Chunker | Created 1 chunks for section 4.30
2026-07-30 11:16:44,002 | INFO | Chunker | Created 1 chunks for section 4.31
2026-07-30 11:16:44,100 | INFO | Chunker | Created 1 chunks for section 4.32
2026-07-30 11:16:44,210 | INFO | Chunker | Created 1 chunks for section 4.33
2026-07-30 11:16:44,283 | INFO | Chunker | Created 1 chunks for section 4.34
2026-07-30 11:16:44,406 | INFO | Chunker | Created 2 chunks for section 4.35
2026-07-30 11:16:45,329 | INFO | Chunker | Created 2 chunks for section 4.36
2026-07-30 11:16:47,805 | INFO | Chunker | Created 2 chunks for section 4.37
2026-07-30 11:16:48,512 | INFO | services.chat_service | dekai_retrieval {"question": "i need section list", "detected_intent": "Question Answering", "detected_topic": "General Question", "knowledge_source": ["FTP", "HBP", "DGFT Policy"], "retrieved_documents": ["HBP2023_Chapter04+as+on+20.04.2026.pdf", "HBP Chapter 2.pdf", "HBP-Chapter-6.pdf", "HBP2023_Chapter05.pdf"], "similarity_score": 0.75, "selected_chunks": ["4.12-1", "4.94-1", "4.94-2", "4.96-1"], "reason_for_selection": "Accepted the relevant DGFT section(s) after intent detection, chapter/section filtering, and complete-section grounding.", "user_question": "i need section list", "detected_entities": ["section", "list"], "detected_hs_code": [], "metadata_results_count": 0, "bm25_results_count": 20, "vector_results_count": 20, "merged_results_count": 33, "top_ranked_chunks": [{"id": "4.94-condition-6", "title": "Filing of Annual RODTEP Return (ARR)", "sectionId": "4.94", "documentName": "HBP2023_Chapter04+as+on+20.04.2026.pdf", "score": 9.4954, "confidence": 0.75, "rankingReasons": ["keyword_match"]}, {"id": "4.12-condition-5", "title": "Entitlement", "sectionId": "4.12", "documentName": "HBP2023_Chapter04+as+on+20.04.2026.pdf", "score": 8.7364, "confidence": 0.75, "rankingReasons": ["keyword_match"]}, {"id": "4.12-condition-10", "title": "Entitlement", "sectionId": "4.12", "documentName": "HBP2023_Chapter04+as+on+20.04.2026.pdf", "score": 8.7364, "confidence": 0.75, "rankingReasons": ["keyword_match"]}, {"id": "4.96-condition-4", "title": "Conditions of Imports & Exports", "sectionId": "4.96", "documentName": "HBP2023_Chapter04+as+on+20.04.2026.pdf", "score": 8.4176, "confidence": 0.75, "rankingReasons": ["keyword_match"]}, {"id": "4.12-condition-3", "title": "Entitlement", "sectionId": "4.12", "documentName": "HBP2023_Chapter04+as+on+20.04.2026.pdf", "score": 8.3837, "confidence": 0.75, "rankingReasons": ["keyword_match"]}], "selected_chunk": ["4.12-1"], "final_prompt": "Question: i need section list\nDetected intent: General Question\nDetected entities: section, list\nSelected sections: 4.94 Filing of Annual RODTEP Return (ARR), 4.12 Entitlement, 4.96 Conditions of Imports & Exports\nSelected chunks: 4.12-1, 4.94-1, 4.94-2", "llm_response": "4.94 Filing of Annual RODTEP Return (ARR) 1. Filing of Annual RODTEP Return (ARR) governs how DGFT business controls should be applied, validated, and enforced."}
2026-07-30 11:16:48,581 | INFO | Chunker | Created 1 chunks for section 4.38
2026-07-30 11:16:48,662 | INFO | Chunker | Created 1 chunks for section 4.39
2026-07-30 11:16:48,854 | INFO | Chunker | Created 2 chunks for section 4.40
2026-07-30 11:16:49,057 | INFO | Chunker | Created 1 chunks for section 4.41
2026-07-30 11:16:49,151 | INFO | Chunker | Created 1 chunks for section 4.42
2026-07-30 11:16:49,290 | INFO | Chunker | Created 1 chunks for section 4.43
2026-07-30 11:16:49,420 | INFO | Chunker | Created 1 chunks for section 4.44
2026-07-30 11:16:49,526 | INFO | Chunker | Created 1 chunks for section 4.45
2026-07-30 11:16:49,582 | INFO | Chunker | Created 1 chunks for section 4.46
2026-07-30 11:16:49,685 | INFO | Chunker | Created 1 chunks for section 4.47
2026-07-30 11:16:49,811 | INFO | Chunker | Created 1 chunks for section 4.48
2026-07-30 11:16:50,026 | INFO | Chunker | Created 2 chunks for section 4.49
2026-07-30 11:16:50,174 | INFO | Chunker | Created 1 chunks for section 4.50
2026-07-30 11:16:50,251 | INFO | Chunker | Created 1 chunks for section 4.51
2026-07-30 11:16:50,302 | INFO | Chunker | Created 1 chunks for section 4.52
2026-07-30 11:16:50,386 | INFO | Chunker | Created 1 chunks for section 4.53
2026-07-30 11:16:50,443 | INFO | Chunker | Created 1 chunks for section 4.54
2026-07-30 11:16:50,526 | INFO | Chunker | Created 1 chunks for section 4.55
2026-07-30 11:16:50,594 | INFO | Chunker | Created 1 chunks for section 4.56
2026-07-30 11:16:50,646 | INFO | Chunker | Created 1 chunks for section 4.57
2026-07-30 11:16:50,751 | INFO | Chunker | Created 1 chunks for section 4.58
2026-07-30 11:16:50,866 | INFO | Chunker | Created 1 chunks for section 4.59
2026-07-30 11:16:50,968 | INFO | Chunker | Created 1 chunks for section 4.60
2026-07-30 11:16:51,037 | INFO | Chunker | Created 1 chunks for section 4.61
2026-07-30 11:16:51,112 | INFO | Chunker | Created 1 chunks for section 4.62
2026-07-30 11:16:51,190 | INFO | Chunker | Created 1 chunks for section 4.63
2026-07-30 11:16:51,250 | INFO | Chunker | Created 1 chunks for section 4.64
2026-07-30 11:16:51,324 | INFO | Chunker | Created 1 chunks for section 4.65
2026-07-30 11:16:51,382 | INFO | Chunker | Created 1 chunks for section 4.66
2026-07-30 11:16:51,496 | INFO | Chunker | Created 1 chunks for section 4.67
2026-07-30 11:16:51,590 | INFO | Chunker | Created 1 chunks for section 4.68
2026-07-30 11:16:51,657 | INFO | Chunker | Created 1 chunks for section 4.69
2026-07-30 11:16:51,725 | INFO | Chunker | Created 1 chunks for section 4.70
2026-07-30 11:16:51,796 | INFO | Chunker | Created 1 chunks for section 4.71
2026-07-30 11:16:51,898 | INFO | Chunker | Created 1 chunks for section 4.72
2026-07-30 11:16:52,001 | INFO | Chunker | Created 1 chunks for section 4.73
2026-07-30 11:16:52,125 | INFO | Chunker | Created 1 chunks for section 4.74
2026-07-30 11:16:52,250 | INFO | Chunker | Created 1 chunks for section 4.75
2026-07-30 11:16:52,376 | INFO | Chunker | Created 1 chunks for section 4.76
2026-07-30 11:16:52,510 | INFO | Chunker | Created 1 chunks for section 4.77
2026-07-30 11:16:52,582 | INFO | Chunker | Created 1 chunks for section 4.78
2026-07-30 11:16:52,730 | INFO | Chunker | Created 2 chunks for section 4.79
2026-07-30 11:16:52,798 | INFO | Chunker | Created 1 chunks for section 4.80
2026-07-30 11:16:52,910 | INFO | Chunker | Created 1 chunks for section 4.81
2026-07-30 11:16:52,990 | INFO | Chunker | Created 1 chunks for section 4.82
2026-07-30 11:16:53,114 | INFO | Chunker | Created 1 chunks for section 4.83
2026-07-30 11:16:53,217 | INFO | Chunker | Created 1 chunks for section 4.84
2026-07-30 11:16:53,274 | INFO | Chunker | Created 1 chunks for section 4.85
2026-07-30 11:16:53,324 | INFO | Chunker | Created 1 chunks for section 4.86
2026-07-30 11:16:53,410 | INFO | Chunker | Created 1 chunks for section 4.87
2026-07-30 11:16:53,468 | INFO | Chunker | Created 1 chunks for section 4.88
2026-07-30 11:16:53,517 | INFO | Chunker | Created 1 chunks for section 4.89
2026-07-30 11:16:53,588 | INFO | Chunker | Created 1 chunks for section 4.90
2026-07-30 11:16:53,633 | INFO | Chunker | Created 1 chunks for section 4.91
2026-07-30 11:16:53,703 | INFO | Chunker | Created 1 chunks for section 4.92
2026-07-30 11:16:53,792 | INFO | Chunker | Created 1 chunks for section 4.93
2026-07-30 11:16:53,933 | INFO | Chunker | Created 2 chunks for section 4.94
2026-07-30 11:16:54,002 | INFO | Chunker | Created 1 chunks for section 4.95
2026-07-30 11:16:54,090 | INFO | Chunker | Created 1 chunks for section 4.96
2026-07-30 11:16:54,231 | INFO | Chunker | Created 1 chunks for section 4.97
2026-07-30 11:16:54,311 | INFO | Chunker | Created 1 chunks for section 4.98
2026-07-30 11:16:54,421 | INFO | Chunker | Created 1 chunks for section 4.99
2026-07-30 11:16:54,499 | INFO | DGFTKnowledgePipeline | Processing HBP2023_Chapter05.pdf
2026-07-30 11:16:54,501 | INFO | PDFLoader | Loading PDF C:\Users\mabis\OneDrive\Documents\New folder\dekai-dgft-parser\input\pdf\HBP2023_Chapter05.pdf
2026-07-30 11:16:58,582 | INFO | PDFLoader | Loaded 15 pages from HBP2023_Chapter05.pdf
2026-07-30 11:16:58,644 | INFO | TextCleaner | Cleaned 15 pages
2026-07-30 11:16:58,676 | INFO | RuleExtractor | Extracted 25 section drafts from HBP2023_Chapter05.pdf
2026-07-30 11:16:59,254 | INFO | Chunker | Created 1 chunks for section 5.01
2026-07-30 11:16:59,332 | INFO | Chunker | Created 1 chunks for section 5.02
2026-07-30 11:16:59,438 | INFO | Chunker | Created 1 chunks for section 5.03
2026-07-30 11:16:59,588 | INFO | Chunker | Created 1 chunks for section 5.04
2026-07-30 11:16:59,693 | INFO | Chunker | Created 1 chunks for section 5.05
2026-07-30 11:16:59,848 | INFO | Chunker | Created 1 chunks for section 5.06
2026-07-30 11:16:59,985 | INFO | Chunker | Created 1 chunks for section 5.07
2026-07-30 11:17:00,085 | INFO | Chunker | Created 1 chunks for section 5.08
2026-07-30 11:17:00,146 | INFO | Chunker | Created 1 chunks for section 5.09
2026-07-30 11:17:00,295 | INFO | Chunker | Created 1 chunks for section 5.10
2026-07-30 11:17:00,366 | INFO | Chunker | Created 1 chunks for section 5.11
2026-07-30 11:17:00,470 | INFO | Chunker | Created 1 chunks for section 5.12
2026-07-30 11:17:00,698 | INFO | Chunker | Created 2 chunks for section 5.13
2026-07-30 11:17:00,840 | INFO | Chunker | Created 1 chunks for section 5.14
2026-07-30 11:17:01,776 | INFO | Chunker | Created 1 chunks for section 5.16
2026-07-30 11:17:03,928 | INFO | Chunker | Created 1 chunks for section 5.17
2026-07-30 11:17:04,832 | INFO | services.chat_service | dekai_retrieval {"question": "i need section list", "detected_intent": "Question Answering", "detected_topic": "General Question", "knowledge_source": ["FTP", "HBP", "DGFT Policy"], "retrieved_documents": ["HBP2023_Chapter04+as+on+20.04.2026.pdf", "HBP Chapter 2.pdf", "HBP-Chapter-6.pdf", "HBP2023_Chapter05.pdf"], "similarity_score": 0.75, "selected_chunks": ["4.12-1", "4.94-1", "4.94-2", "4.96-1"], "reason_for_selection": "Accepted the relevant DGFT section(s) after intent detection, chapter/section filtering, and complete-section grounding.", "user_question": "i need section list", "detected_entities": ["section", "list"], "detected_hs_code": [], "metadata_results_count": 0, "bm25_results_count": 20, "vector_results_count": 20, "merged_results_count": 33, "top_ranked_chunks": [{"id": "4.94-condition-6", "title": "Filing of Annual RODTEP Return (ARR)", "sectionId": "4.94", "documentName": "HBP2023_Chapter04+as+on+20.04.2026.pdf", "score": 9.4954, "confidence": 0.75, "rankingReasons": ["keyword_match"]}, {"id": "4.12-condition-5", "title": "Entitlement", "sectionId": "4.12", "documentName": "HBP2023_Chapter04+as+on+20.04.2026.pdf", "score": 8.7364, "confidence": 0.75, "rankingReasons": ["keyword_match"]}, {"id": "4.12-condition-10", "title": "Entitlement", "sectionId": "4.12", "documentName": "HBP2023_Chapter04+as+on+20.04.2026.pdf", "score": 8.7364, "confidence": 0.75, "rankingReasons": ["keyword_match"]}, {"id": "4.96-condition-4", "title": "Conditions of Imports & Exports", "sectionId": "4.96", "documentName": "HBP2023_Chapter04+as+on+20.04.2026.pdf", "score": 8.4176, "confidence": 0.75, "rankingReasons": ["keyword_match"]}, {"id": "4.12-condition-3", "title": "Entitlement", "sectionId": "4.12", "documentName": "HBP2023_Chapter04+as+on+20.04.2026.pdf", "score": 8.3837, "confidence": 0.75, "rankingReasons": ["keyword_match"]}], "selected_chunk": ["4.12-1"], "final_prompt": "Question: i need section list\nDetected intent: General Question\nDetected entities: section, list\nSelected sections: 4.94 Filing of Annual RODTEP Return (ARR), 4.12 Entitlement, 4.96 Conditions of Imports & Exports\nSelected chunks: 4.12-1, 4.94-1, 4.94-2", "llm_response": "4.94 Filing of Annual RODTEP Return (ARR) 1. Filing of Annual RODTEP Return (ARR) governs how DGFT business controls should be applied, validated, and enforced."}
2026-07-30 11:17:04,892 | INFO | Chunker | Created 1 chunks for section 5.18
2026-07-30 11:17:04,985 | INFO | Chunker | Created 1 chunks for section 5.19
2026-07-30 11:17:05,095 | INFO | Chunker | Created 1 chunks for section 5.20
2026-07-30 11:17:05,202 | INFO | Chunker | Created 1 chunks for section 5.21
2026-07-30 11:17:05,294 | INFO | Chunker | Created 1 chunks for section 5.22
2026-07-30 11:17:05,391 | INFO | Chunker | Created 1 chunks for section 5.23
2026-07-30 11:17:05,479 | INFO | Chunker | Created 1 chunks for section 5.24
2026-07-30 11:17:05,618 | INFO | Chunker | Created 1 chunks for section 5.25
2026-07-30 11:17:05,706 | INFO | Chunker | Created 1 chunks for section 5.26
2026-07-30 11:17:05,780 | INFO | DGFTKnowledgePipeline | Processing HBP-Chapter-6.pdf
2026-07-30 11:17:05,781 | INFO | PDFLoader | Loading PDF C:\Users\mabis\OneDrive\Documents\New folder\dekai-dgft-parser\input\pdf\HBP-Chapter-6.pdf
2026-07-30 11:17:11,453 | INFO | PDFLoader | Loaded 24 pages from HBP-Chapter-6.pdf
2026-07-30 11:17:11,545 | INFO | TextCleaner | Cleaned 24 pages
2026-07-30 11:17:11,598 | INFO | RuleExtractor | Extracted 41 section drafts from HBP-Chapter-6.pdf
2026-07-30 11:17:12,489 | INFO | Chunker | Created 1 chunks for section 6.00
2026-07-30 11:17:12,628 | INFO | Chunker | Created 2 chunks for section 6.01
2026-07-30 11:17:12,749 | INFO | Chunker | Created 1 chunks for section 6.02
2026-07-30 11:17:12,856 | INFO | Chunker | Created 1 chunks for section 6.03
2026-07-30 11:17:12,924 | INFO | Chunker | Created 1 chunks for section 6.04
2026-07-30 11:17:12,981 | INFO | Chunker | Created 1 chunks for section 6.05
2026-07-30 11:17:13,111 | INFO | Chunker | Created 1 chunks for section 6.06
2026-07-30 11:17:13,205 | INFO | Chunker | Created 1 chunks for section 6.07
2026-07-30 11:17:13,281 | INFO | Chunker | Created 1 chunks for section 6.08
2026-07-30 11:17:13,335 | INFO | Chunker | Created 1 chunks for section 6.09
2026-07-30 11:17:13,479 | INFO | Chunker | Created 1 chunks for section 6.10
2026-07-30 11:17:13,588 | INFO | Chunker | Created 1 chunks for section 6.11
2026-07-30 11:17:13,639 | INFO | Chunker | Created 1 chunks for section 6.12
2026-07-30 11:17:13,725 | INFO | Chunker | Created 1 chunks for section 6.13
2026-07-30 11:17:13,817 | INFO | Chunker | Created 1 chunks for section 6.14
2026-07-30 11:17:13,928 | INFO | Chunker | Created 1 chunks for section 6.15
2026-07-30 11:17:14,007 | INFO | Chunker | Created 1 chunks for section 6.16
2026-07-30 11:17:14,076 | INFO | Chunker | Created 1 chunks for section 6.17
2026-07-30 11:17:14,146 | INFO | Chunker | Created 1 chunks for section 6.18
2026-07-30 11:17:14,234 | INFO | Chunker | Created 1 chunks for section 6.19
2026-07-30 11:17:14,370 | INFO | Chunker | Created 2 chunks for section 6.20
2026-07-30 11:17:14,476 | INFO | Chunker | Created 1 chunks for section 6.22
2026-07-30 11:17:14,582 | INFO | Chunker | Created 1 chunks for section 6.23
2026-07-30 11:17:14,663 | INFO | Chunker | Created 1 chunks for section 6.24
2026-07-30 11:17:14,724 | INFO | Chunker | Created 1 chunks for section 6.25
2026-07-30 11:17:14,784 | INFO | Chunker | Created 1 chunks for section 6.26
2026-07-30 11:17:14,869 | INFO | Chunker | Created 1 chunks for section 6.27
2026-07-30 11:17:14,936 | INFO | Chunker | Created 1 chunks for section 6.28
2026-07-30 11:17:15,015 | INFO | Chunker | Created 1 chunks for section 6.29
2026-07-30 11:17:15,093 | INFO | Chunker | Created 1 chunks for section 6.30
2026-07-30 11:17:15,155 | INFO | Chunker | Created 1 chunks for section 6.31
2026-07-30 11:17:15,235 | INFO | Chunker | Created 1 chunks for section 6.32
2026-07-30 11:17:15,353 | INFO | Chunker | Created 1 chunks for section 6.33
2026-07-30 11:17:15,499 | INFO | Chunker | Created 1 chunks for section 6.34
2026-07-30 11:17:15,569 | INFO | Chunker | Created 1 chunks for section 6.35
2026-07-30 11:17:15,673 | INFO | Chunker | Created 1 chunks for section 6.36
2026-07-30 11:17:15,742 | INFO | Chunker | Created 1 chunks for section 6.37
2026-07-30 11:17:15,813 | INFO | Chunker | Created 1 chunks for section 6.38
2026-07-30 11:17:15,905 | INFO | Chunker | Created 1 chunks for section 6.39
2026-07-30 11:17:16,008 | INFO | Chunker | Created 1 chunks for section 6.40
2026-07-30 11:17:16,066 | INFO | Chunker | Created 1 chunks for section 6.41
2026-07-30 11:17:16,181 | INFO | DGFTKnowledgePipeline | Processing Chapter-7-of-HBP-2023.pdf
2026-07-30 11:17:16,183 | INFO | PDFLoader | Loading PDF C:\Users\mabis\OneDrive\Documents\New folder\dekai-dgft-parser\input\pdf\Chapter-7-of-HBP-2023.pdf
2026-07-30 11:17:17,723 | INFO | PDFLoader | Loaded 6 pages from Chapter-7-of-HBP-2023.pdf
2026-07-30 11:17:17,742 | INFO | TextCleaner | Cleaned 6 pages
2026-07-30 11:17:17,754 | INFO | RuleExtractor | Extracted 12 section drafts from Chapter-7-of-HBP-2023.pdf
2026-07-30 11:17:17,989 | INFO | Chunker | Created 1 chunks for section 7.00
2026-07-30 11:17:18,076 | INFO | Chunker | Created 1 chunks for section 7.01
2026-07-30 11:17:18,188 | INFO | Chunker | Created 1 chunks for section 7.02
2026-07-30 11:17:18,315 | INFO | Chunker | Created 1 chunks for section 7.03
2026-07-30 11:17:18,406 | INFO | Chunker | Created 1 chunks for section 7.04
2026-07-30 11:17:18,535 | INFO | Chunker | Created 1 chunks for section 7.05
2026-07-30 11:17:18,641 | INFO | Chunker | Created 1 chunks for section 7.06
2026-07-30 11:17:18,704 | INFO | Chunker | Created 1 chunks for section 7.07
2026-07-30 11:17:18,777 | INFO | Chunker | Created 1 chunks for section 7.08
2026-07-30 11:17:18,857 | INFO | Chunker | Created 1 chunks for section 7.09
2026-07-30 11:17:18,964 | INFO | Chunker | Created 1 chunks for section 7.10
2026-07-30 11:17:19,024 | INFO | Chunker | Created 1 chunks for section 7.11
2026-07-30 11:17:20,025 | INFO | DGFTKnowledgePipeline | Processing HBP2023_Chapter08.pdf
2026-07-30 11:17:20,027 | INFO | PDFLoader | Loading PDF C:\Users\mabis\OneDrive\Documents\New folder\dekai-dgft-parser\input\pdf\HBP2023_Chapter08.pdf
2026-07-30 11:17:20,682 | INFO | PDFLoader | Loaded 4 pages from HBP2023_Chapter08.pdf
2026-07-30 11:17:20,694 | INFO | TextCleaner | Cleaned 4 pages
2026-07-30 11:17:20,703 | INFO | RuleExtractor | Extracted 5 section drafts from HBP2023_Chapter08.pdf
2026-07-30 11:17:20,852 | INFO | Chunker | Created 1 chunks for section 8.01
2026-07-30 11:17:20,912 | INFO | Chunker | Created 1 chunks for section 8.02
2026-07-30 11:17:20,982 | INFO | Chunker | Created 1 chunks for section 8.03
2026-07-30 11:17:21,054 | INFO | Chunker | Created 1 chunks for section 8.04
2026-07-30 11:17:21,125 | INFO | Chunker | Created 1 chunks for section 8.05
2026-07-30 11:17:21,590 | INFO | DGFTKnowledgePipeline | Processing HBP2023_Chapter09.pdf
2026-07-30 11:17:21,591 | INFO | PDFLoader | Loading PDF C:\Users\mabis\OneDrive\Documents\New folder\dekai-dgft-parser\input\pdf\HBP2023_Chapter09.pdf
2026-07-30 11:17:21,829 | INFO | PDFLoader | Loaded 2 pages from HBP2023_Chapter09.pdf
2026-07-30 11:17:21,833 | INFO | TextCleaner | Cleaned 2 pages
2026-07-30 11:17:21,836 | INFO | RuleExtractor | Extracted 3 section drafts from HBP2023_Chapter09.pdf
2026-07-30 11:17:21,943 | INFO | Chunker | Created 1 chunks for section 9.00
2026-07-30 11:17:22,020 | INFO | Chunker | Created 1 chunks for section 9.01
2026-07-30 11:17:22,086 | INFO | Chunker | Created 1 chunks for section 9.02
2026-07-30 11:17:22,428 | INFO | DGFTKnowledgePipeline | Processing Chapter+10+HBP+(19.05.2026).pdf
2026-07-30 11:17:22,431 | INFO | PDFLoader | Loading PDF C:\Users\mabis\OneDrive\Documents\New folder\dekai-dgft-parser\input\pdf\Chapter+10+HBP+(19.05.2026).pdf
2026-07-30 11:17:34,073 | INFO | PDFLoader | Loaded 48 pages from Chapter+10+HBP+(19.05.2026).pdf
2026-07-30 11:17:34,278 | INFO | TextCleaner | Cleaned 48 pages
2026-07-30 11:17:34,627 | INFO | RuleExtractor | Extracted 21 section drafts from Chapter+10+HBP+(19.05.2026).pdf
2026-07-30 11:17:36,047 | INFO | Chunker | Created 1 chunks for section 10.00
2026-07-30 11:17:36,099 | INFO | Chunker | Created 1 chunks for section 10.01
2026-07-30 11:17:36,183 | INFO | Chunker | Created 1 chunks for section 10.02
2026-07-30 11:17:36,254 | INFO | Chunker | Created 1 chunks for section 10.03
2026-07-30 11:17:36,406 | INFO | Chunker | Created 1 chunks for section 10.04
2026-07-30 11:17:36,558 | INFO | Chunker | Created 1 chunks for section 10.05
2026-07-30 11:17:36,789 | INFO | Chunker | Created 1 chunks for section 10.06
2026-07-30 11:17:36,864 | INFO | Chunker | Created 1 chunks for section 10.07
2026-07-30 11:17:36,965 | INFO | Chunker | Created 1 chunks for section 10.08
2026-07-30 11:17:37,214 | INFO | Chunker | Created 5 chunks for section 10.09
2026-07-30 11:17:37,279 | INFO | Chunker | Created 1 chunks for section 10.11
2026-07-30 11:17:37,652 | INFO | Chunker | Created 8 chunks for section 10.12
2026-07-30 11:17:37,888 | INFO | Chunker | Created 2 chunks for section 10.13
2026-07-30 11:17:38,096 | INFO | Chunker | Created 1 chunks for section 10.14
2026-07-30 11:17:38,187 | INFO | Chunker | Created 1 chunks for section 10.15
2026-07-30 11:17:38,481 | INFO | Chunker | Created 11 chunks for section 10.15
2026-07-30 11:17:38,834 | INFO | Chunker | Created 7 chunks for section 10.16
2026-07-30 11:17:39,012 | INFO | Chunker | Created 2 chunks for section 10.17
2026-07-30 11:17:39,098 | INFO | Chunker | Created 1 chunks for section 10.18
2026-07-30 11:17:39,294 | INFO | Chunker | Created 4 chunks for section 10.19
2026-07-30 11:17:39,378 | INFO | Chunker | Created 1 chunks for section 10.20
2026-07-30 11:18:10,703 | INFO | PDFLoader | Loading PDF C:\Users\mabis\OneDrive\Documents\New folder\dekai-dgft-parser\output\runtime\tmp3lv_tdip.pdf
2026-07-30 11:18:12,836 | INFO | PDFLoader | Loaded 3 pages from tmp3lv_tdip.pdf
2026-07-30 11:18:12,902 | INFO | TextCleaner | Cleaned 3 pages
2026-07-30 11:18:12,956 | INFO | RuleExtractor | Extracted 1 section drafts from dekai-2.pdf
2026-07-30 11:18:13,223 | INFO | PdfMarkdownService | Generated markdown dekai-2.md from dekai-2.pdf
2026-07-30 12:06:35,815 | INFO | DGFTKnowledgePipeline | Processing HBP2023_Chapter01.pdf
2026-07-30 12:06:35,819 | INFO | PDFLoader | Loading PDF C:\Users\mabis\OneDrive\Documents\New folder\dekai-dgft-parser\input\pdf\HBP2023_Chapter01.pdf
2026-07-30 12:06:36,626 | INFO | PDFLoader | Loaded 7 pages from HBP2023_Chapter01.pdf
2026-07-30 12:06:36,638 | INFO | TextCleaner | Cleaned 7 pages
2026-07-30 12:06:36,645 | INFO | RuleExtractor | Extracted 12 section drafts from HBP2023_Chapter01.pdf
2026-07-30 12:06:36,840 | INFO | Chunker | Created 1 chunks for section 1.01
2026-07-30 12:06:36,904 | INFO | Chunker | Created 1 chunks for section 1.02
2026-07-30 12:06:36,947 | INFO | Chunker | Created 1 chunks for section 1.03
2026-07-30 12:06:37,013 | INFO | Chunker | Created 2 chunks for section 1.04
2026-07-30 12:06:37,080 | INFO | Chunker | Created 1 chunks for section 1.05
2026-07-30 12:06:37,144 | INFO | Chunker | Created 1 chunks for section 1.06
2026-07-30 12:06:37,227 | INFO | Chunker | Created 1 chunks for section 1.07
2026-07-30 12:06:37,340 | INFO | Chunker | Created 1 chunks for section 1.08
2026-07-30 12:06:37,449 | INFO | Chunker | Created 1 chunks for section 1.09
2026-07-30 12:06:37,541 | INFO | Chunker | Created 1 chunks for section 1.10
2026-07-30 12:06:37,650 | INFO | Chunker | Created 1 chunks for section 1.11
2026-07-30 12:06:37,736 | INFO | Chunker | Created 1 chunks for section 1.12
2026-07-30 12:06:37,764 | INFO | DGFTKnowledgePipeline | Processing HBP Chapter 2.pdf
2026-07-30 12:06:37,765 | INFO | PDFLoader | Loading PDF C:\Users\mabis\OneDrive\Documents\New folder\dekai-dgft-parser\input\pdf\HBP Chapter 2.pdf
2026-07-30 12:06:47,226 | INFO | PDFLoader | Loaded 52 pages from HBP Chapter 2.pdf
2026-07-30 12:06:47,372 | INFO | TextCleaner | Cleaned 52 pages
2026-07-30 12:06:47,450 | INFO | RuleExtractor | Extracted 99 section drafts from HBP Chapter 2.pdf
2026-07-30 12:06:48,448 | INFO | Chunker | Created 1 chunks for section 2.00
2026-07-30 12:06:48,492 | INFO | Chunker | Created 1 chunks for section 2.01
2026-07-30 12:06:48,553 | INFO | Chunker | Created 1 chunks for section 2.02
2026-07-30 12:06:48,630 | INFO | Chunker | Created 1 chunks for section 2.03
2026-07-30 12:06:48,693 | INFO | Chunker | Created 1 chunks for section 2.04
2026-07-30 12:06:48,774 | INFO | Chunker | Created 1 chunks for section 2.05
2026-07-30 12:06:48,839 | INFO | Chunker | Created 1 chunks for section 2.06
2026-07-30 12:06:48,971 | INFO | Chunker | Created 1 chunks for section 2.07
2026-07-30 12:06:49,084 | INFO | Chunker | Created 1 chunks for section 2.08
2026-07-30 12:06:49,164 | INFO | Chunker | Created 1 chunks for section 2.09
2026-07-30 12:06:49,220 | INFO | Chunker | Created 1 chunks for section 2.10
2026-07-30 12:06:49,276 | INFO | Chunker | Created 1 chunks for section 2.11
2026-07-30 12:06:49,348 | INFO | Chunker | Created 1 chunks for section 2.12
2026-07-30 12:06:49,408 | INFO | Chunker | Created 1 chunks for section 2.13
2026-07-30 12:06:49,504 | INFO | Chunker | Created 1 chunks for section 2.14
2026-07-30 12:06:49,599 | INFO | Chunker | Created 1 chunks for section 2.15
2026-07-30 12:06:49,709 | INFO | Chunker | Created 1 chunks for section 2.16
2026-07-30 12:06:49,784 | INFO | Chunker | Created 1 chunks for section 2.17
2026-07-30 12:06:49,851 | INFO | Chunker | Created 1 chunks for section 2.18
2026-07-30 12:06:49,926 | INFO | Chunker | Created 1 chunks for section 2.19
2026-07-30 12:06:50,047 | INFO | Chunker | Created 1 chunks for section 2.20
2026-07-30 12:06:50,152 | INFO | Chunker | Created 1 chunks for section 2.21
2026-07-30 12:06:50,217 | INFO | Chunker | Created 1 chunks for section 2.22
2026-07-30 12:06:50,286 | INFO | Chunker | Created 1 chunks for section 2.23
2026-07-30 12:06:50,360 | INFO | Chunker | Created 1 chunks for section 2.24
2026-07-30 12:06:50,430 | INFO | Chunker | Created 1 chunks for section 2.25
2026-07-30 12:06:50,506 | INFO | Chunker | Created 1 chunks for section 2.26
2026-07-30 12:06:50,589 | INFO | Chunker | Created 1 chunks for section 2.27
2026-07-30 12:06:50,682 | INFO | Chunker | Created 1 chunks for section 2.28
2026-07-30 12:06:50,786 | INFO | Chunker | Created 1 chunks for section 2.29
2026-07-30 12:06:50,872 | INFO | Chunker | Created 1 chunks for section 2.29
2026-07-30 12:06:50,964 | INFO | Chunker | Created 1 chunks for section 2.30
2026-07-30 12:06:51,029 | INFO | Chunker | Created 1 chunks for section 2.31
2026-07-30 12:06:51,152 | INFO | Chunker | Created 1 chunks for section 2.32
2026-07-30 12:06:51,319 | INFO | Chunker | Created 1 chunks for section 2.33
2026-07-30 12:06:51,423 | INFO | Chunker | Created 1 chunks for section 2.34
2026-07-30 12:06:51,511 | INFO | Chunker | Created 1 chunks for section 2.35
2026-07-30 12:06:51,633 | INFO | Chunker | Created 1 chunks for section 2.36
2026-07-30 12:06:51,789 | INFO | Chunker | Created 1 chunks for section 2.37
2026-07-30 12:06:51,868 | INFO | Chunker | Created 1 chunks for section 2.38
2026-07-30 12:06:51,945 | INFO | Chunker | Created 1 chunks for section 2.39
2026-07-30 12:06:52,075 | INFO | Chunker | Created 1 chunks for section 2.40
2026-07-30 12:06:52,172 | INFO | Chunker | Created 1 chunks for section 2.41
2026-07-30 12:06:52,240 | INFO | Chunker | Created 1 chunks for section 2.42
2026-07-30 12:06:52,331 | INFO | Chunker | Created 1 chunks for section 2.43
2026-07-30 12:06:52,411 | INFO | Chunker | Created 1 chunks for section 2.44
2026-07-30 12:06:52,462 | INFO | Chunker | Created 1 chunks for section 2.45
2026-07-30 12:06:52,561 | INFO | Chunker | Created 1 chunks for section 2.46
2026-07-30 12:06:52,623 | INFO | Chunker | Created 1 chunks for section 2.47
2026-07-30 12:06:52,727 | INFO | Chunker | Created 1 chunks for section 2.48
2026-07-30 12:06:52,962 | INFO | Chunker | Created 1 chunks for section 2.49
2026-07-30 12:06:53,058 | INFO | Chunker | Created 1 chunks for section 2.50
2026-07-30 12:06:53,268 | INFO | Chunker | Created 18 chunks for section 2.51
2026-07-30 12:06:53,352 | INFO | Chunker | Created 1 chunks for section 2.52
2026-07-30 12:06:53,445 | INFO | Chunker | Created 1 chunks for section 2.53
2026-07-30 12:06:53,499 | INFO | Chunker | Created 1 chunks for section 2.54
2026-07-30 12:06:53,561 | INFO | Chunker | Created 1 chunks for section 2.55
2026-07-30 12:06:53,639 | INFO | Chunker | Created 1 chunks for section 2.56
2026-07-30 12:06:53,714 | INFO | Chunker | Created 1 chunks for section 2.57
2026-07-30 12:06:53,794 | INFO | Chunker | Created 1 chunks for section 2.58
2026-07-30 12:06:53,898 | INFO | Chunker | Created 1 chunks for section 2.59
2026-07-30 12:06:53,977 | INFO | Chunker | Created 1 chunks for section 2.60
2026-07-30 12:06:54,074 | INFO | Chunker | Created 1 chunks for section 2.61
2026-07-30 12:06:54,156 | INFO | Chunker | Created 1 chunks for section 2.62
2026-07-30 12:06:54,219 | INFO | Chunker | Created 1 chunks for section 2.63
2026-07-30 12:06:54,331 | INFO | Chunker | Created 1 chunks for section 2.64
2026-07-30 12:06:54,461 | INFO | Chunker | Created 1 chunks for section 2.65
2026-07-30 12:06:54,539 | INFO | Chunker | Created 1 chunks for section 2.66
2026-07-30 12:06:54,612 | INFO | Chunker | Created 1 chunks for section 2.67
2026-07-30 12:06:54,693 | INFO | Chunker | Created 1 chunks for section 2.68
2026-07-30 12:06:54,771 | INFO | Chunker | Created 1 chunks for section 2.69
2026-07-30 12:06:54,864 | INFO | Chunker | Created 1 chunks for section 2.70
2026-07-30 12:06:54,934 | INFO | Chunker | Created 1 chunks for section 2.71
2026-07-30 12:06:55,022 | INFO | Chunker | Created 1 chunks for section 2.72
2026-07-30 12:06:55,091 | INFO | Chunker | Created 1 chunks for section 2.73
2026-07-30 12:06:55,147 | INFO | Chunker | Created 1 chunks for section 2.74
2026-07-30 12:06:55,239 | INFO | Chunker | Created 1 chunks for section 2.75
2026-07-30 12:06:55,411 | INFO | Chunker | Created 2 chunks for section 2.76
2026-07-30 12:06:55,518 | INFO | Chunker | Created 1 chunks for section 2.77
2026-07-30 12:06:55,618 | INFO | Chunker | Created 1 chunks for section 2.78
2026-07-30 12:06:55,713 | INFO | Chunker | Created 1 chunks for section 2.79
2026-07-30 12:06:55,839 | INFO | Chunker | Created 1 chunks for section 2.80
2026-07-30 12:06:55,930 | INFO | Chunker | Created 1 chunks for section 2.81
2026-07-30 12:06:56,052 | INFO | Chunker | Created 1 chunks for section 2.82
2026-07-30 12:06:56,138 | INFO | Chunker | Created 1 chunks for section 2.83
2026-07-30 12:06:56,188 | INFO | Chunker | Created 1 chunks for section 2.84
2026-07-30 12:06:56,250 | INFO | Chunker | Created 1 chunks for section 2.85
2026-07-30 12:06:56,340 | INFO | Chunker | Created 1 chunks for section 2.86
2026-07-30 12:06:56,393 | INFO | Chunker | Created 1 chunks for section 2.87
2026-07-30 12:06:56,475 | INFO | Chunker | Created 1 chunks for section 2.88
2026-07-30 12:06:56,565 | INFO | Chunker | Created 1 chunks for section 2.89
2026-07-30 12:06:56,622 | INFO | Chunker | Created 1 chunks for section 2.90
2026-07-30 12:06:56,705 | INFO | Chunker | Created 1 chunks for section 2.91
2026-07-30 12:06:56,850 | INFO | Chunker | Created 32 chunks for section 2.92
2026-07-30 12:06:57,063 | INFO | Chunker | Created 2 chunks for section 2.93
2026-07-30 12:06:57,115 | INFO | Chunker | Created 1 chunks for section 2.94
2026-07-30 12:06:57,163 | INFO | Chunker | Created 1 chunks for section 2.95
2026-07-30 12:06:57,237 | INFO | Chunker | Created 1 chunks for section 2.96
2026-07-30 12:06:57,283 | INFO | Chunker | Created 1 chunks for section 2.97
2026-07-30 12:06:57,334 | INFO | DGFTKnowledgePipeline | Processing HBP2023_Chapter03.pdf
2026-07-30 12:06:57,336 | INFO | PDFLoader | Loading PDF C:\Users\mabis\OneDrive\Documents\New folder\dekai-dgft-parser\input\pdf\HBP2023_Chapter03.pdf
2026-07-30 12:06:58,393 | INFO | PDFLoader | Loaded 6 pages from HBP2023_Chapter03.pdf
2026-07-30 12:06:58,410 | INFO | TextCleaner | Cleaned 6 pages
2026-07-30 12:06:58,418 | INFO | RuleExtractor | Extracted 8 section drafts from HBP2023_Chapter03.pdf
2026-07-30 12:06:58,573 | INFO | Chunker | Created 1 chunks for section 3.01
2026-07-30 12:06:58,623 | INFO | Chunker | Created 1 chunks for section 3.02
2026-07-30 12:06:58,695 | INFO | Chunker | Created 2 chunks for section 3.03
2026-07-30 12:06:58,747 | INFO | Chunker | Created 1 chunks for section 3.05
2026-07-30 12:06:58,820 | INFO | Chunker | Created 1 chunks for section 3.06
2026-07-30 12:06:58,875 | INFO | Chunker | Created 1 chunks for section 3.07
2026-07-30 12:06:58,925 | INFO | Chunker | Created 1 chunks for section 3.08
2026-07-30 12:06:58,982 | INFO | Chunker | Created 1 chunks for section 3.09
2026-07-30 12:06:59,023 | INFO | DGFTKnowledgePipeline | Processing HBP2023_Chapter04+as+on+20.04.2026.pdf
2026-07-30 12:06:59,024 | INFO | PDFLoader | Loading PDF C:\Users\mabis\OneDrive\Documents\New folder\dekai-dgft-parser\input\pdf\HBP2023_Chapter04+as+on+20.04.2026.pdf
2026-07-30 12:07:11,270 | INFO | PDFLoader | Loaded 58 pages from HBP2023_Chapter04+as+on+20.04.2026.pdf
2026-07-30 12:07:11,348 | INFO | TextCleaner | Cleaned 58 pages
2026-07-30 12:07:11,388 | INFO | RuleExtractor | Extracted 99 section drafts from HBP2023_Chapter04+as+on+20.04.2026.pdf
2026-07-30 12:07:12,086 | INFO | Chunker | Created 1 chunks for section 4.01
2026-07-30 12:07:12,112 | INFO | Chunker | Created 1 chunks for section 4.02
2026-07-30 12:07:12,129 | INFO | Chunker | Created 1 chunks for section 4.03
2026-07-30 12:07:12,149 | INFO | Chunker | Created 1 chunks for section 4.04
2026-07-30 12:07:12,181 | INFO | Chunker | Created 1 chunks for section 4.05
2026-07-30 12:07:12,223 | INFO | Chunker | Created 2 chunks for section 4.06
2026-07-30 12:07:12,271 | INFO | Chunker | Created 1 chunks for section 4.07
2026-07-30 12:07:12,317 | INFO | Chunker | Created 1 chunks for section 4.08
2026-07-30 12:07:12,345 | INFO | Chunker | Created 1 chunks for section 4.09
2026-07-30 12:07:12,382 | INFO | Chunker | Created 1 chunks for section 4.10
2026-07-30 12:07:12,403 | INFO | Chunker | Created 1 chunks for section 4.11
2026-07-30 12:07:12,446 | INFO | Chunker | Created 1 chunks for section 4.12
2026-07-30 12:07:12,467 | INFO | Chunker | Created 1 chunks for section 4.13
2026-07-30 12:07:12,494 | INFO | Chunker | Created 1 chunks for section 4.14
2026-07-30 12:07:12,523 | INFO | Chunker | Created 1 chunks for section 4.15
2026-07-30 12:07:12,553 | INFO | Chunker | Created 1 chunks for section 4.16
2026-07-30 12:07:12,581 | INFO | Chunker | Created 1 chunks for section 4.17
2026-07-30 12:07:12,601 | INFO | Chunker | Created 1 chunks for section 4.18
2026-07-30 12:07:12,638 | INFO | Chunker | Created 1 chunks for section 4.19
2026-07-30 12:07:12,669 | INFO | Chunker | Created 1 chunks for section 4.20
2026-07-30 12:07:12,696 | INFO | Chunker | Created 1 chunks for section 4.21
2026-07-30 12:07:12,730 | INFO | Chunker | Created 1 chunks for section 4.22
2026-07-30 12:07:12,748 | INFO | Chunker | Created 1 chunks for section 4.23
2026-07-30 12:07:12,770 | INFO | Chunker | Created 1 chunks for section 4.24
2026-07-30 12:07:12,788 | INFO | Chunker | Created 1 chunks for section 4.25
2026-07-30 12:07:12,811 | INFO | Chunker | Created 1 chunks for section 4.26
2026-07-30 12:07:12,837 | INFO | Chunker | Created 1 chunks for section 4.27
2026-07-30 12:07:12,854 | INFO | Chunker | Created 1 chunks for section 4.28
2026-07-30 12:07:12,875 | INFO | Chunker | Created 1 chunks for section 4.29
2026-07-30 12:07:12,909 | INFO | Chunker | Created 1 chunks for section 4.30
2026-07-30 12:07:12,932 | INFO | Chunker | Created 1 chunks for section 4.31
2026-07-30 12:07:12,966 | INFO | Chunker | Created 1 chunks for section 4.32
2026-07-30 12:07:13,011 | INFO | Chunker | Created 1 chunks for section 4.33
2026-07-30 12:07:13,039 | INFO | Chunker | Created 1 chunks for section 4.34
2026-07-30 12:07:13,078 | INFO | Chunker | Created 2 chunks for section 4.35
2026-07-30 12:07:13,146 | INFO | Chunker | Created 2 chunks for section 4.36
2026-07-30 12:07:13,192 | INFO | Chunker | Created 2 chunks for section 4.37
2026-07-30 12:07:13,244 | INFO | Chunker | Created 1 chunks for section 4.38
2026-07-30 12:07:13,354 | INFO | Chunker | Created 1 chunks for section 4.39
2026-07-30 12:07:13,590 | INFO | Chunker | Created 2 chunks for section 4.40
2026-07-30 12:07:13,653 | INFO | Chunker | Created 1 chunks for section 4.41
2026-07-30 12:07:13,719 | INFO | Chunker | Created 1 chunks for section 4.42
2026-07-30 12:07:13,831 | INFO | Chunker | Created 1 chunks for section 4.43
2026-07-30 12:07:13,941 | INFO | Chunker | Created 1 chunks for section 4.44
2026-07-30 12:07:14,043 | INFO | Chunker | Created 1 chunks for section 4.45
2026-07-30 12:07:14,134 | INFO | Chunker | Created 1 chunks for section 4.46
2026-07-30 12:07:14,236 | INFO | Chunker | Created 1 chunks for section 4.47
2026-07-30 12:07:14,339 | INFO | Chunker | Created 1 chunks for section 4.48
2026-07-30 12:07:14,509 | INFO | Chunker | Created 2 chunks for section 4.49
2026-07-30 12:07:14,702 | INFO | Chunker | Created 1 chunks for section 4.50
2026-07-30 12:07:14,797 | INFO | Chunker | Created 1 chunks for section 4.51
2026-07-30 12:07:14,858 | INFO | Chunker | Created 1 chunks for section 4.52
2026-07-30 12:07:14,930 | INFO | Chunker | Created 1 chunks for section 4.53
2026-07-30 12:07:14,993 | INFO | Chunker | Created 1 chunks for section 4.54
2026-07-30 12:07:15,065 | INFO | Chunker | Created 1 chunks for section 4.55
2026-07-30 12:07:15,164 | INFO | Chunker | Created 1 chunks for section 4.56
2026-07-30 12:07:15,220 | INFO | Chunker | Created 1 chunks for section 4.57
2026-07-30 12:07:15,297 | INFO | Chunker | Created 1 chunks for section 4.58
2026-07-30 12:07:15,372 | INFO | Chunker | Created 1 chunks for section 4.59
2026-07-30 12:07:15,466 | INFO | Chunker | Created 1 chunks for section 4.60
2026-07-30 12:07:15,537 | INFO | Chunker | Created 1 chunks for section 4.61
2026-07-30 12:07:15,610 | INFO | Chunker | Created 1 chunks for section 4.62
2026-07-30 12:07:15,729 | INFO | Chunker | Created 1 chunks for section 4.63
2026-07-30 12:07:15,818 | INFO | Chunker | Created 1 chunks for section 4.64
2026-07-30 12:07:15,958 | INFO | Chunker | Created 1 chunks for section 4.65
2026-07-30 12:07:16,080 | INFO | Chunker | Created 1 chunks for section 4.66
2026-07-30 12:07:16,300 | INFO | Chunker | Created 1 chunks for section 4.67
2026-07-30 12:07:16,362 | INFO | Chunker | Created 1 chunks for section 4.68
2026-07-30 12:07:16,416 | INFO | Chunker | Created 1 chunks for section 4.69
2026-07-30 12:07:16,475 | INFO | Chunker | Created 1 chunks for section 4.70
2026-07-30 12:07:16,524 | INFO | Chunker | Created 1 chunks for section 4.71
2026-07-30 12:07:16,602 | INFO | Chunker | Created 1 chunks for section 4.72
2026-07-30 12:07:16,679 | INFO | Chunker | Created 1 chunks for section 4.73
2026-07-30 12:07:16,760 | INFO | Chunker | Created 1 chunks for section 4.74
2026-07-30 12:07:16,833 | INFO | Chunker | Created 1 chunks for section 4.75
2026-07-30 12:07:16,916 | INFO | Chunker | Created 1 chunks for section 4.76
2026-07-30 12:07:17,002 | INFO | Chunker | Created 1 chunks for section 4.77
2026-07-30 12:07:17,063 | INFO | Chunker | Created 1 chunks for section 4.78
2026-07-30 12:07:17,191 | INFO | Chunker | Created 2 chunks for section 4.79
2026-07-30 12:07:17,260 | INFO | Chunker | Created 1 chunks for section 4.80
2026-07-30 12:07:17,452 | INFO | Chunker | Created 1 chunks for section 4.81
2026-07-30 12:07:17,519 | INFO | Chunker | Created 1 chunks for section 4.82
2026-07-30 12:07:17,608 | INFO | Chunker | Created 1 chunks for section 4.83
2026-07-30 12:07:17,685 | INFO | Chunker | Created 1 chunks for section 4.84
2026-07-30 12:07:17,744 | INFO | Chunker | Created 1 chunks for section 4.85
2026-07-30 12:07:17,803 | INFO | Chunker | Created 1 chunks for section 4.86
2026-07-30 12:07:17,858 | INFO | Chunker | Created 1 chunks for section 4.87
2026-07-30 12:07:17,917 | INFO | Chunker | Created 1 chunks for section 4.88
2026-07-30 12:07:17,980 | INFO | Chunker | Created 1 chunks for section 4.89
2026-07-30 12:07:18,074 | INFO | Chunker | Created 1 chunks for section 4.90
2026-07-30 12:07:18,146 | INFO | Chunker | Created 1 chunks for section 4.91
2026-07-30 12:07:18,194 | INFO | Chunker | Created 1 chunks for section 4.92
2026-07-30 12:07:18,289 | INFO | Chunker | Created 1 chunks for section 4.93
2026-07-30 12:07:18,388 | INFO | Chunker | Created 2 chunks for section 4.94
2026-07-30 12:07:18,437 | INFO | Chunker | Created 1 chunks for section 4.95
2026-07-30 12:07:18,498 | INFO | Chunker | Created 1 chunks for section 4.96
2026-07-30 12:07:18,559 | INFO | Chunker | Created 1 chunks for section 4.97
2026-07-30 12:07:18,620 | INFO | Chunker | Created 1 chunks for section 4.98
2026-07-30 12:07:18,707 | INFO | Chunker | Created 1 chunks for section 4.99
2026-07-30 12:07:18,747 | INFO | DGFTKnowledgePipeline | Processing HBP2023_Chapter05.pdf
2026-07-30 12:07:18,748 | INFO | PDFLoader | Loading PDF C:\Users\mabis\OneDrive\Documents\New folder\dekai-dgft-parser\input\pdf\HBP2023_Chapter05.pdf
2026-07-30 12:07:21,795 | INFO | PDFLoader | Loaded 15 pages from HBP2023_Chapter05.pdf
2026-07-30 12:07:21,831 | INFO | TextCleaner | Cleaned 15 pages
2026-07-30 12:07:21,850 | INFO | RuleExtractor | Extracted 25 section drafts from HBP2023_Chapter05.pdf
2026-07-30 12:07:22,230 | INFO | Chunker | Created 1 chunks for section 5.01
2026-07-30 12:07:22,279 | INFO | Chunker | Created 1 chunks for section 5.02
2026-07-30 12:07:22,343 | INFO | Chunker | Created 1 chunks for section 5.03
2026-07-30 12:07:22,421 | INFO | Chunker | Created 1 chunks for section 5.04
2026-07-30 12:07:22,463 | INFO | Chunker | Created 1 chunks for section 5.05
2026-07-30 12:07:22,551 | INFO | Chunker | Created 1 chunks for section 5.06
2026-07-30 12:07:22,632 | INFO | Chunker | Created 1 chunks for section 5.07
2026-07-30 12:07:22,730 | INFO | Chunker | Created 1 chunks for section 5.08
2026-07-30 12:07:22,802 | INFO | Chunker | Created 1 chunks for section 5.09
2026-07-30 12:07:22,890 | INFO | Chunker | Created 1 chunks for section 5.10
2026-07-30 12:07:22,938 | INFO | Chunker | Created 1 chunks for section 5.11
2026-07-30 12:07:22,984 | INFO | Chunker | Created 1 chunks for section 5.12
2026-07-30 12:07:23,135 | INFO | Chunker | Created 2 chunks for section 5.13
2026-07-30 12:07:23,242 | INFO | Chunker | Created 1 chunks for section 5.14
2026-07-30 12:07:23,358 | INFO | Chunker | Created 1 chunks for section 5.16
2026-07-30 12:07:23,408 | INFO | Chunker | Created 1 chunks for section 5.17
2026-07-30 12:07:23,465 | INFO | Chunker | Created 1 chunks for section 5.18
2026-07-30 12:07:23,518 | INFO | Chunker | Created 1 chunks for section 5.19
2026-07-30 12:07:23,588 | INFO | Chunker | Created 1 chunks for section 5.20
2026-07-30 12:07:23,644 | INFO | Chunker | Created 1 chunks for section 5.21
2026-07-30 12:07:23,704 | INFO | Chunker | Created 1 chunks for section 5.22
2026-07-30 12:07:23,781 | INFO | Chunker | Created 1 chunks for section 5.23
2026-07-30 12:07:23,839 | INFO | Chunker | Created 1 chunks for section 5.24
2026-07-30 12:07:23,906 | INFO | Chunker | Created 1 chunks for section 5.25
2026-07-30 12:07:23,967 | INFO | Chunker | Created 1 chunks for section 5.26
2026-07-30 12:07:24,000 | INFO | DGFTKnowledgePipeline | Processing HBP-Chapter-6.pdf
2026-07-30 12:07:24,002 | INFO | PDFLoader | Loading PDF C:\Users\mabis\OneDrive\Documents\New folder\dekai-dgft-parser\input\pdf\HBP-Chapter-6.pdf
2026-07-30 12:07:28,113 | INFO | PDFLoader | Loaded 24 pages from HBP-Chapter-6.pdf
2026-07-30 12:07:28,171 | INFO | TextCleaner | Cleaned 24 pages
2026-07-30 12:07:28,201 | INFO | RuleExtractor | Extracted 41 section drafts from HBP-Chapter-6.pdf
2026-07-30 12:07:28,742 | INFO | Chunker | Created 1 chunks for section 6.00
2026-07-30 12:07:28,839 | INFO | Chunker | Created 2 chunks for section 6.01
2026-07-30 12:07:28,904 | INFO | Chunker | Created 1 chunks for section 6.02
2026-07-30 12:07:28,981 | INFO | Chunker | Created 1 chunks for section 6.03
2026-07-30 12:07:29,038 | INFO | Chunker | Created 1 chunks for section 6.04
2026-07-30 12:07:29,087 | INFO | Chunker | Created 1 chunks for section 6.05
2026-07-30 12:07:29,168 | INFO | Chunker | Created 1 chunks for section 6.06
2026-07-30 12:07:29,257 | INFO | Chunker | Created 1 chunks for section 6.07
2026-07-30 12:07:29,333 | INFO | Chunker | Created 1 chunks for section 6.08
2026-07-30 12:07:29,382 | INFO | Chunker | Created 1 chunks for section 6.09
2026-07-30 12:07:29,452 | INFO | Chunker | Created 1 chunks for section 6.10
2026-07-30 12:07:29,560 | INFO | Chunker | Created 1 chunks for section 6.11
2026-07-30 12:07:29,621 | INFO | Chunker | Created 1 chunks for section 6.12
2026-07-30 12:07:29,708 | INFO | Chunker | Created 1 chunks for section 6.13
2026-07-30 12:07:29,793 | INFO | Chunker | Created 1 chunks for section 6.14
2026-07-30 12:07:29,933 | INFO | Chunker | Created 1 chunks for section 6.15
2026-07-30 12:07:29,993 | INFO | Chunker | Created 1 chunks for section 6.16
2026-07-30 12:07:30,063 | INFO | Chunker | Created 1 chunks for section 6.17
2026-07-30 12:07:30,110 | INFO | Chunker | Created 1 chunks for section 6.18
2026-07-30 12:07:30,178 | INFO | Chunker | Created 1 chunks for section 6.19
2026-07-30 12:07:30,279 | INFO | Chunker | Created 2 chunks for section 6.20
2026-07-30 12:07:30,392 | INFO | Chunker | Created 1 chunks for section 6.22
2026-07-30 12:07:30,487 | INFO | Chunker | Created 1 chunks for section 6.23
2026-07-30 12:07:30,566 | INFO | Chunker | Created 1 chunks for section 6.24
2026-07-30 12:07:30,624 | INFO | Chunker | Created 1 chunks for section 6.25
2026-07-30 12:07:30,673 | INFO | Chunker | Created 1 chunks for section 6.26
2026-07-30 12:07:30,747 | INFO | Chunker | Created 1 chunks for section 6.27
2026-07-30 12:07:30,830 | INFO | Chunker | Created 1 chunks for section 6.28
2026-07-30 12:07:30,891 | INFO | Chunker | Created 1 chunks for section 6.29
2026-07-30 12:07:30,950 | INFO | Chunker | Created 1 chunks for section 6.30
2026-07-30 12:07:30,997 | INFO | Chunker | Created 1 chunks for section 6.31
2026-07-30 12:07:31,064 | INFO | Chunker | Created 1 chunks for section 6.32
2026-07-30 12:07:31,149 | INFO | Chunker | Created 1 chunks for section 6.33
2026-07-30 12:07:31,246 | INFO | Chunker | Created 1 chunks for section 6.34
2026-07-30 12:07:31,321 | INFO | Chunker | Created 1 chunks for section 6.35
2026-07-30 12:07:31,404 | INFO | Chunker | Created 1 chunks for section 6.36
2026-07-30 12:07:31,461 | INFO | Chunker | Created 1 chunks for section 6.37
2026-07-30 12:07:31,519 | INFO | Chunker | Created 1 chunks for section 6.38
2026-07-30 12:07:31,604 | INFO | Chunker | Created 1 chunks for section 6.39
2026-07-30 12:07:31,691 | INFO | Chunker | Created 1 chunks for section 6.40
2026-07-30 12:07:31,746 | INFO | Chunker | Created 1 chunks for section 6.41
2026-07-30 12:07:31,784 | INFO | DGFTKnowledgePipeline | Processing Chapter-7-of-HBP-2023.pdf
2026-07-30 12:07:31,785 | INFO | PDFLoader | Loading PDF C:\Users\mabis\OneDrive\Documents\New folder\dekai-dgft-parser\input\pdf\Chapter-7-of-HBP-2023.pdf
2026-07-30 12:07:32,644 | INFO | PDFLoader | Loaded 6 pages from Chapter-7-of-HBP-2023.pdf
2026-07-30 12:07:32,656 | INFO | TextCleaner | Cleaned 6 pages
2026-07-30 12:07:32,663 | INFO | RuleExtractor | Extracted 12 section drafts from Chapter-7-of-HBP-2023.pdf
2026-07-30 12:07:32,824 | INFO | Chunker | Created 1 chunks for section 7.00
2026-07-30 12:07:32,881 | INFO | Chunker | Created 1 chunks for section 7.01
2026-07-30 12:07:32,966 | INFO | Chunker | Created 1 chunks for section 7.02
2026-07-30 12:07:33,053 | INFO | Chunker | Created 1 chunks for section 7.03
2026-07-30 12:07:33,108 | INFO | Chunker | Created 1 chunks for section 7.04
2026-07-30 12:07:33,180 | INFO | Chunker | Created 1 chunks for section 7.05
2026-07-30 12:07:33,233 | INFO | Chunker | Created 1 chunks for section 7.06
2026-07-30 12:07:33,281 | INFO | Chunker | Created 1 chunks for section 7.07
2026-07-30 12:07:33,330 | INFO | Chunker | Created 1 chunks for section 7.08
2026-07-30 12:07:33,406 | INFO | Chunker | Created 1 chunks for section 7.09
2026-07-30 12:07:33,481 | INFO | Chunker | Created 1 chunks for section 7.10
2026-07-30 12:07:33,534 | INFO | Chunker | Created 1 chunks for section 7.11
2026-07-30 12:07:33,961 | INFO | DGFTKnowledgePipeline | Processing HBP2023_Chapter08.pdf
2026-07-30 12:07:33,962 | INFO | PDFLoader | Loading PDF C:\Users\mabis\OneDrive\Documents\New folder\dekai-dgft-parser\input\pdf\HBP2023_Chapter08.pdf
2026-07-30 12:07:34,414 | INFO | PDFLoader | Loaded 4 pages from HBP2023_Chapter08.pdf
2026-07-30 12:07:34,422 | INFO | TextCleaner | Cleaned 4 pages
2026-07-30 12:07:34,428 | INFO | RuleExtractor | Extracted 5 section drafts from HBP2023_Chapter08.pdf
2026-07-30 12:07:34,534 | INFO | Chunker | Created 1 chunks for section 8.01
2026-07-30 12:07:34,586 | INFO | Chunker | Created 1 chunks for section 8.02
2026-07-30 12:07:34,645 | INFO | Chunker | Created 1 chunks for section 8.03
2026-07-30 12:07:34,756 | INFO | Chunker | Created 1 chunks for section 8.04
2026-07-30 12:07:34,822 | INFO | Chunker | Created 1 chunks for section 8.05
2026-07-30 12:07:34,882 | INFO | DGFTKnowledgePipeline | Processing HBP2023_Chapter09.pdf
2026-07-30 12:07:34,885 | INFO | PDFLoader | Loading PDF C:\Users\mabis\OneDrive\Documents\New folder\dekai-dgft-parser\input\pdf\HBP2023_Chapter09.pdf
2026-07-30 12:07:35,081 | INFO | PDFLoader | Loaded 2 pages from HBP2023_Chapter09.pdf
2026-07-30 12:07:35,086 | INFO | TextCleaner | Cleaned 2 pages
2026-07-30 12:07:35,089 | INFO | RuleExtractor | Extracted 3 section drafts from HBP2023_Chapter09.pdf
2026-07-30 12:07:35,193 | INFO | Chunker | Created 1 chunks for section 9.00
2026-07-30 12:07:35,261 | INFO | Chunker | Created 1 chunks for section 9.01
2026-07-30 12:07:35,317 | INFO | Chunker | Created 1 chunks for section 9.02
2026-07-30 12:07:35,356 | INFO | DGFTKnowledgePipeline | Processing Chapter+10+HBP+(19.05.2026).pdf
2026-07-30 12:07:35,358 | INFO | PDFLoader | Loading PDF C:\Users\mabis\OneDrive\Documents\New folder\dekai-dgft-parser\input\pdf\Chapter+10+HBP+(19.05.2026).pdf
2026-07-30 12:07:45,412 | INFO | PDFLoader | Loaded 48 pages from Chapter+10+HBP+(19.05.2026).pdf
2026-07-30 12:07:45,688 | INFO | TextCleaner | Cleaned 48 pages
2026-07-30 12:07:45,996 | INFO | RuleExtractor | Extracted 21 section drafts from Chapter+10+HBP+(19.05.2026).pdf
2026-07-30 12:07:47,741 | INFO | Chunker | Created 1 chunks for section 10.00
2026-07-30 12:07:47,788 | INFO | Chunker | Created 1 chunks for section 10.01
2026-07-30 12:07:47,855 | INFO | Chunker | Created 1 chunks for section 10.02
2026-07-30 12:07:47,941 | INFO | Chunker | Created 1 chunks for section 10.03
2026-07-30 12:07:48,088 | INFO | Chunker | Created 1 chunks for section 10.04
2026-07-30 12:07:48,260 | INFO | Chunker | Created 1 chunks for section 10.05
2026-07-30 12:07:48,442 | INFO | Chunker | Created 1 chunks for section 10.06
2026-07-30 12:07:48,514 | INFO | Chunker | Created 1 chunks for section 10.07
2026-07-30 12:07:48,612 | INFO | Chunker | Created 1 chunks for section 10.08
2026-07-30 12:07:49,085 | INFO | Chunker | Created 5 chunks for section 10.09
2026-07-30 12:07:49,199 | INFO | Chunker | Created 1 chunks for section 10.11
2026-07-30 12:07:49,504 | INFO | Chunker | Created 8 chunks for section 10.12
2026-07-30 12:07:49,668 | INFO | Chunker | Created 2 chunks for section 10.13
2026-07-30 12:07:49,763 | INFO | Chunker | Created 1 chunks for section 10.14
2026-07-30 12:07:49,840 | INFO | Chunker | Created 1 chunks for section 10.15
2026-07-30 12:07:50,198 | INFO | Chunker | Created 11 chunks for section 10.15
2026-07-30 12:07:50,446 | INFO | Chunker | Created 7 chunks for section 10.16
2026-07-30 12:07:50,576 | INFO | Chunker | Created 2 chunks for section 10.17
2026-07-30 12:07:50,630 | INFO | Chunker | Created 1 chunks for section 10.18
2026-07-30 12:07:50,766 | INFO | Chunker | Created 4 chunks for section 10.19
2026-07-30 12:07:50,850 | INFO | Chunker | Created 1 chunks for section 10.20
2026-07-30 12:38:40,816 | INFO | PDFLoader | Loading PDF C:\Users\mabis\OneDrive\Documents\New folder\dekai-dgft-parser\output\runtime\tmpd89ctap6.pdf
2026-07-30 12:38:41,214 | INFO | PDFLoader | Loaded 3 pages from tmpd89ctap6.pdf
2026-07-30 12:38:41,225 | INFO | TextCleaner | Cleaned 3 pages
2026-07-30 12:38:41,236 | INFO | RuleExtractor | Extracted 1 section drafts from dekai-2.pdf
2026-07-30 12:38:41,281 | INFO | PdfMarkdownService | Generated markdown dekai-2.md from dekai-2.pdf
2026-07-30 12:54:39,485 | INFO | services.chat_service | dekai_retrieval {"question": "What is IEC?", "detected_intent": "Question Answering", "detected_topic": "IEC Full Form", "knowledge_source": ["FTP", "HBP Chapter 2", "IEC Rules"], "retrieved_documents": ["HBP Chapter 2.pdf"], "similarity_score": 0.75, "selected_chunks": ["2.08-1", "2.07-1", "2.09-1"], "reason_for_selection": "Accepted the relevant DGFT section(s) after intent detection, chapter/section filtering, and complete-section grounding.", "user_question": "What is IEC?", "detected_entities": ["what", "is", "iec"], "detected_hs_code": [], "metadata_results_count": 0, "bm25_results_count": 20, "vector_results_count": 20, "merged_results_count": 33, "top_ranked_chunks": [{"id": "2.07", "title": "2.07 IEC Number Exempted Categories", "sectionId": "2.07", "documentName": "HBP Chapter 2.pdf", "score": 13.0607, "confidence": 0.75, "rankingReasons": ["keyword_match"]}, {"id": "CH2-SEC2_08-R003", "title": "Application for IEC", "sectionId": "2.08", "documentName": "HBP Chapter 2.pdf", "score": 10.1156, "confidence": 0.75, "rankingReasons": ["keyword_match"]}, {"id": "CH2-SEC2_08-R005", "title": "Application for IEC", "sectionId": "2.08", "documentName": "HBP Chapter 2.pdf", "score": 10.1156, "confidence": 0.75, "rankingReasons": ["keyword_match"]}, {"id": "2.08-workflow", "title": "Application for IEC", "sectionId": "2.08", "documentName": "HBP Chapter 2.pdf", "score": 7.1149, "confidence": 0.75, "rankingReasons": ["keyword_match"]}, {"id": "2.08-1", "title": "2.08 Application for IEC", "sectionId": "2.08", "documentName": "HBP Chapter 2.pdf", "score": 8.2537, "confidence": 0.75, "rankingReasons": ["keyword_match"]}], "selected_chunk": ["2.08-1"], "final_prompt": "Question: What is IEC?\nDetected intent: General Question\nDetected entities: what, is, iec\nSelected sections: 2.07 IEC Number Exempted Categories, 2.08 Application for IEC, 2.09 IEC Format\nSelected chunks: 2.08-1, 2.07-1, 2.09-1", "llm_response": "IEC stands for Importer Exporter Code. According to the uploaded document, 2.12 One PAN-One IEC Only one IEC shall be issued against a single PAN."}
2026-07-30 12:54:49,201 | INFO | services.chat_service | dekai_retrieval {"question": "What is EPCG?", "detected_intent": "Question Answering", "detected_topic": "EPCG", "knowledge_source": ["FTP Chapter 5", "HBP EPCG Sections"], "retrieved_documents": ["HBP Chapter 2.pdf", "HBP2023_Chapter05.pdf"], "similarity_score": 0.75, "selected_chunks": ["2.97-1", "5.01-1", "5.25-1"], "reason_for_selection": "Accepted the relevant DGFT section(s) after intent detection, chapter/section filtering, and complete-section grounding.", "user_question": "What is EPCG?", "detected_entities": ["what", "is", "epcg"], "detected_hs_code": [], "metadata_results_count": 0, "bm25_results_count": 20, "vector_results_count": 20, "merged_results_count": 36, "top_ranked_chunks": [{"id": "2.97", "title": "2.97 Application to EPCG Committee", "sectionId": "2.97", "documentName": "HBP Chapter 2.pdf", "score": 14.5616, "confidence": 0.75, "rankingReasons": ["keyword_match"]}, {"id": "2.97-1", "title": "2.97 Application to EPCG Committee", "sectionId": "2.97", "documentName": "HBP Chapter 2.pdf", "score": 12.8549, "confidence": 0.75, "rankingReasons": ["keyword_match"]}, {"id": "5.25-condition-3", "title": "Clubbing of EPCG authorisations", "sectionId": "5.25", "documentName": "HBP2023_Chapter05.pdf", "score": 9.8666, "confidence": 0.75, "rankingReasons": ["keyword_match"]}, {"id": "5.01", "title": "5.01 Policy", "sectionId": "5.01", "documentName": "HBP2023_Chapter05.pdf", "score": 12.9054, "confidence": 0.75, "rankingReasons": ["keyword_match"]}, {"id": "2.97-workflow", "title": "Application to EPCG Committee", "sectionId": "2.97", "documentName": "HBP Chapter 2.pdf", "score": 9.5697, "confidence": 0.75, "rankingReasons": ["keyword_match"]}], "selected_chunk": ["2.97-1"], "final_prompt": "Question: What is EPCG?\nDetected intent: General Question\nDetected entities: what, is, epcg\nSelected sections: 2.97 Application to EPCG Committee, 5.25 Clubbing of EPCG authorisations, 5.01 Policy\nSelected chunks: 2.97-1, 5.01-1, 5.25-1", "llm_response": "2.97 Application to EPCG Committee (a) Application to the Export Promotion Capital Goods (EPCG) Committee under Para 2.59 of FTP is to be made online in ANF-2D with the prescribed fee in terms of Appendix-2K with required documents. Application to EPCG Committee governs how DGFT business controls should be applied, validated, and enforced."}
2026-07-30 12:54:56,252 | INFO | services.chat_service | dekai_retrieval {"question": "\"I need all the information under the heading 'Import of Metallic Waste and Scrap'.\"", "detected_intent": "Information Retrieval", "detected_topic": "General Question", "knowledge_source": ["FTP", "HBP", "DGFT Policy"], "retrieved_documents": ["HBP Chapter 2.pdf"], "similarity_score": 0.9, "selected_chunks": ["2.51-16"], "reason_for_selection": "Accepted the relevant DGFT section(s) after intent detection, chapter/section filtering, and complete-section grounding.", "user_question": "\"I need all the information under the heading 'Import of Metallic Waste and Scrap'.\"", "detected_entities": ["Import", "Scrap", "all", "information", "under", "heading", "of", "metallic", "waste"], "detected_hs_code": [], "metadata_results_count": 0, "bm25_results_count": 20, "vector_results_count": 20, "merged_results_count": 18, "top_ranked_chunks": [{"id": "2.51", "title": "2.51 Import of Metallic Waste and Scrap", "sectionId": "2.51", "documentName": "HBP Chapter 2.pdf", "score": 71.8253, "confidence": 0.9, "rankingReasons": ["keyword_match", "semantic_similarity"]}, {"id": "CH2-SEC2_51-R001", "title": "Import of Metallic Waste and Scrap", "sectionId": "2.51", "documentName": "HBP Chapter 2.pdf", "score": 59.7362, "confidence": 0.9, "rankingReasons": ["keyword_match", "semantic_similarity"]}, {"id": "CH2-SEC2_51-R005", "title": "Import of Metallic Waste and Scrap", "sectionId": "2.51", "documentName": "HBP Chapter 2.pdf", "score": 55.2078, "confidence": 0.9, "rankingReasons": ["keyword_match", "semantic_similarity"]}, {"id": "CH2-SEC2_51-R009", "title": "Import of Metallic Waste and Scrap", "sectionId": "2.51", "documentName": "HBP Chapter 2.pdf", "score": 55.2078, "confidence": 0.9, "rankingReasons": ["keyword_match", "semantic_similarity"]}, {"id": "2.54", "title": "2.54 Import of other kinds of metallic waste and scraps", "sectionId": "2.54", "documentName": "HBP Chapter 2.pdf", "score": 44.4584, "confidence": 0.75, "rankingReasons": ["keyword_match"]}], "selected_chunk": ["2.51-16"], "final_prompt": "Question: \"I need all the information under the heading 'Import of Metallic Waste and Scrap'.\"\nDetected intent: General Question\nDetected entities: Import, Scrap, all, information, under, heading, of, metallic, waste\nSelected sections: 2.51 Import of Metallic Waste and Scrap\nSelected chunks: 2.51-16", "llm_response": "In section 2.51 Import of Metallic Waste and Scrap, 2.51 Import of Metallic Waste and Scrap Import of any form of metallic waste, scrap will be subject to the condition that it will not contain hazardous, toxic waste, radioactive contaminated waste / scrap containing radioactive material,."}
2026-07-30 12:55:04,917 | INFO | services.chat_service | dekai_retrieval {"question": "What is HS Code 72041000?", "detected_intent": "Question Answering", "detected_topic": "HS Code Lookup", "knowledge_source": ["HBP", "FTP", "ITC(HS)", "Customs Tariff"], "retrieved_documents": ["HBP Chapter 2.pdf", "HBP2023_Chapter04+as+on+20.04.2026.pdf", "HBP2023_Chapter01.pdf", "Chapter+10+HBP+(19.05.2026).pdf"], "similarity_score": 0.99, "selected_chunks": ["2.51-row-72041000", "2.51-row-72041000", "2.51-16"], "reason_for_selection": "Accepted the relevant DGFT section(s) after intent detection, chapter/section filtering, and complete-section grounding.", "user_question": "What is HS Code 72041000?", "detected_entities": ["72041000", "what", "is"], "detected_hs_code": ["72041000"], "metadata_results_count": 4, "bm25_results_count": 20, "vector_results_count": 20, "merged_results_count": 34, "top_ranked_chunks": [{"id": "2.51-row-72041000", "title": "2.51 Import of Metallic Waste and Scrap - HS Code 72041000", "sectionId": "2.51", "documentName": "HBP Chapter 2.pdf", "score": 2129.6608, "confidence": 0.99, "rankingReasons": ["exact_hs_code_match", "exact_table_row_match", "keyword_match"]}, {"id": "2.51-row-72041000", "title": "2.51 Import of Metallic Waste and Scrap", "sectionId": "2.51", "documentName": "HBP Chapter 2.pdf", "score": 2123.8019, "confidence": 0.99, "rankingReasons": ["exact_hs_code_match", "exact_table_row_match", "keyword_match"]}, {"id": "2.51", "title": "2.51 Import of Metallic Waste and Scrap", "sectionId": "2.51", "documentName": "HBP Chapter 2.pdf", "score": 2194.72, "confidence": 0.99, "rankingReasons": ["exact_hs_code_match", "keyword_match"]}, {"id": "2.51-16", "title": "2.51 Import of Metallic Waste and Scrap", "sectionId": "2.51", "documentName": "HBP Chapter 2.pdf", "score": 1966.2915, "confidence": 0.99, "rankingReasons": ["exact_hs_code_match", "keyword_match"]}, {"id": "4.45-condition-2", "title": "Special Advance Authorisation for export of Articles of Apparel", "sectionId": "4.45", "documentName": "HBP2023_Chapter04+as+on+20.04.2026.pdf", "score": 10.3507, "confidence": 0.75, "rankingReasons": ["keyword_match"]}], "selected_chunk": ["2.51-row-72041000"], "final_prompt": "Question: What is HS Code 72041000?\nDetected intent: HS Code Lookup\nDetected entities: 72041000, what, is\nSelected sections: 2.51 Import of Metallic Waste and Scrap\nSelected chunks: 2.51-row-72041000, 2.51-row-72041000, 2.51-16", "llm_response": "HS Code 72041000 refers to Waste and scrap of cast iron."}
2026-07-30 12:55:23,143 | INFO | services.chat_service | dekai_retrieval {"question": "What is EPCG?", "detected_intent": "Question Answering", "detected_topic": "EPCG", "knowledge_source": ["FTP Chapter 5", "HBP EPCG Sections"], "retrieved_documents": ["HBP Chapter 2.pdf", "HBP2023_Chapter05.pdf"], "similarity_score": 0.75, "selected_chunks": ["2.97-1", "5.01-1", "5.25-1"], "reason_for_selection": "Accepted the relevant DGFT section(s) after intent detection, chapter/section filtering, and complete-section grounding.", "user_question": "What is EPCG?", "detected_entities": ["what", "is", "epcg"], "detected_hs_code": [], "metadata_results_count": 0, "bm25_results_count": 20, "vector_results_count": 20, "merged_results_count": 36, "top_ranked_chunks": [{"id": "2.97", "title": "2.97 Application to EPCG Committee", "sectionId": "2.97", "documentName": "HBP Chapter 2.pdf", "score": 14.5616, "confidence": 0.75, "rankingReasons": ["keyword_match"]}, {"id": "2.97-1", "title": "2.97 Application to EPCG Committee", "sectionId": "2.97", "documentName": "HBP Chapter 2.pdf", "score": 12.8549, "confidence": 0.75, "rankingReasons": ["keyword_match"]}, {"id": "5.25-condition-3", "title": "Clubbing of EPCG authorisations", "sectionId": "5.25", "documentName": "HBP2023_Chapter05.pdf", "score": 9.8666, "confidence": 0.75, "rankingReasons": ["keyword_match"]}, {"id": "5.01", "title": "5.01 Policy", "sectionId": "5.01", "documentName": "HBP2023_Chapter05.pdf", "score": 12.9054, "confidence": 0.75, "rankingReasons": ["keyword_match"]}, {"id": "2.97-workflow", "title": "Application to EPCG Committee", "sectionId": "2.97", "documentName": "HBP Chapter 2.pdf", "score": 9.5697, "confidence": 0.75, "rankingReasons": ["keyword_match"]}], "selected_chunk": ["2.97-1"], "final_prompt": "Question: What is EPCG?\nDetected intent: General Question\nDetected entities: what, is, epcg\nSelected sections: 2.97 Application to EPCG Committee, 5.25 Clubbing of EPCG authorisations, 5.01 Policy\nSelected chunks: 2.97-1, 5.01-1, 5.25-1", "llm_response": "2.97 Application to EPCG Committee (a) Application to the Export Promotion Capital Goods (EPCG) Committee under Para 2.59 of FTP is to be made online in ANF-2D with the prescribed fee in terms of Appendix-2K with required documents. Application to EPCG Committee governs how DGFT business controls should be applied, validated, and enforced."}
2026-07-30 12:57:13,641 | INFO | services.chat_service | dekai_retrieval {"question": "Explain Import Process", "detected_intent": "Explanation", "detected_topic": "Import Procedure", "knowledge_source": ["HBP", "FTP", "Import Rules"], "retrieved_documents": ["HBP Chapter 2.pdf", "HBP2023_Chapter04+as+on+20.04.2026.pdf", "HBP2023_Chapter05.pdf", "HBP-Chapter-6.pdf"], "similarity_score": 0.6, "selected_chunks": [], "reason_for_selection": "Rejected answer because no section in the selected DGFT source collection met the confidence threshold.", "user_question": "Explain Import Process", "detected_entities": ["Import", "explain", "process"], "detected_hs_code": [], "metadata_results_count": 0, "bm25_results_count": 20, "vector_results_count": 20, "merged_results_count": 34, "top_ranked_chunks": [{"id": "2.92-row-08021200", "title": "2.92 TRQ under FTA/CECA", "sectionId": "2.92", "documentName": "HBP Chapter 2.pdf", "score": 81.9715, "confidence": 0.6, "rankingReasons": ["exact_table_row_match", "semantic_similarity"]}, {"id": "2.92-row-08021200", "title": "2.92 TRQ under FTA/CECA - HS Code 08021200", "sectionId": "2.92", "documentName": "HBP Chapter 2.pdf", "score": 80.6488, "confidence": 0.6, "rankingReasons": ["exact_table_row_match", "semantic_similarity"]}, {"id": "2.92-row-08052100", "title": "2.92 TRQ under FTA/CECA", "sectionId": "2.92", "documentName": "HBP Chapter 2.pdf", "score": 79.3683, "confidence": 0.6, "rankingReasons": ["exact_table_row_match", "semantic_similarity"]}, {"id": "2.92-row-08052100", "title": "2.92 TRQ under FTA/CECA - HS Code 08052100", "sectionId": "2.92", "documentName": "HBP Chapter 2.pdf", "score": 78.533, "confidence": 0.6, "rankingReasons": ["exact_table_row_match", "semantic_similarity"]}, {"id": "2.92-row-52010020", "title": "2.92 TRQ under FTA/CECA", "sectionId": "2.92", "documentName": "HBP Chapter 2.pdf", "score": 77.3012, "confidence": 0.6, "rankingReasons": ["exact_table_row_match", "semantic_similarity"]}], "selected_chunk": [], "final_prompt": "Question: Explain Import Process\nSelected source: none", "llm_response": "I couldn't find this information in the uploaded document."}
2026-07-30 12:57:24,445 | INFO | services.chat_service | dekai_retrieval {"question": "What is EPCG?", "detected_intent": "Question Answering", "detected_topic": "EPCG", "knowledge_source": ["FTP Chapter 5", "HBP EPCG Sections"], "retrieved_documents": ["HBP Chapter 2.pdf", "HBP2023_Chapter05.pdf"], "similarity_score": 0.75, "selected_chunks": ["2.97-1", "5.01-1", "5.25-1"], "reason_for_selection": "Accepted the relevant DGFT section(s) after intent detection, chapter/section filtering, and complete-section grounding.", "user_question": "What is EPCG?", "detected_entities": ["what", "is", "epcg"], "detected_hs_code": [], "metadata_results_count": 0, "bm25_results_count": 20, "vector_results_count": 20, "merged_results_count": 36, "top_ranked_chunks": [{"id": "2.97", "title": "2.97 Application to EPCG Committee", "sectionId": "2.97", "documentName": "HBP Chapter 2.pdf", "score": 14.5616, "confidence": 0.75, "rankingReasons": ["keyword_match"]}, {"id": "2.97-1", "title": "2.97 Application to EPCG Committee", "sectionId": "2.97", "documentName": "HBP Chapter 2.pdf", "score": 12.8549, "confidence": 0.75, "rankingReasons": ["keyword_match"]}, {"id": "5.25-condition-3", "title": "Clubbing of EPCG authorisations", "sectionId": "5.25", "documentName": "HBP2023_Chapter05.pdf", "score": 9.8666, "confidence": 0.75, "rankingReasons": ["keyword_match"]}, {"id": "5.01", "title": "5.01 Policy", "sectionId": "5.01", "documentName": "HBP2023_Chapter05.pdf", "score": 12.9054, "confidence": 0.75, "rankingReasons": ["keyword_match"]}, {"id": "2.97-workflow", "title": "Application to EPCG Committee", "sectionId": "2.97", "documentName": "HBP Chapter 2.pdf", "score": 9.5697, "confidence": 0.75, "rankingReasons": ["keyword_match"]}], "selected_chunk": ["2.97-1"], "final_prompt": "Question: What is EPCG?\nDetected intent: General Question\nDetected entities: what, is, epcg\nSelected sections: 2.97 Application to EPCG Committee, 5.25 Clubbing of EPCG authorisations, 5.01 Policy\nSelected chunks: 2.97-1, 5.01-1, 5.25-1", "llm_response": "2.97 Application to EPCG Committee (a) Application to the Export Promotion Capital Goods (EPCG) Committee under Para 2.59 of FTP is to be made online in ANF-2D with the prescribed fee in terms of Appendix-2K with required documents. Application to EPCG Committee governs how DGFT business controls should be applied, validated, and enforced."}
2026-07-30 12:59:31,936 | INFO | services.chat_service | dekai_retrieval {"question": "What is EPCG?", "detected_intent": "Question Answering", "detected_topic": "EPCG", "knowledge_source": ["FTP Chapter 5", "HBP EPCG Sections"], "retrieved_documents": ["HBP Chapter 2.pdf", "HBP2023_Chapter05.pdf"], "similarity_score": 0.75, "selected_chunks": ["2.97-1", "5.01-1", "5.25-1"], "reason_for_selection": "Accepted the relevant DGFT section(s) after intent detection, chapter/section filtering, and complete-section grounding.", "user_question": "What is EPCG?", "detected_entities": ["what", "is", "epcg"], "detected_hs_code": [], "metadata_results_count": 0, "bm25_results_count": 20, "vector_results_count": 20, "merged_results_count": 36, "top_ranked_chunks": [{"id": "2.97", "title": "2.97 Application to EPCG Committee", "sectionId": "2.97", "documentName": "HBP Chapter 2.pdf", "score": 14.5616, "confidence": 0.75, "rankingReasons": ["keyword_match"]}, {"id": "2.97-1", "title": "2.97 Application to EPCG Committee", "sectionId": "2.97", "documentName": "HBP Chapter 2.pdf", "score": 12.8549, "confidence": 0.75, "rankingReasons": ["keyword_match"]}, {"id": "5.25-condition-3", "title": "Clubbing of EPCG authorisations", "sectionId": "5.25", "documentName": "HBP2023_Chapter05.pdf", "score": 9.8666, "confidence": 0.75, "rankingReasons": ["keyword_match"]}, {"id": "5.01", "title": "5.01 Policy", "sectionId": "5.01", "documentName": "HBP2023_Chapter05.pdf", "score": 12.9054, "confidence": 0.75, "rankingReasons": ["keyword_match"]}, {"id": "2.97-workflow", "title": "Application to EPCG Committee", "sectionId": "2.97", "documentName": "HBP Chapter 2.pdf", "score": 9.5697, "confidence": 0.75, "rankingReasons": ["keyword_match"]}], "selected_chunk": ["2.97-1"], "final_prompt": "Question: What is EPCG?\nDetected intent: General Question\nDetected entities: what, is, epcg\nSelected sections: 2.97 Application to EPCG Committee, 5.25 Clubbing of EPCG authorisations, 5.01 Policy\nSelected chunks: 2.97-1, 5.01-1, 5.25-1", "llm_response": "2.97 Application to EPCG Committee (a) Application to the Export Promotion Capital Goods (EPCG) Committee under Para 2.59 of FTP is to be made online in ANF-2D with the prescribed fee in terms of Appendix-2K with required documents. Application to EPCG Committee governs how DGFT business controls should be applied, validated, and enforced."}
2026-07-30 13:02:45,323 | INFO | PDFLoader | Loading PDF C:\Users\mabis\OneDrive\Documents\New folder\dekai-dgft-parser\output\runtime\tmpial38l0z.pdf
2026-07-30 13:02:58,730 | INFO | PDFLoader | Loaded 52 pages from tmpial38l0z.pdf
2026-07-30 13:02:58,999 | INFO | TextCleaner | Cleaned 52 pages
2026-07-30 13:02:59,137 | INFO | RuleExtractor | Extracted 99 section drafts from HBP Chapter 2.pdf
2026-07-30 13:03:00,484 | INFO | PdfMarkdownService | Generated markdown HBP Chapter 2.md from HBP Chapter 2.pdf
2026-07-30 14:07:33,439 | INFO | PDFLoader | Loading PDF C:\Users\mabis\OneDrive\Documents\New folder\dekai-dgft-parser\output\runtime\tmp55auch4k.pdf
2026-07-30 14:07:33,656 | INFO | PDFLoader | Loaded 1 pages from tmp55auch4k.pdf
2026-07-30 14:07:33,657 | INFO | TextCleaner | Cleaned 1 pages
2026-07-30 14:07:33,661 | INFO | RuleExtractor | Extracted 1 section drafts from dekai-1.pdf
2026-07-30 14:07:33,668 | INFO | PdfMarkdownService | Generated markdown dekai-1.md from dekai-1.pdf
2026-07-30 14:08:17,526 | INFO | services.chat_service | dekai_retrieval {"question": "Explain Import Process", "detected_intent": "Explanation", "detected_topic": "Import Procedure", "knowledge_source": ["HBP", "FTP", "Import Rules"], "retrieved_documents": ["HBP Chapter 2.pdf", "HBP2023_Chapter04+as+on+20.04.2026.pdf", "HBP2023_Chapter05.pdf", "HBP-Chapter-6.pdf"], "similarity_score": 0.6, "selected_chunks": [], "reason_for_selection": "Rejected answer because no section in the selected DGFT source collection met the confidence threshold.", "user_question": "Explain Import Process", "detected_entities": ["Import", "explain", "process"], "detected_hs_code": [], "metadata_results_count": 0, "bm25_results_count": 20, "vector_results_count": 20, "merged_results_count": 34, "top_ranked_chunks": [{"id": "2.92-row-08021200", "title": "2.92 TRQ under FTA/CECA", "sectionId": "2.92", "documentName": "HBP Chapter 2.pdf", "score": 81.9715, "confidence": 0.6, "rankingReasons": ["exact_table_row_match", "semantic_similarity"]}, {"id": "2.92-row-08021200", "title": "2.92 TRQ under FTA/CECA - HS Code 08021200", "sectionId": "2.92", "documentName": "HBP Chapter 2.pdf", "score": 80.6488, "confidence": 0.6, "rankingReasons": ["exact_table_row_match", "semantic_similarity"]}, {"id": "2.92-row-08052100", "title": "2.92 TRQ under FTA/CECA", "sectionId": "2.92", "documentName": "HBP Chapter 2.pdf", "score": 79.3683, "confidence": 0.6, "rankingReasons": ["exact_table_row_match", "semantic_similarity"]}, {"id": "2.92-row-08052100", "title": "2.92 TRQ under FTA/CECA - HS Code 08052100", "sectionId": "2.92", "documentName": "HBP Chapter 2.pdf", "score": 78.533, "confidence": 0.6, "rankingReasons": ["exact_table_row_match", "semantic_similarity"]}, {"id": "2.92-row-52010020", "title": "2.92 TRQ under FTA/CECA", "sectionId": "2.92", "documentName": "HBP Chapter 2.pdf", "score": 77.3012, "confidence": 0.6, "rankingReasons": ["exact_table_row_match", "semantic_similarity"]}], "selected_chunk": [], "final_prompt": "Question: Explain Import Process\nSelected source: none", "llm_response": "I couldn't find this information in the uploaded document."}
2026-07-30 14:08:44,423 | INFO | services.chat_service | dekai_retrieval {"question": "What is EPCG?", "detected_intent": "Question Answering", "detected_topic": "EPCG", "knowledge_source": ["FTP Chapter 5", "HBP EPCG Sections"], "retrieved_documents": ["HBP Chapter 2.pdf", "HBP2023_Chapter05.pdf"], "similarity_score": 0.75, "selected_chunks": ["2.97-1", "5.01-1", "5.25-1"], "reason_for_selection": "Accepted the relevant DGFT section(s) after intent detection, chapter/section filtering, and complete-section grounding.", "user_question": "What is EPCG?", "detected_entities": ["what", "is", "epcg"], "detected_hs_code": [], "metadata_results_count": 0, "bm25_results_count": 20, "vector_results_count": 20, "merged_results_count": 36, "top_ranked_chunks": [{"id": "2.97", "title": "2.97 Application to EPCG Committee", "sectionId": "2.97", "documentName": "HBP Chapter 2.pdf", "score": 14.5616, "confidence": 0.75, "rankingReasons": ["keyword_match"]}, {"id": "2.97-1", "title": "2.97 Application to EPCG Committee", "sectionId": "2.97", "documentName": "HBP Chapter 2.pdf", "score": 12.8549, "confidence": 0.75, "rankingReasons": ["keyword_match"]}, {"id": "5.25-condition-3", "title": "Clubbing of EPCG authorisations", "sectionId": "5.25", "documentName": "HBP2023_Chapter05.pdf", "score": 9.8666, "confidence": 0.75, "rankingReasons": ["keyword_match"]}, {"id": "5.01", "title": "5.01 Policy", "sectionId": "5.01", "documentName": "HBP2023_Chapter05.pdf", "score": 12.9054, "confidence": 0.75, "rankingReasons": ["keyword_match"]}, {"id": "2.97-workflow", "title": "Application to EPCG Committee", "sectionId": "2.97", "documentName": "HBP Chapter 2.pdf", "score": 9.5697, "confidence": 0.75, "rankingReasons": ["keyword_match"]}], "selected_chunk": ["2.97-1"], "final_prompt": "Question: What is EPCG?\nDetected intent: General Question\nDetected entities: what, is, epcg\nSelected sections: 2.97 Application to EPCG Committee, 5.25 Clubbing of EPCG authorisations, 5.01 Policy\nSelected chunks: 2.97-1, 5.01-1, 5.25-1", "llm_response": "2.97 Application to EPCG Committee (a) Application to the Export Promotion Capital Goods (EPCG) Committee under Para 2.59 of FTP is to be made online in ANF-2D with the prescribed fee in terms of Appendix-2K with required documents. Application to EPCG Committee governs how DGFT business controls should be applied, validated, and enforced."}
2026-07-30 14:09:53,226 | INFO | services.chat_service | dekai_retrieval {"question": "explain the dgft", "detected_intent": "Explanation", "detected_topic": "DGFT Policy", "knowledge_source": ["FTP", "DGFT Policy"], "retrieved_documents": ["HBP Chapter 2.pdf", "HBP2023_Chapter01.pdf", "HBP2023_Chapter03.pdf", "HBP2023_Chapter08.pdf", "HBP2023_Chapter04+as+on+20.04.2026.pdf"], "similarity_score": 0.6, "selected_chunks": [], "reason_for_selection": "Rejected answer because no section in the selected DGFT source collection met the confidence threshold.", "user_question": "explain the dgft", "detected_entities": ["explain", "dgft"], "detected_hs_code": [], "metadata_results_count": 0, "bm25_results_count": 20, "vector_results_count": 20, "merged_results_count": 39, "top_ranked_chunks": [{"id": "2.92-row-08021200", "title": "2.92 TRQ under FTA/CECA", "sectionId": "2.92", "documentName": "HBP Chapter 2.pdf", "score": 84.513, "confidence": 0.6, "rankingReasons": ["exact_table_row_match", "semantic_similarity"]}, {"id": "2.92-row-08021200", "title": "2.92 TRQ under FTA/CECA - HS Code 08021200", "sectionId": "2.92", "documentName": "HBP Chapter 2.pdf", "score": 82.9952, "confidence": 0.6, "rankingReasons": ["exact_table_row_match", "semantic_similarity"]}, {"id": "1.04-condition-2", "title": "E-governance of Foreign Trade in DGFT", "sectionId": "1.04", "documentName": "HBP2023_Chapter01.pdf", "score": 8.5748, "confidence": 0.75, "rankingReasons": ["keyword_match"]}, {"id": "3.07", "title": "3.07 Nodal DGFT Regional Authority", "sectionId": "3.07", "documentName": "HBP2023_Chapter03.pdf", "score": 11.7694, "confidence": 0.75, "rankingReasons": ["keyword_match"]}, {"id": "CH3-SEC3_07-R001", "title": "Nodal DGFT Regional Authority", "sectionId": "3.07", "documentName": "HBP2023_Chapter03.pdf", "score": 9.6312, "confidence": 0.75, "rankingReasons": ["keyword_match"]}], "selected_chunk": [], "final_prompt": "Question: explain the dgft\nSelected source: none", "llm_response": "I couldn't find this information in the uploaded document."}
2026-07-30 14:13:54,880 | INFO | services.chat_service | dekai_retrieval {"question": "Explain Import Process", "detected_intent": "Explanation", "detected_topic": "Import Procedure", "knowledge_source": ["HBP", "FTP", "Import Rules"], "retrieved_documents": ["HBP Chapter 2.pdf", "HBP2023_Chapter04+as+on+20.04.2026.pdf", "HBP2023_Chapter05.pdf", "HBP-Chapter-6.pdf"], "similarity_score": 0.6, "selected_chunks": [], "reason_for_selection": "Rejected answer because no section in the selected DGFT source collection met the confidence threshold.", "user_question": "Explain Import Process", "detected_entities": ["Import", "explain", "process"], "detected_hs_code": [], "metadata_results_count": 0, "bm25_results_count": 20, "vector_results_count": 20, "merged_results_count": 34, "top_ranked_chunks": [{"id": "2.92-row-08021200", "title": "2.92 TRQ under FTA/CECA", "sectionId": "2.92", "documentName": "HBP Chapter 2.pdf", "score": 81.9715, "confidence": 0.6, "rankingReasons": ["exact_table_row_match", "semantic_similarity"]}, {"id": "2.92-row-08021200", "title": "2.92 TRQ under FTA/CECA - HS Code 08021200", "sectionId": "2.92", "documentName": "HBP Chapter 2.pdf", "score": 80.6488, "confidence": 0.6, "rankingReasons": ["exact_table_row_match", "semantic_similarity"]}, {"id": "2.92-row-08052100", "title": "2.92 TRQ under FTA/CECA", "sectionId": "2.92", "documentName": "HBP Chapter 2.pdf", "score": 79.3683, "confidence": 0.6, "rankingReasons": ["exact_table_row_match", "semantic_similarity"]}, {"id": "2.92-row-08052100", "title": "2.92 TRQ under FTA/CECA - HS Code 08052100", "sectionId": "2.92", "documentName": "HBP Chapter 2.pdf", "score": 78.533, "confidence": 0.6, "rankingReasons": ["exact_table_row_match", "semantic_similarity"]}, {"id": "2.92-row-52010020", "title": "2.92 TRQ under FTA/CECA", "sectionId": "2.92", "documentName": "HBP Chapter 2.pdf", "score": 77.3012, "confidence": 0.6, "rankingReasons": ["exact_table_row_match", "semantic_similarity"]}], "selected_chunk": [], "final_prompt": "Question: Explain Import Process\nSelected source: none", "llm_response": "I couldn't find this information in the uploaded document."}
2026-07-30 14:31:29,456 | INFO | services.chat_service | dekai_retrieval {"question": "Explain Import Process", "detected_intent": "Explanation", "detected_topic": "Import Procedure", "knowledge_source": ["HBP", "FTP", "Import Rules"], "retrieved_documents": ["HBP Chapter 2.pdf", "HBP2023_Chapter04+as+on+20.04.2026.pdf", "HBP2023_Chapter05.pdf", "HBP-Chapter-6.pdf"], "similarity_score": 0.6, "selected_chunks": [], "reason_for_selection": "Rejected answer because no section in the selected DGFT source collection met the confidence threshold.", "user_question": "Explain Import Process", "detected_entities": ["Import", "explain", "process"], "detected_hs_code": [], "metadata_results_count": 0, "bm25_results_count": 20, "vector_results_count": 20, "merged_results_count": 34, "top_ranked_chunks": [{"id": "2.92-row-08021200", "title": "2.92 TRQ under FTA/CECA", "sectionId": "2.92", "documentName": "HBP Chapter 2.pdf", "score": 81.9715, "confidence": 0.6, "rankingReasons": ["exact_table_row_match", "semantic_similarity"]}, {"id": "2.92-row-08021200", "title": "2.92 TRQ under FTA/CECA - HS Code 08021200", "sectionId": "2.92", "documentName": "HBP Chapter 2.pdf", "score": 80.6488, "confidence": 0.6, "rankingReasons": ["exact_table_row_match", "semantic_similarity"]}, {"id": "2.92-row-08052100", "title": "2.92 TRQ under FTA/CECA", "sectionId": "2.92", "documentName": "HBP Chapter 2.pdf", "score": 79.3683, "confidence": 0.6, "rankingReasons": ["exact_table_row_match", "semantic_similarity"]}, {"id": "2.92-row-08052100", "title": "2.92 TRQ under FTA/CECA - HS Code 08052100", "sectionId": "2.92", "documentName": "HBP Chapter 2.pdf", "score": 78.533, "confidence": 0.6, "rankingReasons": ["exact_table_row_match", "semantic_similarity"]}, {"id": "2.92-row-52010020", "title": "2.92 TRQ under FTA/CECA", "sectionId": "2.92", "documentName": "HBP Chapter 2.pdf", "score": 77.3012, "confidence": 0.6, "rankingReasons": ["exact_table_row_match", "semantic_similarity"]}], "selected_chunk": [], "final_prompt": "Question: Explain Import Process\nSelected source: none", "llm_response": "I couldn't find this information in the uploaded document."}
2026-07-30 14:31:46,364 | INFO | services.chat_service | dekai_retrieval {"question": "Explain Import Process", "detected_intent": "Explanation", "detected_topic": "Import Procedure", "knowledge_source": ["HBP", "FTP", "Import Rules"], "retrieved_documents": ["HBP Chapter 2.pdf", "HBP2023_Chapter04+as+on+20.04.2026.pdf", "HBP2023_Chapter05.pdf", "HBP-Chapter-6.pdf"], "similarity_score": 0.6, "selected_chunks": [], "reason_for_selection": "Rejected answer because no section in the selected DGFT source collection met the confidence threshold.", "user_question": "Explain Import Process", "detected_entities": ["Import", "explain", "process"], "detected_hs_code": [], "metadata_results_count": 0, "bm25_results_count": 20, "vector_results_count": 20, "merged_results_count": 34, "top_ranked_chunks": [{"id": "2.92-row-08021200", "title": "2.92 TRQ under FTA/CECA", "sectionId": "2.92", "documentName": "HBP Chapter 2.pdf", "score": 81.9715, "confidence": 0.6, "rankingReasons": ["exact_table_row_match", "semantic_similarity"]}, {"id": "2.92-row-08021200", "title": "2.92 TRQ under FTA/CECA - HS Code 08021200", "sectionId": "2.92", "documentName": "HBP Chapter 2.pdf", "score": 80.6488, "confidence": 0.6, "rankingReasons": ["exact_table_row_match", "semantic_similarity"]}, {"id": "2.92-row-08052100", "title": "2.92 TRQ under FTA/CECA", "sectionId": "2.92", "documentName": "HBP Chapter 2.pdf", "score": 79.3683, "confidence": 0.6, "rankingReasons": ["exact_table_row_match", "semantic_similarity"]}, {"id": "2.92-row-08052100", "title": "2.92 TRQ under FTA/CECA - HS Code 08052100", "sectionId": "2.92", "documentName": "HBP Chapter 2.pdf", "score": 78.533, "confidence": 0.6, "rankingReasons": ["exact_table_row_match", "semantic_similarity"]}, {"id": "2.92-row-52010020", "title": "2.92 TRQ under FTA/CECA", "sectionId": "2.92", "documentName": "HBP Chapter 2.pdf", "score": 77.3012, "confidence": 0.6, "rankingReasons": ["exact_table_row_match", "semantic_similarity"]}], "selected_chunk": [], "final_prompt": "Question: Explain Import Process\nSelected source: none", "llm_response": "I couldn't find this information in the uploaded document."}
2026-07-30 14:44:51,701 | INFO | services.chat_service | dekai_retrieval {"question": "What is IEC?", "detected_intent": "Question Answering", "detected_topic": "IEC Full Form", "knowledge_source": ["FTP", "HBP Chapter 2", "IEC Rules"], "retrieved_documents": ["HBP Chapter 2.pdf"], "similarity_score": 0.75, "selected_chunks": ["2.08-1", "2.07-1", "2.09-1"], "reason_for_selection": "Accepted the relevant DGFT section(s) after intent detection, chapter/section filtering, and complete-section grounding.", "user_question": "What is IEC?", "detected_entities": ["what", "is", "iec"], "detected_hs_code": [], "metadata_results_count": 0, "bm25_results_count": 20, "vector_results_count": 20, "merged_results_count": 33, "top_ranked_chunks": [{"id": "2.07", "title": "2.07 IEC Number Exempted Categories", "sectionId": "2.07", "documentName": "HBP Chapter 2.pdf", "score": 13.0607, "confidence": 0.75, "rankingReasons": ["keyword_match"]}, {"id": "CH2-SEC2_08-R003", "title": "Application for IEC", "sectionId": "2.08", "documentName": "HBP Chapter 2.pdf", "score": 10.1156, "confidence": 0.75, "rankingReasons": ["keyword_match"]}, {"id": "CH2-SEC2_08-R005", "title": "Application for IEC", "sectionId": "2.08", "documentName": "HBP Chapter 2.pdf", "score": 10.1156, "confidence": 0.75, "rankingReasons": ["keyword_match"]}, {"id": "2.08-workflow", "title": "Application for IEC", "sectionId": "2.08", "documentName": "HBP Chapter 2.pdf", "score": 7.1149, "confidence": 0.75, "rankingReasons": ["keyword_match"]}, {"id": "2.08-1", "title": "2.08 Application for IEC", "sectionId": "2.08", "documentName": "HBP Chapter 2.pdf", "score": 8.2537, "confidence": 0.75, "rankingReasons": ["keyword_match"]}], "selected_chunk": ["2.08-1"], "final_prompt": "Question: What is IEC?\nDetected intent: General Question\nDetected entities: what, is, iec\nSelected sections: 2.07 IEC Number Exempted Categories, 2.08 Application for IEC, 2.09 IEC Format\nSelected chunks: 2.08-1, 2.07-1, 2.09-1", "llm_response": "IEC stands for Importer Exporter Code. According to the uploaded document, 2.12 One PAN-One IEC Only one IEC shall be issued against a single PAN."}
2026-07-30 14:44:59,553 | INFO | services.chat_service | dekai_retrieval {"question": "Explain Import Process", "detected_intent": "Explanation", "detected_topic": "Import Procedure", "knowledge_source": ["HBP", "FTP", "Import Rules"], "retrieved_documents": ["HBP Chapter 2.pdf", "HBP2023_Chapter04+as+on+20.04.2026.pdf", "HBP2023_Chapter05.pdf", "HBP-Chapter-6.pdf"], "similarity_score": 0.6, "selected_chunks": [], "reason_for_selection": "Rejected answer because no section in the selected DGFT source collection met the confidence threshold.", "user_question": "Explain Import Process", "detected_entities": ["Import", "explain", "process"], "detected_hs_code": [], "metadata_results_count": 0, "bm25_results_count": 20, "vector_results_count": 20, "merged_results_count": 34, "top_ranked_chunks": [{"id": "2.92-row-08021200", "title": "2.92 TRQ under FTA/CECA", "sectionId": "2.92", "documentName": "HBP Chapter 2.pdf", "score": 81.9715, "confidence": 0.6, "rankingReasons": ["exact_table_row_match", "semantic_similarity"]}, {"id": "2.92-row-08021200", "title": "2.92 TRQ under FTA/CECA - HS Code 08021200", "sectionId": "2.92", "documentName": "HBP Chapter 2.pdf", "score": 80.6488, "confidence": 0.6, "rankingReasons": ["exact_table_row_match", "semantic_similarity"]}, {"id": "2.92-row-08052100", "title": "2.92 TRQ under FTA/CECA", "sectionId": "2.92", "documentName": "HBP Chapter 2.pdf", "score": 79.3683, "confidence": 0.6, "rankingReasons": ["exact_table_row_match", "semantic_similarity"]}, {"id": "2.92-row-08052100", "title": "2.92 TRQ under FTA/CECA - HS Code 08052100", "sectionId": "2.92", "documentName": "HBP Chapter 2.pdf", "score": 78.533, "confidence": 0.6, "rankingReasons": ["exact_table_row_match", "semantic_similarity"]}, {"id": "2.92-row-52010020", "title": "2.92 TRQ under FTA/CECA", "sectionId": "2.92", "documentName": "HBP Chapter 2.pdf", "score": 77.3012, "confidence": 0.6, "rankingReasons": ["exact_table_row_match", "semantic_similarity"]}], "selected_chunk": [], "final_prompt": "Question: Explain Import Process\nSelected source: none", "llm_response": "I couldn't find this information in the uploaded document."}
2026-07-30 14:45:42,893 | INFO | services.chat_service | dekai_retrieval {"question": "Explain Import Process", "detected_intent": "Explanation", "detected_topic": "Import Procedure", "knowledge_source": ["HBP", "FTP", "Import Rules"], "retrieved_documents": ["HBP Chapter 2.pdf", "HBP2023_Chapter04+as+on+20.04.2026.pdf", "HBP2023_Chapter05.pdf", "HBP-Chapter-6.pdf"], "similarity_score": 0.6, "selected_chunks": [], "reason_for_selection": "Rejected answer because no section in the selected DGFT source collection met the confidence threshold.", "user_question": "Explain Import Process", "detected_entities": ["Import", "explain", "process"], "detected_hs_code": [], "metadata_results_count": 0, "bm25_results_count": 20, "vector_results_count": 20, "merged_results_count": 34, "top_ranked_chunks": [{"id": "2.92-row-08021200", "title": "2.92 TRQ under FTA/CECA", "sectionId": "2.92", "documentName": "HBP Chapter 2.pdf", "score": 81.9715, "confidence": 0.6, "rankingReasons": ["exact_table_row_match", "semantic_similarity"]}, {"id": "2.92-row-08021200", "title": "2.92 TRQ under FTA/CECA - HS Code 08021200", "sectionId": "2.92", "documentName": "HBP Chapter 2.pdf", "score": 80.6488, "confidence": 0.6, "rankingReasons": ["exact_table_row_match", "semantic_similarity"]}, {"id": "2.92-row-08052100", "title": "2.92 TRQ under FTA/CECA", "sectionId": "2.92", "documentName": "HBP Chapter 2.pdf", "score": 79.3683, "confidence": 0.6, "rankingReasons": ["exact_table_row_match", "semantic_similarity"]}, {"id": "2.92-row-08052100", "title": "2.92 TRQ under FTA/CECA - HS Code 08052100", "sectionId": "2.92", "documentName": "HBP Chapter 2.pdf", "score": 78.533, "confidence": 0.6, "rankingReasons": ["exact_table_row_match", "semantic_similarity"]}, {"id": "2.92-row-52010020", "title": "2.92 TRQ under FTA/CECA", "sectionId": "2.92", "documentName": "HBP Chapter 2.pdf", "score": 77.3012, "confidence": 0.6, "rankingReasons": ["exact_table_row_match", "semantic_similarity"]}], "selected_chunk": [], "final_prompt": "Question: Explain Import Process\nSelected source: none", "llm_response": "I couldn't find this information in the uploaded document."}
2026-07-30 14:45:45,714 | INFO | services.chat_service | dekai_retrieval {"question": "What is EPCG?", "detected_intent": "Question Answering", "detected_topic": "EPCG", "knowledge_source": ["FTP Chapter 5", "HBP EPCG Sections"], "retrieved_documents": ["HBP Chapter 2.pdf", "HBP2023_Chapter05.pdf"], "similarity_score": 0.75, "selected_chunks": ["2.97-1", "5.01-1", "5.25-1"], "reason_for_selection": "Accepted the relevant DGFT section(s) after intent detection, chapter/section filtering, and complete-section grounding.", "user_question": "What is EPCG?", "detected_entities": ["what", "is", "epcg"], "detected_hs_code": [], "metadata_results_count": 0, "bm25_results_count": 20, "vector_results_count": 20, "merged_results_count": 36, "top_ranked_chunks": [{"id": "2.97", "title": "2.97 Application to EPCG Committee", "sectionId": "2.97", "documentName": "HBP Chapter 2.pdf", "score": 14.5616, "confidence": 0.75, "rankingReasons": ["keyword_match"]}, {"id": "2.97-1", "title": "2.97 Application to EPCG Committee", "sectionId": "2.97", "documentName": "HBP Chapter 2.pdf", "score": 12.8549, "confidence": 0.75, "rankingReasons": ["keyword_match"]}, {"id": "5.25-condition-3", "title": "Clubbing of EPCG authorisations", "sectionId": "5.25", "documentName": "HBP2023_Chapter05.pdf", "score": 9.8666, "confidence": 0.75, "rankingReasons": ["keyword_match"]}, {"id": "5.01", "title": "5.01 Policy", "sectionId": "5.01", "documentName": "HBP2023_Chapter05.pdf", "score": 12.9054, "confidence": 0.75, "rankingReasons": ["keyword_match"]}, {"id": "2.97-workflow", "title": "Application to EPCG Committee", "sectionId": "2.97", "documentName": "HBP Chapter 2.pdf", "score": 9.5697, "confidence": 0.75, "rankingReasons": ["keyword_match"]}], "selected_chunk": ["2.97-1"], "final_prompt": "Question: What is EPCG?\nDetected intent: General Question\nDetected entities: what, is, epcg\nSelected sections: 2.97 Application to EPCG Committee, 5.25 Clubbing of EPCG authorisations, 5.01 Policy\nSelected chunks: 2.97-1, 5.01-1, 5.25-1", "llm_response": "2.97 Application to EPCG Committee (a) Application to the Export Promotion Capital Goods (EPCG) Committee under Para 2.59 of FTP is to be made online in ANF-2D with the prescribed fee in terms of Appendix-2K with required documents. Application to EPCG Committee governs how DGFT business controls should be applied, validated, and enforced."}
2026-07-30 14:45:58,094 | INFO | services.chat_service | dekai_retrieval {"question": "explain the dgft", "detected_intent": "Explanation", "detected_topic": "DGFT Policy", "knowledge_source": ["FTP", "DGFT Policy"], "retrieved_documents": ["HBP Chapter 2.pdf", "HBP2023_Chapter01.pdf", "HBP2023_Chapter03.pdf", "HBP2023_Chapter08.pdf", "HBP2023_Chapter04+as+on+20.04.2026.pdf"], "similarity_score": 0.6, "selected_chunks": [], "reason_for_selection": "Rejected answer because no section in the selected DGFT source collection met the confidence threshold.", "user_question": "explain the dgft", "detected_entities": ["explain", "dgft"], "detected_hs_code": [], "metadata_results_count": 0, "bm25_results_count": 20, "vector_results_count": 20, "merged_results_count": 39, "top_ranked_chunks": [{"id": "2.92-row-08021200", "title": "2.92 TRQ under FTA/CECA", "sectionId": "2.92", "documentName": "HBP Chapter 2.pdf", "score": 84.513, "confidence": 0.6, "rankingReasons": ["exact_table_row_match", "semantic_similarity"]}, {"id": "2.92-row-08021200", "title": "2.92 TRQ under FTA/CECA - HS Code 08021200", "sectionId": "2.92", "documentName": "HBP Chapter 2.pdf", "score": 82.9952, "confidence": 0.6, "rankingReasons": ["exact_table_row_match", "semantic_similarity"]}, {"id": "1.04-condition-2", "title": "E-governance of Foreign Trade in DGFT", "sectionId": "1.04", "documentName": "HBP2023_Chapter01.pdf", "score": 8.5748, "confidence": 0.75, "rankingReasons": ["keyword_match"]}, {"id": "3.07", "title": "3.07 Nodal DGFT Regional Authority", "sectionId": "3.07", "documentName": "HBP2023_Chapter03.pdf", "score": 11.7694, "confidence": 0.75, "rankingReasons": ["keyword_match"]}, {"id": "CH3-SEC3_07-R001", "title": "Nodal DGFT Regional Authority", "sectionId": "3.07", "documentName": "HBP2023_Chapter03.pdf", "score": 9.6312, "confidence": 0.75, "rankingReasons": ["keyword_match"]}], "selected_chunk": [], "final_prompt": "Question: explain the dgft\nSelected source: none", "llm_response": "I couldn't find this information in the uploaded document."}
2026-08-03 15:24:33,075 | INFO | DGFTKnowledgePipeline | Processing HBP2023_Chapter01.pdf
2026-08-03 15:24:33,083 | INFO | PDFLoader | Loading PDF C:\Users\mabis\OneDrive\Documents\dekai\input\pdf\HBP2023_Chapter01.pdf
2026-08-03 15:24:34,206 | INFO | PDFLoader | Loaded 7 pages from HBP2023_Chapter01.pdf
2026-08-03 15:24:34,227 | INFO | TextCleaner | Cleaned 7 pages
2026-08-03 15:24:34,239 | INFO | RuleExtractor | Extracted 12 section drafts from HBP2023_Chapter01.pdf
2026-08-03 15:24:34,751 | INFO | Chunker | Created 1 chunks for section 1.01
2026-08-03 15:24:34,819 | INFO | Chunker | Created 1 chunks for section 1.02
2026-08-03 15:24:34,903 | INFO | Chunker | Created 1 chunks for section 1.03
2026-08-03 15:24:35,056 | INFO | Chunker | Created 2 chunks for section 1.04
2026-08-03 15:24:35,131 | INFO | Chunker | Created 1 chunks for section 1.05
2026-08-03 15:24:35,241 | INFO | Chunker | Created 1 chunks for section 1.06
2026-08-03 15:24:35,410 | INFO | Chunker | Created 1 chunks for section 1.07
2026-08-03 15:24:35,536 | INFO | Chunker | Created 1 chunks for section 1.08
2026-08-03 15:24:35,658 | INFO | Chunker | Created 1 chunks for section 1.09
2026-08-03 15:24:35,752 | INFO | Chunker | Created 1 chunks for section 1.10
2026-08-03 15:24:35,882 | INFO | Chunker | Created 1 chunks for section 1.11
2026-08-03 15:24:35,979 | INFO | Chunker | Created 1 chunks for section 1.12
2026-08-03 15:24:35,998 | INFO | DGFTKnowledgePipeline | Processing HBP Chapter 2.pdf
2026-08-03 15:24:36,000 | INFO | PDFLoader | Loading PDF C:\Users\mabis\OneDrive\Documents\dekai\input\pdf\HBP Chapter 2.pdf
2026-08-03 15:25:24,631 | INFO | services.chat_service | dekai_retrieval {"question": "what is iptdec?", "detected_intent": "Question Answering", "detected_topic": "General Question", "knowledge_source": ["FTP", "HBP", "DGFT Policy"], "retrieved_documents": ["HBP Chapter 2.pdf", "HBP2023_Chapter04+as+on+20.04.2026.pdf", "HBP-Chapter-6.pdf", "Chapter+10+HBP+(19.05.2026).pdf"], "similarity_score": 0.75, "selected_chunks": ["2.77-1", "4.97-1"], "reason_for_selection": "Accepted the relevant DGFT section(s) after intent detection, chapter/section filtering, and complete-section grounding.", "user_question": "what is iptdec?", "detected_entities": ["what", "is", "iptdec"], "detected_hs_code": [], "metadata_results_count": 0, "bm25_results_count": 20, "vector_results_count": 20, "merged_results_count": 12, "top_ranked_chunks": [{"id": "2.77", "title": "2.77 Registering Authorities", "sectionId": "2.77", "documentName": "HBP Chapter 2.pdf", "score": 8.9913, "confidence": 0.75, "rankingReasons": ["keyword_match"], "matchedQueries": ["what is iptdec?"]}, {"id": "2.77-1", "title": "2.77 Registering Authorities", "sectionId": "2.77", "documentName": "HBP Chapter 2.pdf", "score": 8.1519, "confidence": 0.75, "rankingReasons": ["keyword_match"], "matchedQueries": ["what is iptdec?"]}, {"id": "4.97-1", "title": "4.97 General Provision", "sectionId": "4.97", "documentName": "HBP2023_Chapter04+as+on+20.04.2026.pdf", "score": 7.9665, "confidence": 0.75, "rankingReasons": ["keyword_match"], "matchedQueries": ["what is iptdec?"]}, {"id": "CH6-SEC6_40-R002", "title": "Time Bound Disposal of Applications", "sectionId": "6.40", "documentName": "HBP-Chapter-6.pdf", "score": 7.4603, "confidence": 0.75, "rankingReasons": ["keyword_match"], "matchedQueries": ["what is iptdec?"]}, {"id": "2.77-workflow", "title": "Registering Authorities", "sectionId": "2.77", "documentName": "HBP Chapter 2.pdf", "score": 6.7384, "confidence": 0.75, "rankingReasons": ["keyword_match"], "matchedQueries": ["what is iptdec?"]}], "selected_chunk": ["2.77-1"], "final_prompt": "Question: what is iptdec?\nDetected intent: General Question\nDetected entities: what, is, iptdec\nSelected sections: 2.77 Registering Authorities, 4.49 Regularisation of Bonafide Default, 4.97 General Provision, 6.40 Time Bound Disposal of Applications, 10.16 General Authorisation for Export of Chemicals and related, 10.02 SCOMET categories and licensing jurisdiction\nSelected chunks: 2.77-1, 4.97-1", "llm_response": "Based on the uploaded documents:\n- 2.77 Registering Authorities (a) Registering Authority is a body notified by DGFT in this regard to register importers/ exporters as its members by issuing RCMC.\n- 4.49 Regularisation of Bonafide Default Cases of bonafide default in fulfilment of Export Obligation may be regularised by Regional Authority as under: (a) If Export Obligation is fulfilled in terms of value, but ther...\n- 4.97 General Provision i.\n- 6.40 Time Bound Disposal of Applications DC shall dispose of applications expeditiously.\n\nKey requirements:\n- 10.02 SCOMET categories and licensing jurisdiction Export of dual use items, munitions and nuclear related items, including software and technology, covered under SCOMET list are permitted against an export authorisat...\n- Licensing authorities for various categories of SCOMET items, as specified in Appendix 3 to Schedule 2 of ITC (HS) and tabulated under Para 10.03 of FTP are as under: (a) The DGFT is the licensing authority for all SC...\n- Applicable guidelines are notified by the DAE for Nuclear Transfers (Exports) and Notification of schedule of Prescribed Substances, Prescribed Equipment and Technology\" issued under Atomic Energy Act 1962 and Atomic...\n- Authorisations for export of certain items in Category 0 will not be granted unless transfer is under adequate physical protection and is covered by appropriate International Atomic Energy Agency (IAEA) safeguards, or...\n- SCOMET, is specified in Chapter 10 of FTP.\n- In respect of export/re-export of SCOMET items under the Categories / Sub Categories of 1C, 1D,1E, 3D001 and 3D004 (excluding software and technology), as well as chemicals listed in the Appendix 10(N), to the specifi...\n\nSources:\n- HBP Chapter 2.pdf | HBP Chapter 2 | 2.77 Registering Authorities | Pages 34\n- HBP2023_Chapter04+as+on+20.04.2026.pdf | HBP Chapter 4 | 4.49 Regularisation of Bonafide Default | Pages 29, 30, 31\n- HBP2023_Chapter04+as+on+20.04.2026.pdf | HBP Chapter 4 | 4.97 General Provision | Pages 56, 57\n- HBP-Chapter-6.pdf | HBP Chapter 6 | 6.40 Time Bound Disposal of Applications | Pages 23, 24\n- Chapter+10+HBP+(19.05.2026).pdf | HBP Chapter 10 | 10.16 General Authorisation for Export of Chemicals and related | Pages 35, 36, 37, 38, 39, 40"}
2026-08-03 15:25:29,406 | INFO | PDFLoader | Loaded 52 pages from HBP Chapter 2.pdf
2026-08-03 15:25:29,909 | INFO | TextCleaner | Cleaned 52 pages
2026-08-03 15:25:30,235 | INFO | RuleExtractor | Extracted 99 section drafts from HBP Chapter 2.pdf
2026-08-03 15:25:33,841 | INFO | Chunker | Created 1 chunks for section 2.00
2026-08-03 15:25:34,102 | INFO | Chunker | Created 1 chunks for section 2.01
2026-08-03 15:25:34,425 | INFO | Chunker | Created 1 chunks for section 2.02
2026-08-03 15:25:34,750 | INFO | Chunker | Created 1 chunks for section 2.03
2026-08-03 15:25:34,946 | INFO | Chunker | Created 1 chunks for section 2.04
2026-08-03 15:25:35,108 | INFO | Chunker | Created 1 chunks for section 2.05
2026-08-03 15:25:35,339 | INFO | Chunker | Created 1 chunks for section 2.06
2026-08-03 15:25:35,487 | INFO | Chunker | Created 1 chunks for section 2.07
2026-08-03 15:25:35,631 | INFO | Chunker | Created 1 chunks for section 2.08
2026-08-03 15:25:35,721 | INFO | Chunker | Created 1 chunks for section 2.09
2026-08-03 15:25:35,797 | INFO | Chunker | Created 1 chunks for section 2.10
2026-08-03 15:25:35,875 | INFO | Chunker | Created 1 chunks for section 2.11
2026-08-03 15:25:35,954 | INFO | Chunker | Created 1 chunks for section 2.12
2026-08-03 15:25:36,029 | INFO | Chunker | Created 1 chunks for section 2.13
2026-08-03 15:25:36,146 | INFO | Chunker | Created 1 chunks for section 2.14
2026-08-03 15:25:36,250 | INFO | Chunker | Created 1 chunks for section 2.15
2026-08-03 15:25:36,363 | INFO | Chunker | Created 1 chunks for section 2.16
2026-08-03 15:25:36,478 | INFO | Chunker | Created 1 chunks for section 2.17
2026-08-03 15:25:36,571 | INFO | Chunker | Created 1 chunks for section 2.18
2026-08-03 15:25:36,659 | INFO | Chunker | Created 1 chunks for section 2.19
2026-08-03 15:25:36,828 | INFO | Chunker | Created 1 chunks for section 2.20
2026-08-03 15:25:36,912 | INFO | Chunker | Created 1 chunks for section 2.21
2026-08-03 15:25:36,992 | INFO | Chunker | Created 1 chunks for section 2.22
2026-08-03 15:25:37,121 | INFO | Chunker | Created 1 chunks for section 2.23
2026-08-03 15:25:37,213 | INFO | Chunker | Created 1 chunks for section 2.24
2026-08-03 15:25:37,300 | INFO | Chunker | Created 1 chunks for section 2.25
2026-08-03 15:25:37,368 | INFO | Chunker | Created 1 chunks for section 2.26
2026-08-03 15:25:37,489 | INFO | Chunker | Created 1 chunks for section 2.27
2026-08-03 15:25:37,566 | INFO | Chunker | Created 1 chunks for section 2.28
2026-08-03 15:25:37,695 | INFO | Chunker | Created 1 chunks for section 2.29
2026-08-03 15:25:37,808 | INFO | Chunker | Created 1 chunks for section 2.29
2026-08-03 15:25:37,916 | INFO | Chunker | Created 1 chunks for section 2.30
2026-08-03 15:25:37,987 | INFO | Chunker | Created 1 chunks for section 2.31
2026-08-03 15:25:38,071 | INFO | Chunker | Created 1 chunks for section 2.32
2026-08-03 15:25:38,173 | INFO | Chunker | Created 1 chunks for section 2.33
2026-08-03 15:25:38,286 | INFO | Chunker | Created 1 chunks for section 2.34
2026-08-03 15:25:38,393 | INFO | Chunker | Created 1 chunks for section 2.35
2026-08-03 15:25:38,557 | INFO | Chunker | Created 1 chunks for section 2.36
2026-08-03 15:25:38,723 | INFO | Chunker | Created 1 chunks for section 2.37
2026-08-03 15:25:38,828 | INFO | Chunker | Created 1 chunks for section 2.38
2026-08-03 15:25:38,904 | INFO | Chunker | Created 1 chunks for section 2.39
2026-08-03 15:25:39,058 | INFO | Chunker | Created 1 chunks for section 2.40
2026-08-03 15:25:39,170 | INFO | Chunker | Created 1 chunks for section 2.41
2026-08-03 15:25:39,244 | INFO | Chunker | Created 1 chunks for section 2.42
2026-08-03 15:25:39,384 | INFO | Chunker | Created 1 chunks for section 2.43
2026-08-03 15:25:39,512 | INFO | Chunker | Created 1 chunks for section 2.44
2026-08-03 15:25:39,598 | INFO | Chunker | Created 1 chunks for section 2.45
2026-08-03 15:25:39,756 | INFO | Chunker | Created 1 chunks for section 2.46
2026-08-03 15:25:39,843 | INFO | Chunker | Created 1 chunks for section 2.47
2026-08-03 15:25:39,969 | INFO | Chunker | Created 1 chunks for section 2.48
2026-08-03 15:25:40,143 | INFO | Chunker | Created 1 chunks for section 2.49
2026-08-03 15:25:40,250 | INFO | Chunker | Created 1 chunks for section 2.50
2026-08-03 15:25:40,522 | INFO | Chunker | Created 18 chunks for section 2.51
2026-08-03 15:25:40,666 | INFO | Chunker | Created 1 chunks for section 2.52
2026-08-03 15:25:40,821 | INFO | Chunker | Created 1 chunks for section 2.53
2026-08-03 15:25:40,891 | INFO | Chunker | Created 1 chunks for section 2.54
2026-08-03 15:25:40,941 | INFO | Chunker | Created 1 chunks for section 2.55
2026-08-03 15:25:41,045 | INFO | Chunker | Created 1 chunks for section 2.56
2026-08-03 15:25:41,149 | INFO | Chunker | Created 1 chunks for section 2.57
2026-08-03 15:25:41,233 | INFO | Chunker | Created 1 chunks for section 2.58
2026-08-03 15:25:41,414 | INFO | Chunker | Created 1 chunks for section 2.59
2026-08-03 15:25:41,520 | INFO | Chunker | Created 1 chunks for section 2.60
2026-08-03 15:25:41,693 | INFO | Chunker | Created 1 chunks for section 2.61
2026-08-03 15:25:41,792 | INFO | Chunker | Created 1 chunks for section 2.62
2026-08-03 15:25:41,883 | INFO | Chunker | Created 1 chunks for section 2.63
2026-08-03 15:25:41,965 | INFO | Chunker | Created 1 chunks for section 2.64
2026-08-03 15:25:42,037 | INFO | Chunker | Created 1 chunks for section 2.65
2026-08-03 15:25:42,133 | INFO | Chunker | Created 1 chunks for section 2.66
2026-08-03 15:25:42,253 | INFO | Chunker | Created 1 chunks for section 2.67
2026-08-03 15:25:42,346 | INFO | Chunker | Created 1 chunks for section 2.68
2026-08-03 15:25:42,438 | INFO | Chunker | Created 1 chunks for section 2.69
2026-08-03 15:25:42,536 | INFO | Chunker | Created 1 chunks for section 2.70
2026-08-03 15:25:42,646 | INFO | Chunker | Created 1 chunks for section 2.71
2026-08-03 15:25:42,739 | INFO | Chunker | Created 1 chunks for section 2.72
2026-08-03 15:25:42,829 | INFO | Chunker | Created 1 chunks for section 2.73
2026-08-03 15:25:42,952 | INFO | Chunker | Created 1 chunks for section 2.74
2026-08-03 15:25:43,050 | INFO | Chunker | Created 1 chunks for section 2.75
2026-08-03 15:25:43,210 | INFO | Chunker | Created 2 chunks for section 2.76
2026-08-03 15:25:43,309 | INFO | Chunker | Created 1 chunks for section 2.77
2026-08-03 15:25:43,416 | INFO | Chunker | Created 1 chunks for section 2.78
2026-08-03 15:25:43,531 | INFO | Chunker | Created 1 chunks for section 2.79
2026-08-03 15:25:43,636 | INFO | Chunker | Created 1 chunks for section 2.80
2026-08-03 15:25:43,730 | INFO | Chunker | Created 1 chunks for section 2.81
2026-08-03 15:25:43,838 | INFO | Chunker | Created 1 chunks for section 2.82
2026-08-03 15:25:43,933 | INFO | Chunker | Created 1 chunks for section 2.83
2026-08-03 15:25:44,021 | INFO | Chunker | Created 1 chunks for section 2.84
2026-08-03 15:25:44,098 | INFO | Chunker | Created 1 chunks for section 2.85
2026-08-03 15:25:44,217 | INFO | Chunker | Created 1 chunks for section 2.86
2026-08-03 15:25:44,343 | INFO | Chunker | Created 1 chunks for section 2.87
2026-08-03 15:25:44,475 | INFO | Chunker | Created 1 chunks for section 2.88
2026-08-03 15:25:44,598 | INFO | Chunker | Created 1 chunks for section 2.89
2026-08-03 15:25:44,682 | INFO | Chunker | Created 1 chunks for section 2.90
2026-08-03 15:25:44,816 | INFO | Chunker | Created 1 chunks for section 2.91
2026-08-03 15:25:46,128 | INFO | Chunker | Created 32 chunks for section 2.92
2026-08-03 15:25:46,386 | INFO | Chunker | Created 2 chunks for section 2.93
2026-08-03 15:25:46,480 | INFO | Chunker | Created 1 chunks for section 2.94
2026-08-03 15:25:46,586 | INFO | Chunker | Created 1 chunks for section 2.95
2026-08-03 15:25:46,705 | INFO | Chunker | Created 1 chunks for section 2.96
2026-08-03 15:25:46,802 | INFO | Chunker | Created 1 chunks for section 2.97
2026-08-03 15:25:46,838 | INFO | DGFTKnowledgePipeline | Processing HBP2023_Chapter03.pdf
2026-08-03 15:25:46,840 | INFO | PDFLoader | Loading PDF C:\Users\mabis\OneDrive\Documents\dekai\input\pdf\HBP2023_Chapter03.pdf
2026-08-03 15:25:55,280 | INFO | PDFLoader | Loaded 6 pages from HBP2023_Chapter03.pdf
2026-08-03 15:25:55,308 | INFO | TextCleaner | Cleaned 6 pages
2026-08-03 15:25:55,392 | INFO | RuleExtractor | Extracted 8 section drafts from HBP2023_Chapter03.pdf
2026-08-03 15:25:55,646 | INFO | Chunker | Created 1 chunks for section 3.01
2026-08-03 15:25:55,723 | INFO | Chunker | Created 1 chunks for section 3.02
2026-08-03 15:25:55,864 | INFO | Chunker | Created 2 chunks for section 3.03
2026-08-03 15:25:55,953 | INFO | Chunker | Created 1 chunks for section 3.05
2026-08-03 15:25:56,043 | INFO | Chunker | Created 1 chunks for section 3.06
2026-08-03 15:25:56,127 | INFO | Chunker | Created 1 chunks for section 3.07
2026-08-03 15:25:56,222 | INFO | Chunker | Created 1 chunks for section 3.08
2026-08-03 15:25:56,321 | INFO | Chunker | Created 1 chunks for section 3.09
2026-08-03 15:25:56,343 | INFO | DGFTKnowledgePipeline | Processing HBP2023_Chapter04+as+on+20.04.2026.pdf
2026-08-03 15:25:56,345 | INFO | PDFLoader | Loading PDF C:\Users\mabis\OneDrive\Documents\dekai\input\pdf\HBP2023_Chapter04+as+on+20.04.2026.pdf
2026-08-03 15:26:51,444 | INFO | PDFLoader | Loaded 58 pages from HBP2023_Chapter04+as+on+20.04.2026.pdf
2026-08-03 15:26:51,663 | INFO | TextCleaner | Cleaned 58 pages
2026-08-03 15:26:51,764 | INFO | RuleExtractor | Extracted 99 section drafts from HBP2023_Chapter04+as+on+20.04.2026.pdf
2026-08-03 15:26:55,543 | INFO | Chunker | Created 1 chunks for section 4.01
2026-08-03 15:26:55,723 | INFO | Chunker | Created 1 chunks for section 4.02
2026-08-03 15:26:55,882 | INFO | Chunker | Created 1 chunks for section 4.03
2026-08-03 15:26:56,066 | INFO | Chunker | Created 1 chunks for section 4.04
2026-08-03 15:26:56,709 | INFO | Chunker | Created 1 chunks for section 4.05
2026-08-03 15:26:57,045 | INFO | Chunker | Created 2 chunks for section 4.06
2026-08-03 15:26:57,604 | INFO | Chunker | Created 1 chunks for section 4.07
2026-08-03 15:26:58,059 | INFO | Chunker | Created 1 chunks for section 4.08
2026-08-03 15:26:58,255 | INFO | Chunker | Created 1 chunks for section 4.09
2026-08-03 15:26:58,514 | INFO | Chunker | Created 1 chunks for section 4.10
2026-08-03 15:26:58,582 | INFO | Chunker | Created 1 chunks for section 4.11
2026-08-03 15:26:59,239 | INFO | Chunker | Created 1 chunks for section 4.12
2026-08-03 15:26:59,351 | INFO | Chunker | Created 1 chunks for section 4.13
2026-08-03 15:26:59,640 | INFO | Chunker | Created 1 chunks for section 4.14
2026-08-03 15:26:59,825 | INFO | Chunker | Created 1 chunks for section 4.15
2026-08-03 15:27:00,146 | INFO | Chunker | Created 1 chunks for section 4.16
2026-08-03 15:27:00,603 | INFO | Chunker | Created 1 chunks for section 4.17
2026-08-03 15:27:00,881 | INFO | Chunker | Created 1 chunks for section 4.18
2026-08-03 15:27:01,157 | INFO | Chunker | Created 1 chunks for section 4.19
2026-08-03 15:27:01,449 | INFO | Chunker | Created 1 chunks for section 4.20
2026-08-03 15:27:01,760 | INFO | Chunker | Created 1 chunks for section 4.21
2026-08-03 15:27:02,258 | INFO | Chunker | Created 1 chunks for section 4.22
2026-08-03 15:27:02,412 | INFO | Chunker | Created 1 chunks for section 4.23
2026-08-03 15:27:02,588 | INFO | Chunker | Created 1 chunks for section 4.24
2026-08-03 15:27:02,769 | INFO | Chunker | Created 1 chunks for section 4.25
2026-08-03 15:27:02,943 | INFO | Chunker | Created 1 chunks for section 4.26
2026-08-03 15:27:03,269 | INFO | Chunker | Created 1 chunks for section 4.27
2026-08-03 15:27:03,438 | INFO | Chunker | Created 1 chunks for section 4.28
2026-08-03 15:27:03,595 | INFO | Chunker | Created 1 chunks for section 4.29
2026-08-03 15:27:03,998 | INFO | Chunker | Created 1 chunks for section 4.30
2026-08-03 15:27:04,429 | INFO | Chunker | Created 1 chunks for section 4.31
2026-08-03 15:27:04,839 | INFO | Chunker | Created 1 chunks for section 4.32
2026-08-03 15:27:05,219 | INFO | Chunker | Created 1 chunks for section 4.33
2026-08-03 15:27:05,374 | INFO | Chunker | Created 1 chunks for section 4.34
2026-08-03 15:27:05,600 | INFO | Chunker | Created 2 chunks for section 4.35
2026-08-03 15:27:06,054 | INFO | Chunker | Created 2 chunks for section 4.36
2026-08-03 15:27:06,392 | INFO | Chunker | Created 2 chunks for section 4.37
2026-08-03 15:27:06,566 | INFO | Chunker | Created 1 chunks for section 4.38
2026-08-03 15:27:06,746 | INFO | Chunker | Created 1 chunks for section 4.39
2026-08-03 15:27:07,428 | INFO | Chunker | Created 2 chunks for section 4.40
2026-08-03 15:27:07,588 | INFO | Chunker | Created 1 chunks for section 4.41
2026-08-03 15:27:07,709 | INFO | Chunker | Created 1 chunks for section 4.42
2026-08-03 15:27:08,067 | INFO | Chunker | Created 1 chunks for section 4.43
2026-08-03 15:27:08,457 | INFO | Chunker | Created 1 chunks for section 4.44
2026-08-03 15:27:09,109 | INFO | Chunker | Created 1 chunks for section 4.45
2026-08-03 15:27:09,261 | INFO | Chunker | Created 1 chunks for section 4.46
2026-08-03 15:27:09,699 | INFO | Chunker | Created 1 chunks for section 4.47
2026-08-03 15:27:10,182 | INFO | Chunker | Created 1 chunks for section 4.48
2026-08-03 15:27:10,678 | INFO | Chunker | Created 2 chunks for section 4.49
2026-08-03 15:27:11,167 | INFO | Chunker | Created 1 chunks for section 4.50
2026-08-03 15:27:11,361 | INFO | Chunker | Created 1 chunks for section 4.51
2026-08-03 15:27:11,400 | INFO | Chunker | Created 1 chunks for section 4.52
2026-08-03 15:27:11,639 | INFO | Chunker | Created 1 chunks for section 4.53
2026-08-03 15:27:12,015 | INFO | Chunker | Created 1 chunks for section 4.54
2026-08-03 15:27:12,212 | INFO | Chunker | Created 1 chunks for section 4.55
2026-08-03 15:27:12,381 | INFO | Chunker | Created 1 chunks for section 4.56
2026-08-03 15:27:12,547 | INFO | Chunker | Created 1 chunks for section 4.57
2026-08-03 15:27:12,955 | INFO | Chunker | Created 1 chunks for section 4.58
2026-08-03 15:27:13,107 | INFO | Chunker | Created 1 chunks for section 4.59
2026-08-03 15:27:13,274 | INFO | Chunker | Created 1 chunks for section 4.60
2026-08-03 15:27:13,414 | INFO | Chunker | Created 1 chunks for section 4.61
2026-08-03 15:27:13,561 | INFO | Chunker | Created 1 chunks for section 4.62
2026-08-03 15:27:13,838 | INFO | Chunker | Created 1 chunks for section 4.63
2026-08-03 15:27:14,036 | INFO | Chunker | Created 1 chunks for section 4.64
2026-08-03 15:27:14,255 | INFO | Chunker | Created 1 chunks for section 4.65
2026-08-03 15:27:14,343 | INFO | Chunker | Created 1 chunks for section 4.66
2026-08-03 15:27:14,775 | INFO | Chunker | Created 1 chunks for section 4.67
2026-08-03 15:27:14,964 | INFO | Chunker | Created 1 chunks for section 4.68
2026-08-03 15:27:15,107 | INFO | Chunker | Created 1 chunks for section 4.69
2026-08-03 15:27:15,425 | INFO | Chunker | Created 1 chunks for section 4.70
2026-08-03 15:27:15,722 | INFO | Chunker | Created 1 chunks for section 4.71
2026-08-03 15:27:15,955 | INFO | Chunker | Created 1 chunks for section 4.72
2026-08-03 15:27:16,270 | INFO | Chunker | Created 1 chunks for section 4.73
2026-08-03 15:27:16,896 | INFO | Chunker | Created 1 chunks for section 4.74
2026-08-03 15:27:17,299 | INFO | Chunker | Created 1 chunks for section 4.75
2026-08-03 15:27:17,964 | INFO | Chunker | Created 1 chunks for section 4.76
2026-08-03 15:27:18,399 | INFO | Chunker | Created 1 chunks for section 4.77
2026-08-03 15:27:18,573 | INFO | Chunker | Created 1 chunks for section 4.78
2026-08-03 15:27:18,972 | INFO | Chunker | Created 2 chunks for section 4.79
2026-08-03 15:27:19,155 | INFO | Chunker | Created 1 chunks for section 4.80
2026-08-03 15:27:19,483 | INFO | Chunker | Created 1 chunks for section 4.81
2026-08-03 15:27:19,669 | INFO | Chunker | Created 1 chunks for section 4.82
2026-08-03 15:27:19,988 | INFO | Chunker | Created 1 chunks for section 4.83
2026-08-03 15:27:20,344 | INFO | Chunker | Created 1 chunks for section 4.84
2026-08-03 15:27:20,596 | INFO | Chunker | Created 1 chunks for section 4.85
2026-08-03 15:27:20,825 | INFO | Chunker | Created 1 chunks for section 4.86
2026-08-03 15:27:21,143 | INFO | Chunker | Created 1 chunks for section 4.87
2026-08-03 15:27:21,309 | INFO | Chunker | Created 1 chunks for section 4.88
2026-08-03 15:27:21,466 | INFO | Chunker | Created 1 chunks for section 4.89
2026-08-03 15:27:21,693 | INFO | Chunker | Created 1 chunks for section 4.90
2026-08-03 15:27:21,988 | INFO | Chunker | Created 1 chunks for section 4.91
2026-08-03 15:27:22,350 | INFO | Chunker | Created 1 chunks for section 4.92
2026-08-03 15:27:22,843 | INFO | Chunker | Created 1 chunks for section 4.93
2026-08-03 15:27:23,437 | INFO | Chunker | Created 2 chunks for section 4.94
2026-08-03 15:27:23,608 | INFO | Chunker | Created 1 chunks for section 4.95
2026-08-03 15:27:23,816 | INFO | Chunker | Created 1 chunks for section 4.96
2026-08-03 15:27:24,147 | INFO | Chunker | Created 1 chunks for section 4.97
2026-08-03 15:27:24,322 | INFO | Chunker | Created 1 chunks for section 4.98
2026-08-03 15:27:24,663 | INFO | Chunker | Created 1 chunks for section 4.99
2026-08-03 15:27:24,674 | INFO | DGFTKnowledgePipeline | Processing HBP2023_Chapter05.pdf
2026-08-03 15:27:24,676 | INFO | PDFLoader | Loading PDF C:\Users\mabis\OneDrive\Documents\dekai\input\pdf\HBP2023_Chapter05.pdf
2026-08-03 15:27:34,854 | INFO | PDFLoader | Loaded 15 pages from HBP2023_Chapter05.pdf
2026-08-03 15:27:34,910 | INFO | TextCleaner | Cleaned 15 pages
2026-08-03 15:27:34,937 | INFO | RuleExtractor | Extracted 25 section drafts from HBP2023_Chapter05.pdf
2026-08-03 15:27:36,178 | INFO | Chunker | Created 1 chunks for section 5.01
2026-08-03 15:27:36,288 | INFO | Chunker | Created 1 chunks for section 5.02
2026-08-03 15:27:36,476 | INFO | Chunker | Created 1 chunks for section 5.03
2026-08-03 15:27:36,745 | INFO | Chunker | Created 1 chunks for section 5.04
2026-08-03 15:27:36,800 | INFO | Chunker | Created 1 chunks for section 5.05
2026-08-03 15:27:37,247 | INFO | Chunker | Created 1 chunks for section 5.06
2026-08-03 15:27:37,469 | INFO | Chunker | Created 1 chunks for section 5.07
2026-08-03 15:27:37,748 | INFO | Chunker | Created 1 chunks for section 5.08
2026-08-03 15:27:37,923 | INFO | Chunker | Created 1 chunks for section 5.09
2026-08-03 15:27:38,526 | INFO | Chunker | Created 1 chunks for section 5.10
2026-08-03 15:27:38,615 | INFO | Chunker | Created 1 chunks for section 5.11
2026-08-03 15:27:38,772 | INFO | Chunker | Created 1 chunks for section 5.12
2026-08-03 15:27:39,353 | INFO | Chunker | Created 2 chunks for section 5.13
2026-08-03 15:27:39,645 | INFO | Chunker | Created 1 chunks for section 5.14
2026-08-03 15:27:39,982 | INFO | Chunker | Created 1 chunks for section 5.16
2026-08-03 15:27:40,156 | INFO | Chunker | Created 1 chunks for section 5.17
2026-08-03 15:27:40,312 | INFO | Chunker | Created 1 chunks for section 5.18
2026-08-03 15:27:40,487 | INFO | Chunker | Created 1 chunks for section 5.19
2026-08-03 15:27:40,756 | INFO | Chunker | Created 1 chunks for section 5.20
2026-08-03 15:27:41,221 | INFO | Chunker | Created 1 chunks for section 5.21
2026-08-03 15:27:41,380 | INFO | Chunker | Created 1 chunks for section 5.22
2026-08-03 15:27:41,681 | INFO | Chunker | Created 1 chunks for section 5.23
2026-08-03 15:27:41,916 | INFO | Chunker | Created 1 chunks for section 5.24
2026-08-03 15:27:42,069 | INFO | Chunker | Created 1 chunks for section 5.25
2026-08-03 15:27:42,212 | INFO | Chunker | Created 1 chunks for section 5.26
2026-08-03 15:27:42,250 | INFO | DGFTKnowledgePipeline | Processing HBP-Chapter-6.pdf
2026-08-03 15:27:42,254 | INFO | PDFLoader | Loading PDF C:\Users\mabis\OneDrive\Documents\dekai\input\pdf\HBP-Chapter-6.pdf
2026-08-03 15:27:56,303 | INFO | PDFLoader | Loaded 24 pages from HBP-Chapter-6.pdf
2026-08-03 15:27:56,495 | INFO | TextCleaner | Cleaned 24 pages
2026-08-03 15:27:56,531 | INFO | RuleExtractor | Extracted 41 section drafts from HBP-Chapter-6.pdf
2026-08-03 15:27:58,074 | INFO | Chunker | Created 1 chunks for section 6.00
2026-08-03 15:27:58,378 | INFO | Chunker | Created 2 chunks for section 6.01
2026-08-03 15:27:58,570 | INFO | Chunker | Created 1 chunks for section 6.02
2026-08-03 15:27:58,729 | INFO | Chunker | Created 1 chunks for section 6.03
2026-08-03 15:27:58,893 | INFO | Chunker | Created 1 chunks for section 6.04
2026-08-03 15:27:59,036 | INFO | Chunker | Created 1 chunks for section 6.05
2026-08-03 15:27:59,354 | INFO | Chunker | Created 1 chunks for section 6.06
2026-08-03 15:27:59,645 | INFO | Chunker | Created 1 chunks for section 6.07
2026-08-03 15:27:59,797 | INFO | Chunker | Created 1 chunks for section 6.08
2026-08-03 15:28:00,126 | INFO | Chunker | Created 1 chunks for section 6.09
2026-08-03 15:28:00,660 | INFO | Chunker | Created 1 chunks for section 6.10
2026-08-03 15:28:00,957 | INFO | Chunker | Created 1 chunks for section 6.11
2026-08-03 15:28:01,154 | INFO | Chunker | Created 1 chunks for section 6.12
2026-08-03 15:28:01,340 | INFO | Chunker | Created 1 chunks for section 6.13
2026-08-03 15:28:01,495 | INFO | Chunker | Created 1 chunks for section 6.14
2026-08-03 15:28:01,650 | INFO | Chunker | Created 1 chunks for section 6.15
2026-08-03 15:28:01,799 | INFO | Chunker | Created 1 chunks for section 6.16
2026-08-03 15:28:01,993 | INFO | Chunker | Created 1 chunks for section 6.17
2026-08-03 15:28:02,069 | INFO | Chunker | Created 1 chunks for section 6.18
2026-08-03 15:28:02,371 | INFO | Chunker | Created 1 chunks for section 6.19
2026-08-03 15:28:02,833 | INFO | Chunker | Created 2 chunks for section 6.20
2026-08-03 15:28:03,050 | INFO | Chunker | Created 1 chunks for section 6.22
2026-08-03 15:28:03,271 | INFO | Chunker | Created 1 chunks for section 6.23
2026-08-03 15:28:03,781 | INFO | Chunker | Created 1 chunks for section 6.24
2026-08-03 15:28:04,005 | INFO | Chunker | Created 1 chunks for section 6.25
2026-08-03 15:28:04,267 | INFO | Chunker | Created 1 chunks for section 6.26
2026-08-03 15:28:04,395 | INFO | Chunker | Created 1 chunks for section 6.27
2026-08-03 15:28:04,520 | INFO | Chunker | Created 1 chunks for section 6.28
2026-08-03 15:28:04,712 | INFO | Chunker | Created 1 chunks for section 6.29
2026-08-03 15:28:04,896 | INFO | Chunker | Created 1 chunks for section 6.30
2026-08-03 15:28:05,057 | INFO | Chunker | Created 1 chunks for section 6.31
2026-08-03 15:28:05,373 | INFO | Chunker | Created 1 chunks for section 6.32
2026-08-03 15:28:05,555 | INFO | Chunker | Created 1 chunks for section 6.33
2026-08-03 15:28:06,020 | INFO | Chunker | Created 1 chunks for section 6.34
2026-08-03 15:28:06,090 | INFO | Chunker | Created 1 chunks for section 6.35
2026-08-03 15:28:06,417 | INFO | Chunker | Created 1 chunks for section 6.36
2026-08-03 15:28:06,606 | INFO | Chunker | Created 1 chunks for section 6.37
2026-08-03 15:28:06,919 | INFO | Chunker | Created 1 chunks for section 6.38
2026-08-03 15:28:07,301 | INFO | Chunker | Created 1 chunks for section 6.39
2026-08-03 15:28:07,665 | INFO | Chunker | Created 1 chunks for section 6.40
2026-08-03 15:28:07,806 | INFO | Chunker | Created 1 chunks for section 6.41
2026-08-03 15:28:07,832 | INFO | DGFTKnowledgePipeline | Processing Chapter-7-of-HBP-2023.pdf
2026-08-03 15:28:07,834 | INFO | PDFLoader | Loading PDF C:\Users\mabis\OneDrive\Documents\dekai\input\pdf\Chapter-7-of-HBP-2023.pdf
2026-08-03 15:28:10,611 | INFO | PDFLoader | Loaded 6 pages from Chapter-7-of-HBP-2023.pdf
2026-08-03 15:28:10,629 | INFO | TextCleaner | Cleaned 6 pages
2026-08-03 15:28:10,638 | INFO | RuleExtractor | Extracted 12 section drafts from Chapter-7-of-HBP-2023.pdf
2026-08-03 15:28:11,265 | INFO | Chunker | Created 1 chunks for section 7.00
2026-08-03 15:28:11,464 | INFO | Chunker | Created 1 chunks for section 7.01
2026-08-03 15:28:11,784 | INFO | Chunker | Created 1 chunks for section 7.02
2026-08-03 15:28:12,141 | INFO | Chunker | Created 1 chunks for section 7.03
2026-08-03 15:28:12,367 | INFO | Chunker | Created 1 chunks for section 7.04
2026-08-03 15:28:12,866 | INFO | Chunker | Created 1 chunks for section 7.05
2026-08-03 15:28:13,033 | INFO | Chunker | Created 1 chunks for section 7.06
2026-08-03 15:28:13,167 | INFO | Chunker | Created 1 chunks for section 7.07
2026-08-03 15:28:13,232 | INFO | Chunker | Created 1 chunks for section 7.08
2026-08-03 15:28:13,412 | INFO | Chunker | Created 1 chunks for section 7.09
2026-08-03 15:28:13,721 | INFO | Chunker | Created 1 chunks for section 7.10
2026-08-03 15:28:13,779 | INFO | Chunker | Created 1 chunks for section 7.11
2026-08-03 15:28:13,909 | INFO | DGFTKnowledgePipeline | Processing HBP2023_Chapter08.pdf
2026-08-03 15:28:13,910 | INFO | PDFLoader | Loading PDF C:\Users\mabis\OneDrive\Documents\dekai\input\pdf\HBP2023_Chapter08.pdf
2026-08-03 15:28:15,155 | INFO | PDFLoader | Loaded 4 pages from HBP2023_Chapter08.pdf
2026-08-03 15:28:15,164 | INFO | TextCleaner | Cleaned 4 pages
2026-08-03 15:28:15,170 | INFO | RuleExtractor | Extracted 5 section drafts from HBP2023_Chapter08.pdf
2026-08-03 15:28:15,645 | INFO | Chunker | Created 1 chunks for section 8.01
2026-08-03 15:28:15,793 | INFO | Chunker | Created 1 chunks for section 8.02
2026-08-03 15:28:15,866 | INFO | Chunker | Created 1 chunks for section 8.03
2026-08-03 15:28:16,004 | INFO | Chunker | Created 1 chunks for section 8.04
2026-08-03 15:28:16,164 | INFO | Chunker | Created 1 chunks for section 8.05
2026-08-03 15:28:16,190 | INFO | DGFTKnowledgePipeline | Processing HBP2023_Chapter09.pdf
2026-08-03 15:28:16,191 | INFO | PDFLoader | Loading PDF C:\Users\mabis\OneDrive\Documents\dekai\input\pdf\HBP2023_Chapter09.pdf
2026-08-03 15:28:16,921 | INFO | PDFLoader | Loaded 2 pages from HBP2023_Chapter09.pdf
2026-08-03 15:28:16,926 | INFO | TextCleaner | Cleaned 2 pages
2026-08-03 15:28:16,930 | INFO | RuleExtractor | Extracted 3 section drafts from HBP2023_Chapter09.pdf
2026-08-03 15:28:17,194 | INFO | Chunker | Created 1 chunks for section 9.00
2026-08-03 15:28:17,355 | INFO | Chunker | Created 1 chunks for section 9.01
2026-08-03 15:28:17,495 | INFO | Chunker | Created 1 chunks for section 9.02
2026-08-03 15:28:17,590 | INFO | DGFTKnowledgePipeline | Processing Chapter+10+HBP+(19.05.2026).pdf
2026-08-03 15:28:17,591 | INFO | PDFLoader | Loading PDF C:\Users\mabis\OneDrive\Documents\dekai\input\pdf\Chapter+10+HBP+(19.05.2026).pdf
2026-08-03 15:28:44,400 | INFO | PDFLoader | Loaded 48 pages from Chapter+10+HBP+(19.05.2026).pdf
2026-08-03 15:28:44,738 | INFO | TextCleaner | Cleaned 48 pages
2026-08-03 15:28:44,908 | INFO | RuleExtractor | Extracted 21 section drafts from Chapter+10+HBP+(19.05.2026).pdf
2026-08-03 15:28:47,624 | INFO | Chunker | Created 1 chunks for section 10.00
2026-08-03 15:28:47,778 | INFO | Chunker | Created 1 chunks for section 10.01
2026-08-03 15:28:47,961 | INFO | Chunker | Created 1 chunks for section 10.02
2026-08-03 15:28:48,149 | INFO | Chunker | Created 1 chunks for section 10.03
2026-08-03 15:28:48,447 | INFO | Chunker | Created 1 chunks for section 10.04
2026-08-03 15:28:48,778 | INFO | Chunker | Created 1 chunks for section 10.05
2026-08-03 15:28:49,027 | INFO | Chunker | Created 1 chunks for section 10.06
2026-08-03 15:28:49,159 | INFO | Chunker | Created 1 chunks for section 10.07
2026-08-03 15:28:49,353 | INFO | Chunker | Created 1 chunks for section 10.08
2026-08-03 15:28:50,414 | INFO | Chunker | Created 5 chunks for section 10.09
2026-08-03 15:28:50,575 | INFO | Chunker | Created 1 chunks for section 10.11
2026-08-03 15:28:51,423 | INFO | Chunker | Created 8 chunks for section 10.12
2026-08-03 15:28:51,918 | INFO | Chunker | Created 2 chunks for section 10.13
2026-08-03 15:28:52,170 | INFO | Chunker | Created 1 chunks for section 10.14
2026-08-03 15:28:52,434 | INFO | Chunker | Created 1 chunks for section 10.15
2026-08-03 15:28:53,179 | INFO | Chunker | Created 11 chunks for section 10.15
2026-08-03 15:28:53,727 | INFO | Chunker | Created 7 chunks for section 10.16
2026-08-03 15:28:54,234 | INFO | Chunker | Created 2 chunks for section 10.17
2026-08-03 15:28:54,474 | INFO | Chunker | Created 1 chunks for section 10.18
2026-08-03 15:28:55,011 | INFO | Chunker | Created 4 chunks for section 10.19
2026-08-03 15:28:55,269 | INFO | Chunker | Created 1 chunks for section 10.20
2026-08-03 15:28:56,072 | INFO | DGFTKnowledgePipeline | Processing TradeNetDeclaration.IPTDEC Ver2.1 (2).pdf
2026-08-03 15:28:56,074 | INFO | PDFLoader | Loading PDF C:\Users\mabis\OneDrive\Documents\dekai\input\pdf\TradeNetDeclaration.IPTDEC Ver2.1 (2).pdf
2026-08-03 15:29:10,151 | INFO | PDFLoader | Loaded 20 pages from TradeNetDeclaration.IPTDEC Ver2.1 (2).pdf
2026-08-03 15:29:10,249 | INFO | TextCleaner | Cleaned 20 pages
2026-08-03 15:29:10,287 | INFO | RuleExtractor | Extracted 2 section drafts from TradeNetDeclaration.IPTDEC Ver2.1 (2).pdf
2026-08-03 15:29:11,175 | INFO | Chunker | Created 1 chunks for section 3.1
2026-08-03 15:29:13,285 | INFO | Chunker | Created 15 chunks for section 5.1
2026-08-03 15:56:48,008 | INFO | services.chat_service | dekai_retrieval {"question": "what is iptdec?", "detected_intent": "Question Answering", "detected_topic": "General Question", "knowledge_source": ["FTP", "HBP", "DGFT Policy"], "retrieved_documents": ["HBP Chapter 2.pdf", "HBP2023_Chapter04+as+on+20.04.2026.pdf", "HBP-Chapter-6.pdf", "Chapter+10+HBP+(19.05.2026).pdf"], "similarity_score": 0.75, "selected_chunks": ["2.77-1", "4.97-1"], "reason_for_selection": "Accepted the relevant DGFT section(s) after intent detection, chapter/section filtering, and complete-section grounding.", "user_question": "what is iptdec?", "detected_entities": ["what", "is", "iptdec"], "detected_hs_code": [], "metadata_results_count": 0, "bm25_results_count": 20, "vector_results_count": 20, "merged_results_count": 12, "top_ranked_chunks": [{"id": "2.77", "title": "2.77 Registering Authorities", "sectionId": "2.77", "documentName": "HBP Chapter 2.pdf", "score": 8.9913, "confidence": 0.75, "rankingReasons": ["keyword_match"], "matchedQueries": ["what is iptdec?"]}, {"id": "2.77-1", "title": "2.77 Registering Authorities", "sectionId": "2.77", "documentName": "HBP Chapter 2.pdf", "score": 8.1519, "confidence": 0.75, "rankingReasons": ["keyword_match"], "matchedQueries": ["what is iptdec?"]}, {"id": "4.97-1", "title": "4.97 General Provision", "sectionId": "4.97", "documentName": "HBP2023_Chapter04+as+on+20.04.2026.pdf", "score": 7.9665, "confidence": 0.75, "rankingReasons": ["keyword_match"], "matchedQueries": ["what is iptdec?"]}, {"id": "CH6-SEC6_40-R002", "title": "Time Bound Disposal of Applications", "sectionId": "6.40", "documentName": "HBP-Chapter-6.pdf", "score": 7.4603, "confidence": 0.75, "rankingReasons": ["keyword_match"], "matchedQueries": ["what is iptdec?"]}, {"id": "2.77-workflow", "title": "Registering Authorities", "sectionId": "2.77", "documentName": "HBP Chapter 2.pdf", "score": 6.7384, "confidence": 0.75, "rankingReasons": ["keyword_match"], "matchedQueries": ["what is iptdec?"]}], "selected_chunk": ["2.77-1"], "final_prompt": "Question: what is iptdec?\nDetected intent: General Question\nDetected entities: what, is, iptdec\nSelected sections: 2.77 Registering Authorities, 4.49 Regularisation of Bonafide Default, 4.97 General Provision, 6.40 Time Bound Disposal of Applications, 10.16 General Authorisation for Export of Chemicals and related, 10.02 SCOMET categories and licensing jurisdiction\nSelected chunks: 2.77-1, 4.97-1", "llm_response": "Based on the uploaded documents:\n- 2.77 Registering Authorities (a) Registering Authority is a body notified by DGFT in this regard to register importers/ exporters as its members by issuing RCMC.\n- 4.49 Regularisation of Bonafide Default Cases of bonafide default in fulfilment of Export Obligation may be regularised by Regional Authority as under: (a) If Export Obligation is fulfilled in terms of value, but ther...\n- 4.97 General Provision i.\n- 6.40 Time Bound Disposal of Applications DC shall dispose of applications expeditiously.\n\nKey requirements:\n- 10.02 SCOMET categories and licensing jurisdiction Export of dual use items, munitions and nuclear related items, including software and technology, covered under SCOMET list are permitted against an export authorisat...\n- Licensing authorities for various categories of SCOMET items, as specified in Appendix 3 to Schedule 2 of ITC (HS) and tabulated under Para 10.03 of FTP are as under: (a) The DGFT is the licensing authority for all SC...\n- Applicable guidelines are notified by the DAE for Nuclear Transfers (Exports) and Notification of schedule of Prescribed Substances, Prescribed Equipment and Technology\" issued under Atomic Energy Act 1962 and Atomic...\n- Authorisations for export of certain items in Category 0 will not be granted unless transfer is under adequate physical protection and is covered by appropriate International Atomic Energy Agency (IAEA) safeguards, or...\n- SCOMET, is specified in Chapter 10 of FTP.\n- In respect of export/re-export of SCOMET items under the Categories / Sub Categories of 1C, 1D,1E, 3D001 and 3D004 (excluding software and technology), as well as chemicals listed in the Appendix 10(N), to the specifi...\n\nSources:\n- HBP Chapter 2.pdf | HBP Chapter 2 | 2.77 Registering Authorities | Pages 34\n- HBP2023_Chapter04+as+on+20.04.2026.pdf | HBP Chapter 4 | 4.49 Regularisation of Bonafide Default | Pages 29, 30, 31\n- HBP2023_Chapter04+as+on+20.04.2026.pdf | HBP Chapter 4 | 4.97 General Provision | Pages 56, 57\n- HBP-Chapter-6.pdf | HBP Chapter 6 | 6.40 Time Bound Disposal of Applications | Pages 23, 24\n- Chapter+10+HBP+(19.05.2026).pdf | HBP Chapter 10 | 10.16 General Authorisation for Export of Chemicals and related | Pages 35, 36, 37, 38, 39, 40"}
2026-08-03 16:02:34,200 | INFO | DGFTKnowledgePipeline | Processing HBP2023_Chapter01.pdf
2026-08-03 16:02:34,201 | INFO | PDFLoader | Loading PDF C:\Users\mabis\OneDrive\Documents\dekai\input\pdf\HBP2023_Chapter01.pdf
2026-08-03 16:02:35,144 | INFO | PDFLoader | Loaded 7 pages from HBP2023_Chapter01.pdf
2026-08-03 16:02:35,157 | INFO | TextCleaner | Cleaned 7 pages
2026-08-03 16:02:35,168 | INFO | RuleExtractor | Extracted 12 section drafts from HBP2023_Chapter01.pdf
2026-08-03 16:02:35,385 | INFO | Chunker | Created 1 chunks for section 1.01
2026-08-03 16:02:35,424 | INFO | Chunker | Created 1 chunks for section 1.02
2026-08-03 16:02:35,463 | INFO | Chunker | Created 1 chunks for section 1.03
2026-08-03 16:02:35,544 | INFO | Chunker | Created 2 chunks for section 1.04
2026-08-03 16:02:35,611 | INFO | Chunker | Created 1 chunks for section 1.05
2026-08-03 16:02:35,670 | INFO | Chunker | Created 1 chunks for section 1.06
2026-08-03 16:02:35,744 | INFO | Chunker | Created 1 chunks for section 1.07
2026-08-03 16:02:35,820 | INFO | Chunker | Created 1 chunks for section 1.08
2026-08-03 16:02:35,892 | INFO | Chunker | Created 1 chunks for section 1.09
2026-08-03 16:02:35,961 | INFO | Chunker | Created 1 chunks for section 1.10
2026-08-03 16:02:36,173 | INFO | Chunker | Created 1 chunks for section 1.11
2026-08-03 16:02:36,268 | INFO | Chunker | Created 1 chunks for section 1.12
2026-08-03 16:02:36,286 | INFO | DGFTKnowledgePipeline | Processing HBP Chapter 2.pdf
2026-08-03 16:02:36,286 | INFO | PDFLoader | Loading PDF C:\Users\mabis\OneDrive\Documents\dekai\input\pdf\HBP Chapter 2.pdf
2026-08-03 16:02:46,466 | INFO | PDFLoader | Loaded 52 pages from HBP Chapter 2.pdf
2026-08-03 16:02:46,680 | INFO | TextCleaner | Cleaned 52 pages
2026-08-03 16:02:47,141 | INFO | RuleExtractor | Extracted 99 section drafts from HBP Chapter 2.pdf
2026-08-03 16:02:48,394 | INFO | Chunker | Created 1 chunks for section 2.00
2026-08-03 16:02:48,443 | INFO | Chunker | Created 1 chunks for section 2.01
2026-08-03 16:02:48,494 | INFO | Chunker | Created 1 chunks for section 2.02
2026-08-03 16:02:48,560 | INFO | Chunker | Created 1 chunks for section 2.03
2026-08-03 16:02:48,636 | INFO | Chunker | Created 1 chunks for section 2.04
2026-08-03 16:02:48,704 | INFO | Chunker | Created 1 chunks for section 2.05
2026-08-03 16:02:48,761 | INFO | Chunker | Created 1 chunks for section 2.06
2026-08-03 16:02:48,879 | INFO | Chunker | Created 1 chunks for section 2.07
2026-08-03 16:02:49,122 | INFO | Chunker | Created 1 chunks for section 2.08
2026-08-03 16:02:49,199 | INFO | Chunker | Created 1 chunks for section 2.09
2026-08-03 16:02:49,259 | INFO | Chunker | Created 1 chunks for section 2.10
2026-08-03 16:02:49,322 | INFO | Chunker | Created 1 chunks for section 2.11
2026-08-03 16:02:49,376 | INFO | Chunker | Created 1 chunks for section 2.12
2026-08-03 16:02:49,444 | INFO | Chunker | Created 1 chunks for section 2.13
2026-08-03 16:02:49,541 | INFO | Chunker | Created 1 chunks for section 2.14
2026-08-03 16:02:49,626 | INFO | Chunker | Created 1 chunks for section 2.15
2026-08-03 16:02:49,801 | INFO | Chunker | Created 1 chunks for section 2.16
2026-08-03 16:02:49,869 | INFO | Chunker | Created 1 chunks for section 2.17
2026-08-03 16:02:49,943 | INFO | Chunker | Created 1 chunks for section 2.18
2026-08-03 16:02:50,003 | INFO | Chunker | Created 1 chunks for section 2.19
2026-08-03 16:02:50,183 | INFO | Chunker | Created 1 chunks for section 2.20
2026-08-03 16:02:50,292 | INFO | Chunker | Created 1 chunks for section 2.21
2026-08-03 16:02:50,371 | INFO | Chunker | Created 1 chunks for section 2.22
2026-08-03 16:02:50,457 | INFO | Chunker | Created 1 chunks for section 2.23
2026-08-03 16:02:50,554 | INFO | Chunker | Created 1 chunks for section 2.24
2026-08-03 16:02:50,623 | INFO | Chunker | Created 1 chunks for section 2.25
2026-08-03 16:02:50,707 | INFO | Chunker | Created 1 chunks for section 2.26
2026-08-03 16:02:50,783 | INFO | Chunker | Created 1 chunks for section 2.27
2026-08-03 16:02:50,843 | INFO | Chunker | Created 1 chunks for section 2.28
2026-08-03 16:02:50,932 | INFO | Chunker | Created 1 chunks for section 2.29
2026-08-03 16:02:51,023 | INFO | Chunker | Created 1 chunks for section 2.29
2026-08-03 16:02:51,136 | INFO | Chunker | Created 1 chunks for section 2.30
2026-08-03 16:02:51,256 | INFO | Chunker | Created 1 chunks for section 2.31
2026-08-03 16:02:51,323 | INFO | Chunker | Created 1 chunks for section 2.32
2026-08-03 16:02:51,402 | INFO | Chunker | Created 1 chunks for section 2.33
2026-08-03 16:02:51,506 | INFO | Chunker | Created 1 chunks for section 2.34
2026-08-03 16:02:51,586 | INFO | Chunker | Created 1 chunks for section 2.35
2026-08-03 16:02:51,743 | INFO | Chunker | Created 1 chunks for section 2.36
2026-08-03 16:02:51,857 | INFO | Chunker | Created 1 chunks for section 2.37
2026-08-03 16:02:51,926 | INFO | Chunker | Created 1 chunks for section 2.38
2026-08-03 16:02:52,004 | INFO | Chunker | Created 1 chunks for section 2.39
2026-08-03 16:02:52,153 | INFO | Chunker | Created 1 chunks for section 2.40
2026-08-03 16:02:52,302 | INFO | Chunker | Created 1 chunks for section 2.41
2026-08-03 16:02:52,359 | INFO | Chunker | Created 1 chunks for section 2.42
2026-08-03 16:02:52,455 | INFO | Chunker | Created 1 chunks for section 2.43
2026-08-03 16:02:52,619 | INFO | Chunker | Created 1 chunks for section 2.44
2026-08-03 16:02:52,756 | INFO | Chunker | Created 1 chunks for section 2.45
2026-08-03 16:02:53,019 | INFO | Chunker | Created 1 chunks for section 2.46
2026-08-03 16:02:53,125 | INFO | Chunker | Created 1 chunks for section 2.47
2026-08-03 16:02:53,313 | INFO | Chunker | Created 1 chunks for section 2.48
2026-08-03 16:02:53,460 | INFO | Chunker | Created 1 chunks for section 2.49
2026-08-03 16:02:53,536 | INFO | Chunker | Created 1 chunks for section 2.50
2026-08-03 16:02:53,735 | INFO | Chunker | Created 18 chunks for section 2.51
2026-08-03 16:02:53,863 | INFO | Chunker | Created 1 chunks for section 2.52
2026-08-03 16:02:53,984 | INFO | Chunker | Created 1 chunks for section 2.53
2026-08-03 16:02:54,043 | INFO | Chunker | Created 1 chunks for section 2.54
2026-08-03 16:02:54,092 | INFO | Chunker | Created 1 chunks for section 2.55
2026-08-03 16:02:54,163 | INFO | Chunker | Created 1 chunks for section 2.56
2026-08-03 16:02:54,232 | INFO | Chunker | Created 1 chunks for section 2.57
2026-08-03 16:02:54,311 | INFO | Chunker | Created 1 chunks for section 2.58
2026-08-03 16:02:54,411 | INFO | Chunker | Created 1 chunks for section 2.59
2026-08-03 16:02:54,593 | INFO | Chunker | Created 1 chunks for section 2.60
2026-08-03 16:02:54,687 | INFO | Chunker | Created 1 chunks for section 2.61
2026-08-03 16:02:54,766 | INFO | Chunker | Created 1 chunks for section 2.62
2026-08-03 16:02:54,828 | INFO | Chunker | Created 1 chunks for section 2.63
2026-08-03 16:02:54,960 | INFO | Chunker | Created 1 chunks for section 2.64
2026-08-03 16:02:55,098 | INFO | Chunker | Created 1 chunks for section 2.65
2026-08-03 16:02:55,167 | INFO | Chunker | Created 1 chunks for section 2.66
2026-08-03 16:02:55,251 | INFO | Chunker | Created 1 chunks for section 2.67
2026-08-03 16:02:55,339 | INFO | Chunker | Created 1 chunks for section 2.68
2026-08-03 16:02:55,459 | INFO | Chunker | Created 1 chunks for section 2.69
2026-08-03 16:02:55,597 | INFO | Chunker | Created 1 chunks for section 2.70
2026-08-03 16:02:55,691 | INFO | Chunker | Created 1 chunks for section 2.71
2026-08-03 16:02:55,755 | INFO | Chunker | Created 1 chunks for section 2.72
2026-08-03 16:02:55,820 | INFO | Chunker | Created 1 chunks for section 2.73
2026-08-03 16:02:55,886 | INFO | Chunker | Created 1 chunks for section 2.74
2026-08-03 16:02:55,950 | INFO | Chunker | Created 1 chunks for section 2.75
2026-08-03 16:02:56,116 | INFO | Chunker | Created 2 chunks for section 2.76
2026-08-03 16:02:56,236 | INFO | Chunker | Created 1 chunks for section 2.77
2026-08-03 16:02:56,376 | INFO | Chunker | Created 1 chunks for section 2.78
2026-08-03 16:02:56,508 | INFO | Chunker | Created 1 chunks for section 2.79
2026-08-03 16:02:56,658 | INFO | Chunker | Created 1 chunks for section 2.80
2026-08-03 16:02:56,825 | INFO | Chunker | Created 1 chunks for section 2.81
2026-08-03 16:02:56,941 | INFO | Chunker | Created 1 chunks for section 2.82
2026-08-03 16:02:57,014 | INFO | Chunker | Created 1 chunks for section 2.83
2026-08-03 16:02:57,092 | INFO | Chunker | Created 1 chunks for section 2.84
2026-08-03 16:02:57,157 | INFO | Chunker | Created 1 chunks for section 2.85
2026-08-03 16:02:57,237 | INFO | Chunker | Created 1 chunks for section 2.86
2026-08-03 16:02:57,314 | INFO | Chunker | Created 1 chunks for section 2.87
2026-08-03 16:02:57,401 | INFO | Chunker | Created 1 chunks for section 2.88
2026-08-03 16:02:57,482 | INFO | Chunker | Created 1 chunks for section 2.89
2026-08-03 16:02:57,566 | INFO | Chunker | Created 1 chunks for section 2.90
2026-08-03 16:02:57,684 | INFO | Chunker | Created 1 chunks for section 2.91
2026-08-03 16:02:58,046 | INFO | Chunker | Created 32 chunks for section 2.92
2026-08-03 16:02:58,255 | INFO | Chunker | Created 2 chunks for section 2.93
2026-08-03 16:02:58,310 | INFO | Chunker | Created 1 chunks for section 2.94
2026-08-03 16:02:58,360 | INFO | Chunker | Created 1 chunks for section 2.95
2026-08-03 16:02:58,427 | INFO | Chunker | Created 1 chunks for section 2.96
2026-08-03 16:02:58,491 | INFO | Chunker | Created 1 chunks for section 2.97
2026-08-03 16:02:58,505 | INFO | DGFTKnowledgePipeline | Processing HBP2023_Chapter03.pdf
2026-08-03 16:02:58,506 | INFO | PDFLoader | Loading PDF C:\Users\mabis\OneDrive\Documents\dekai\input\pdf\HBP2023_Chapter03.pdf
2026-08-03 16:02:59,603 | INFO | PDFLoader | Loaded 6 pages from HBP2023_Chapter03.pdf
2026-08-03 16:02:59,618 | INFO | TextCleaner | Cleaned 6 pages
2026-08-03 16:02:59,638 | INFO | RuleExtractor | Extracted 8 section drafts from HBP2023_Chapter03.pdf
2026-08-03 16:02:59,788 | INFO | Chunker | Created 1 chunks for section 3.01
2026-08-03 16:02:59,831 | INFO | Chunker | Created 1 chunks for section 3.02
2026-08-03 16:02:59,902 | INFO | Chunker | Created 2 chunks for section 3.03
2026-08-03 16:02:59,980 | INFO | Chunker | Created 1 chunks for section 3.05
2026-08-03 16:03:00,060 | INFO | Chunker | Created 1 chunks for section 3.06
2026-08-03 16:03:00,130 | INFO | Chunker | Created 1 chunks for section 3.07
2026-08-03 16:03:00,210 | INFO | Chunker | Created 1 chunks for section 3.08
2026-08-03 16:03:00,268 | INFO | Chunker | Created 1 chunks for section 3.09
2026-08-03 16:03:00,282 | INFO | DGFTKnowledgePipeline | Processing HBP2023_Chapter04+as+on+20.04.2026.pdf
2026-08-03 16:03:00,282 | INFO | PDFLoader | Loading PDF C:\Users\mabis\OneDrive\Documents\dekai\input\pdf\HBP2023_Chapter04+as+on+20.04.2026.pdf
2026-08-03 16:03:12,030 | INFO | PDFLoader | Loaded 58 pages from HBP2023_Chapter04+as+on+20.04.2026.pdf
2026-08-03 16:03:12,166 | INFO | TextCleaner | Cleaned 58 pages
2026-08-03 16:03:12,270 | INFO | RuleExtractor | Extracted 99 section drafts from HBP2023_Chapter04+as+on+20.04.2026.pdf
2026-08-03 16:03:13,621 | INFO | Chunker | Created 1 chunks for section 4.01
2026-08-03 16:03:13,686 | INFO | Chunker | Created 1 chunks for section 4.02
2026-08-03 16:03:13,740 | INFO | Chunker | Created 1 chunks for section 4.03
2026-08-03 16:03:13,800 | INFO | Chunker | Created 1 chunks for section 4.04
2026-08-03 16:03:13,886 | INFO | Chunker | Created 1 chunks for section 4.05
2026-08-03 16:03:14,018 | INFO | Chunker | Created 2 chunks for section 4.06
2026-08-03 16:03:14,158 | INFO | Chunker | Created 1 chunks for section 4.07
2026-08-03 16:03:14,261 | INFO | Chunker | Created 1 chunks for section 4.08
2026-08-03 16:03:14,348 | INFO | Chunker | Created 1 chunks for section 4.09
2026-08-03 16:03:14,435 | INFO | Chunker | Created 1 chunks for section 4.10
2026-08-03 16:03:14,498 | INFO | Chunker | Created 1 chunks for section 4.11
2026-08-03 16:03:14,615 | INFO | Chunker | Created 1 chunks for section 4.12
2026-08-03 16:03:14,689 | INFO | Chunker | Created 1 chunks for section 4.13
2026-08-03 16:03:14,807 | INFO | Chunker | Created 1 chunks for section 4.14
2026-08-03 16:03:14,945 | INFO | Chunker | Created 1 chunks for section 4.15
2026-08-03 16:03:15,038 | INFO | Chunker | Created 1 chunks for section 4.16
2026-08-03 16:03:15,120 | INFO | Chunker | Created 1 chunks for section 4.17
2026-08-03 16:03:15,190 | INFO | Chunker | Created 1 chunks for section 4.18
2026-08-03 16:03:15,269 | INFO | Chunker | Created 1 chunks for section 4.19
2026-08-03 16:03:15,357 | INFO | Chunker | Created 1 chunks for section 4.20
2026-08-03 16:03:15,431 | INFO | Chunker | Created 1 chunks for section 4.21
2026-08-03 16:03:15,506 | INFO | Chunker | Created 1 chunks for section 4.22
2026-08-03 16:03:15,582 | INFO | Chunker | Created 1 chunks for section 4.23
2026-08-03 16:03:15,734 | INFO | Chunker | Created 1 chunks for section 4.24
2026-08-03 16:03:15,787 | INFO | Chunker | Created 1 chunks for section 4.25
2026-08-03 16:03:15,862 | INFO | Chunker | Created 1 chunks for section 4.26
2026-08-03 16:03:15,937 | INFO | Chunker | Created 1 chunks for section 4.27
2026-08-03 16:03:15,993 | INFO | Chunker | Created 1 chunks for section 4.28
2026-08-03 16:03:16,049 | INFO | Chunker | Created 1 chunks for section 4.29
2026-08-03 16:03:16,141 | INFO | Chunker | Created 1 chunks for section 4.30
2026-08-03 16:03:16,211 | INFO | Chunker | Created 1 chunks for section 4.31
2026-08-03 16:03:16,317 | INFO | Chunker | Created 1 chunks for section 4.32
2026-08-03 16:03:16,516 | INFO | Chunker | Created 1 chunks for section 4.33
2026-08-03 16:03:16,586 | INFO | Chunker | Created 1 chunks for section 4.34
2026-08-03 16:03:16,690 | INFO | Chunker | Created 2 chunks for section 4.35
2026-08-03 16:03:16,807 | INFO | Chunker | Created 2 chunks for section 4.36
2026-08-03 16:03:16,922 | INFO | Chunker | Created 2 chunks for section 4.37
2026-08-03 16:03:17,002 | INFO | Chunker | Created 1 chunks for section 4.38
2026-08-03 16:03:17,100 | INFO | Chunker | Created 1 chunks for section 4.39
2026-08-03 16:03:17,261 | INFO | Chunker | Created 2 chunks for section 4.40
2026-08-03 16:03:17,319 | INFO | Chunker | Created 1 chunks for section 4.41
2026-08-03 16:03:17,388 | INFO | Chunker | Created 1 chunks for section 4.42
2026-08-03 16:03:17,519 | INFO | Chunker | Created 1 chunks for section 4.43
2026-08-03 16:03:17,716 | INFO | Chunker | Created 1 chunks for section 4.44
2026-08-03 16:03:17,815 | INFO | Chunker | Created 1 chunks for section 4.45
2026-08-03 16:03:17,864 | INFO | Chunker | Created 1 chunks for section 4.46
2026-08-03 16:03:17,954 | INFO | Chunker | Created 1 chunks for section 4.47
2026-08-03 16:03:18,051 | INFO | Chunker | Created 1 chunks for section 4.48
2026-08-03 16:03:18,215 | INFO | Chunker | Created 2 chunks for section 4.49
2026-08-03 16:03:18,353 | INFO | Chunker | Created 1 chunks for section 4.50
2026-08-03 16:03:18,419 | INFO | Chunker | Created 1 chunks for section 4.51
2026-08-03 16:03:18,469 | INFO | Chunker | Created 1 chunks for section 4.52
2026-08-03 16:03:18,557 | INFO | Chunker | Created 1 chunks for section 4.53
2026-08-03 16:03:18,611 | INFO | Chunker | Created 1 chunks for section 4.54
2026-08-03 16:03:18,678 | INFO | Chunker | Created 1 chunks for section 4.55
2026-08-03 16:03:18,748 | INFO | Chunker | Created 1 chunks for section 4.56
2026-08-03 16:03:18,807 | INFO | Chunker | Created 1 chunks for section 4.57
2026-08-03 16:03:18,938 | INFO | Chunker | Created 1 chunks for section 4.58
2026-08-03 16:03:19,038 | INFO | Chunker | Created 1 chunks for section 4.59
2026-08-03 16:03:19,119 | INFO | Chunker | Created 1 chunks for section 4.60
2026-08-03 16:03:19,171 | INFO | Chunker | Created 1 chunks for section 4.61
2026-08-03 16:03:19,228 | INFO | Chunker | Created 1 chunks for section 4.62
2026-08-03 16:03:19,305 | INFO | Chunker | Created 1 chunks for section 4.63
2026-08-03 16:03:19,388 | INFO | Chunker | Created 1 chunks for section 4.64
2026-08-03 16:03:19,491 | INFO | Chunker | Created 1 chunks for section 4.65
2026-08-03 16:03:19,645 | INFO | Chunker | Created 1 chunks for section 4.66
2026-08-03 16:03:19,751 | INFO | Chunker | Created 1 chunks for section 4.67
2026-08-03 16:03:19,838 | INFO | Chunker | Created 1 chunks for section 4.68
2026-08-03 16:03:19,906 | INFO | Chunker | Created 1 chunks for section 4.69
2026-08-03 16:03:19,982 | INFO | Chunker | Created 1 chunks for section 4.70
2026-08-03 16:03:20,042 | INFO | Chunker | Created 1 chunks for section 4.71
2026-08-03 16:03:20,114 | INFO | Chunker | Created 1 chunks for section 4.72
2026-08-03 16:03:20,190 | INFO | Chunker | Created 1 chunks for section 4.73
2026-08-03 16:03:20,287 | INFO | Chunker | Created 1 chunks for section 4.74
2026-08-03 16:03:20,375 | INFO | Chunker | Created 1 chunks for section 4.75
2026-08-03 16:03:20,478 | INFO | Chunker | Created 1 chunks for section 4.76
2026-08-03 16:03:20,700 | INFO | Chunker | Created 1 chunks for section 4.77
2026-08-03 16:03:20,769 | INFO | Chunker | Created 1 chunks for section 4.78
2026-08-03 16:03:20,906 | INFO | Chunker | Created 2 chunks for section 4.79
2026-08-03 16:03:20,969 | INFO | Chunker | Created 1 chunks for section 4.80
2026-08-03 16:03:21,115 | INFO | Chunker | Created 1 chunks for section 4.81
2026-08-03 16:03:21,289 | INFO | Chunker | Created 1 chunks for section 4.82
2026-08-03 16:03:21,401 | INFO | Chunker | Created 1 chunks for section 4.83
2026-08-03 16:03:21,498 | INFO | Chunker | Created 1 chunks for section 4.84
2026-08-03 16:03:21,582 | INFO | Chunker | Created 1 chunks for section 4.85
2026-08-03 16:03:21,655 | INFO | Chunker | Created 1 chunks for section 4.86
2026-08-03 16:03:21,737 | INFO | Chunker | Created 1 chunks for section 4.87
2026-08-03 16:03:21,794 | INFO | Chunker | Created 1 chunks for section 4.88
2026-08-03 16:03:21,860 | INFO | Chunker | Created 1 chunks for section 4.89
2026-08-03 16:03:21,951 | INFO | Chunker | Created 1 chunks for section 4.90
2026-08-03 16:03:22,025 | INFO | Chunker | Created 1 chunks for section 4.91
2026-08-03 16:03:22,106 | INFO | Chunker | Created 1 chunks for section 4.92
2026-08-03 16:03:22,190 | INFO | Chunker | Created 1 chunks for section 4.93
2026-08-03 16:03:22,415 | INFO | Chunker | Created 2 chunks for section 4.94
2026-08-03 16:03:22,497 | INFO | Chunker | Created 1 chunks for section 4.95
2026-08-03 16:03:22,579 | INFO | Chunker | Created 1 chunks for section 4.96
2026-08-03 16:03:22,683 | INFO | Chunker | Created 1 chunks for section 4.97
2026-08-03 16:03:22,766 | INFO | Chunker | Created 1 chunks for section 4.98
2026-08-03 16:03:22,851 | INFO | Chunker | Created 1 chunks for section 4.99
2026-08-03 16:03:22,881 | INFO | DGFTKnowledgePipeline | Processing HBP2023_Chapter05.pdf
2026-08-03 16:03:22,881 | INFO | PDFLoader | Loading PDF C:\Users\mabis\OneDrive\Documents\dekai\input\pdf\HBP2023_Chapter05.pdf
2026-08-03 16:03:25,820 | INFO | PDFLoader | Loaded 15 pages from HBP2023_Chapter05.pdf
2026-08-03 16:03:25,858 | INFO | TextCleaner | Cleaned 15 pages
2026-08-03 16:03:25,891 | INFO | RuleExtractor | Extracted 25 section drafts from HBP2023_Chapter05.pdf
2026-08-03 16:03:26,240 | INFO | Chunker | Created 1 chunks for section 5.01
2026-08-03 16:03:26,299 | INFO | Chunker | Created 1 chunks for section 5.02
2026-08-03 16:03:26,376 | INFO | Chunker | Created 1 chunks for section 5.03
2026-08-03 16:03:26,481 | INFO | Chunker | Created 1 chunks for section 5.04
2026-08-03 16:03:26,549 | INFO | Chunker | Created 1 chunks for section 5.05
2026-08-03 16:03:26,648 | INFO | Chunker | Created 1 chunks for section 5.06
2026-08-03 16:03:26,750 | INFO | Chunker | Created 1 chunks for section 5.07
2026-08-03 16:03:26,849 | INFO | Chunker | Created 1 chunks for section 5.08
2026-08-03 16:03:26,926 | INFO | Chunker | Created 1 chunks for section 5.09
2026-08-03 16:03:27,061 | INFO | Chunker | Created 1 chunks for section 5.10
2026-08-03 16:03:27,248 | INFO | Chunker | Created 1 chunks for section 5.11
2026-08-03 16:03:27,323 | INFO | Chunker | Created 1 chunks for section 5.12
2026-08-03 16:03:27,515 | INFO | Chunker | Created 2 chunks for section 5.13
2026-08-03 16:03:27,623 | INFO | Chunker | Created 1 chunks for section 5.14
2026-08-03 16:03:27,721 | INFO | Chunker | Created 1 chunks for section 5.16
2026-08-03 16:03:27,796 | INFO | Chunker | Created 1 chunks for section 5.17
2026-08-03 16:03:27,854 | INFO | Chunker | Created 1 chunks for section 5.18
2026-08-03 16:03:27,921 | INFO | Chunker | Created 1 chunks for section 5.19
2026-08-03 16:03:27,990 | INFO | Chunker | Created 1 chunks for section 5.20
2026-08-03 16:03:28,071 | INFO | Chunker | Created 1 chunks for section 5.21
2026-08-03 16:03:28,138 | INFO | Chunker | Created 1 chunks for section 5.22
2026-08-03 16:03:28,281 | INFO | Chunker | Created 1 chunks for section 5.23
2026-08-03 16:03:28,371 | INFO | Chunker | Created 1 chunks for section 5.24
2026-08-03 16:03:28,450 | INFO | Chunker | Created 1 chunks for section 5.25
2026-08-03 16:03:28,513 | INFO | Chunker | Created 1 chunks for section 5.26
2026-08-03 16:03:28,532 | INFO | DGFTKnowledgePipeline | Processing HBP-Chapter-6.pdf
2026-08-03 16:03:28,532 | INFO | PDFLoader | Loading PDF C:\Users\mabis\OneDrive\Documents\dekai\input\pdf\HBP-Chapter-6.pdf
2026-08-03 16:03:32,359 | INFO | PDFLoader | Loaded 24 pages from HBP-Chapter-6.pdf
2026-08-03 16:03:32,414 | INFO | TextCleaner | Cleaned 24 pages
2026-08-03 16:03:32,459 | INFO | RuleExtractor | Extracted 41 section drafts from HBP-Chapter-6.pdf
2026-08-03 16:03:32,965 | INFO | Chunker | Created 1 chunks for section 6.00
2026-08-03 16:03:33,074 | INFO | Chunker | Created 2 chunks for section 6.01
2026-08-03 16:03:33,135 | INFO | Chunker | Created 1 chunks for section 6.02
2026-08-03 16:03:33,215 | INFO | Chunker | Created 1 chunks for section 6.03
2026-08-03 16:03:33,282 | INFO | Chunker | Created 1 chunks for section 6.04
2026-08-03 16:03:33,332 | INFO | Chunker | Created 1 chunks for section 6.05
2026-08-03 16:03:33,428 | INFO | Chunker | Created 1 chunks for section 6.06
2026-08-03 16:03:33,522 | INFO | Chunker | Created 1 chunks for section 6.07
2026-08-03 16:03:33,674 | INFO | Chunker | Created 1 chunks for section 6.08
2026-08-03 16:03:33,735 | INFO | Chunker | Created 1 chunks for section 6.09
2026-08-03 16:03:33,836 | INFO | Chunker | Created 1 chunks for section 6.10
2026-08-03 16:03:33,959 | INFO | Chunker | Created 1 chunks for section 6.11
2026-08-03 16:03:34,016 | INFO | Chunker | Created 1 chunks for section 6.12
2026-08-03 16:03:34,081 | INFO | Chunker | Created 1 chunks for section 6.13
2026-08-03 16:03:34,147 | INFO | Chunker | Created 1 chunks for section 6.14
2026-08-03 16:03:34,209 | INFO | Chunker | Created 1 chunks for section 6.15
2026-08-03 16:03:34,255 | INFO | Chunker | Created 1 chunks for section 6.16
2026-08-03 16:03:34,329 | INFO | Chunker | Created 1 chunks for section 6.17
2026-08-03 16:03:34,383 | INFO | Chunker | Created 1 chunks for section 6.18
2026-08-03 16:03:34,468 | INFO | Chunker | Created 1 chunks for section 6.19
2026-08-03 16:03:34,629 | INFO | Chunker | Created 2 chunks for section 6.20
2026-08-03 16:03:34,775 | INFO | Chunker | Created 1 chunks for section 6.22
2026-08-03 16:03:34,860 | INFO | Chunker | Created 1 chunks for section 6.23
2026-08-03 16:03:34,951 | INFO | Chunker | Created 1 chunks for section 6.24
2026-08-03 16:03:35,011 | INFO | Chunker | Created 1 chunks for section 6.25
2026-08-03 16:03:35,076 | INFO | Chunker | Created 1 chunks for section 6.26
2026-08-03 16:03:35,165 | INFO | Chunker | Created 1 chunks for section 6.27
2026-08-03 16:03:35,221 | INFO | Chunker | Created 1 chunks for section 6.28
2026-08-03 16:03:35,304 | INFO | Chunker | Created 1 chunks for section 6.29
2026-08-03 16:03:35,384 | INFO | Chunker | Created 1 chunks for section 6.30
2026-08-03 16:03:35,437 | INFO | Chunker | Created 1 chunks for section 6.31
2026-08-03 16:03:35,527 | INFO | Chunker | Created 1 chunks for section 6.32
2026-08-03 16:03:35,664 | INFO | Chunker | Created 1 chunks for section 6.33
2026-08-03 16:03:35,811 | INFO | Chunker | Created 1 chunks for section 6.34
2026-08-03 16:03:35,886 | INFO | Chunker | Created 1 chunks for section 6.35
2026-08-03 16:03:35,981 | INFO | Chunker | Created 1 chunks for section 6.36
2026-08-03 16:03:36,054 | INFO | Chunker | Created 1 chunks for section 6.37
2026-08-03 16:03:36,131 | INFO | Chunker | Created 1 chunks for section 6.38
2026-08-03 16:03:36,211 | INFO | Chunker | Created 1 chunks for section 6.39
2026-08-03 16:03:36,319 | INFO | Chunker | Created 1 chunks for section 6.40
2026-08-03 16:03:36,382 | INFO | Chunker | Created 1 chunks for section 6.41
2026-08-03 16:03:36,399 | INFO | DGFTKnowledgePipeline | Processing Chapter-7-of-HBP-2023.pdf
2026-08-03 16:03:36,400 | INFO | PDFLoader | Loading PDF C:\Users\mabis\OneDrive\Documents\dekai\input\pdf\Chapter-7-of-HBP-2023.pdf
2026-08-03 16:03:37,195 | INFO | PDFLoader | Loaded 6 pages from Chapter-7-of-HBP-2023.pdf
2026-08-03 16:03:37,209 | INFO | TextCleaner | Cleaned 6 pages
2026-08-03 16:03:37,220 | INFO | RuleExtractor | Extracted 12 section drafts from Chapter-7-of-HBP-2023.pdf
2026-08-03 16:03:37,428 | INFO | Chunker | Created 1 chunks for section 7.00
2026-08-03 16:03:37,496 | INFO | Chunker | Created 1 chunks for section 7.01
2026-08-03 16:03:37,588 | INFO | Chunker | Created 1 chunks for section 7.02
2026-08-03 16:03:37,705 | INFO | Chunker | Created 1 chunks for section 7.03
2026-08-03 16:03:37,766 | INFO | Chunker | Created 1 chunks for section 7.04
2026-08-03 16:03:37,848 | INFO | Chunker | Created 1 chunks for section 7.05
2026-08-03 16:03:37,912 | INFO | Chunker | Created 1 chunks for section 7.06
2026-08-03 16:03:37,982 | INFO | Chunker | Created 1 chunks for section 7.07
2026-08-03 16:03:38,037 | INFO | Chunker | Created 1 chunks for section 7.08
2026-08-03 16:03:38,098 | INFO | Chunker | Created 1 chunks for section 7.09
2026-08-03 16:03:38,191 | INFO | Chunker | Created 1 chunks for section 7.10
2026-08-03 16:03:38,319 | INFO | Chunker | Created 1 chunks for section 7.11
2026-08-03 16:03:38,336 | INFO | DGFTKnowledgePipeline | Processing HBP2023_Chapter08.pdf
2026-08-03 16:03:38,336 | INFO | PDFLoader | Loading PDF C:\Users\mabis\OneDrive\Documents\dekai\input\pdf\HBP2023_Chapter08.pdf
2026-08-03 16:03:38,887 | INFO | PDFLoader | Loaded 4 pages from HBP2023_Chapter08.pdf
2026-08-03 16:03:38,895 | INFO | TextCleaner | Cleaned 4 pages
2026-08-03 16:03:38,905 | INFO | RuleExtractor | Extracted 5 section drafts from HBP2023_Chapter08.pdf
2026-08-03 16:03:39,030 | INFO | Chunker | Created 1 chunks for section 8.01
2026-08-03 16:03:39,080 | INFO | Chunker | Created 1 chunks for section 8.02
2026-08-03 16:03:39,133 | INFO | Chunker | Created 1 chunks for section 8.03
2026-08-03 16:03:39,198 | INFO | Chunker | Created 1 chunks for section 8.04
2026-08-03 16:03:39,264 | INFO | Chunker | Created 1 chunks for section 8.05
2026-08-03 16:03:39,296 | INFO | DGFTKnowledgePipeline | Processing HBP2023_Chapter09.pdf
2026-08-03 16:03:39,297 | INFO | PDFLoader | Loading PDF C:\Users\mabis\OneDrive\Documents\dekai\input\pdf\HBP2023_Chapter09.pdf
2026-08-03 16:03:39,465 | INFO | PDFLoader | Loaded 2 pages from HBP2023_Chapter09.pdf
2026-08-03 16:03:39,468 | INFO | TextCleaner | Cleaned 2 pages
2026-08-03 16:03:39,471 | INFO | RuleExtractor | Extracted 3 section drafts from HBP2023_Chapter09.pdf
2026-08-03 16:03:39,642 | INFO | Chunker | Created 1 chunks for section 9.00
2026-08-03 16:03:39,726 | INFO | Chunker | Created 1 chunks for section 9.01
2026-08-03 16:03:39,797 | INFO | Chunker | Created 1 chunks for section 9.02
2026-08-03 16:03:39,826 | INFO | DGFTKnowledgePipeline | Processing Chapter+10+HBP+(19.05.2026).pdf
2026-08-03 16:03:39,826 | INFO | PDFLoader | Loading PDF C:\Users\mabis\OneDrive\Documents\dekai\input\pdf\Chapter+10+HBP+(19.05.2026).pdf
2026-08-03 16:03:47,041 | INFO | PDFLoader | Loaded 48 pages from Chapter+10+HBP+(19.05.2026).pdf
2026-08-03 16:03:47,153 | INFO | TextCleaner | Cleaned 48 pages
2026-08-03 16:03:47,260 | INFO | RuleExtractor | Extracted 21 section drafts from Chapter+10+HBP+(19.05.2026).pdf
2026-08-03 16:03:48,185 | INFO | Chunker | Created 1 chunks for section 10.00
2026-08-03 16:03:48,235 | INFO | Chunker | Created 1 chunks for section 10.01
2026-08-03 16:03:48,305 | INFO | Chunker | Created 1 chunks for section 10.02
2026-08-03 16:03:48,375 | INFO | Chunker | Created 1 chunks for section 10.03
2026-08-03 16:03:48,496 | INFO | Chunker | Created 1 chunks for section 10.04
2026-08-03 16:03:48,668 | INFO | Chunker | Created 1 chunks for section 10.05
2026-08-03 16:03:48,813 | INFO | Chunker | Created 1 chunks for section 10.06
2026-08-03 16:03:48,878 | INFO | Chunker | Created 1 chunks for section 10.07
2026-08-03 16:03:48,956 | INFO | Chunker | Created 1 chunks for section 10.08
2026-08-03 16:03:49,213 | INFO | Chunker | Created 5 chunks for section 10.09
2026-08-03 16:03:49,318 | INFO | Chunker | Created 1 chunks for section 10.11
2026-08-03 16:03:49,629 | INFO | Chunker | Created 8 chunks for section 10.12
2026-08-03 16:03:49,793 | INFO | Chunker | Created 2 chunks for section 10.13
2026-08-03 16:03:49,880 | INFO | Chunker | Created 1 chunks for section 10.14
2026-08-03 16:03:49,962 | INFO | Chunker | Created 1 chunks for section 10.15
2026-08-03 16:03:50,188 | INFO | Chunker | Created 11 chunks for section 10.15
2026-08-03 16:03:50,358 | INFO | Chunker | Created 7 chunks for section 10.16
2026-08-03 16:03:50,468 | INFO | Chunker | Created 2 chunks for section 10.17
2026-08-03 16:03:50,527 | INFO | Chunker | Created 1 chunks for section 10.18
2026-08-03 16:03:50,660 | INFO | Chunker | Created 4 chunks for section 10.19
2026-08-03 16:03:50,744 | INFO | Chunker | Created 1 chunks for section 10.20
2026-08-03 16:03:51,165 | INFO | DGFTKnowledgePipeline | Processing TradeNetDeclaration.IPTDEC Ver2.1 (2).pdf
2026-08-03 16:03:51,165 | INFO | PDFLoader | Loading PDF C:\Users\mabis\OneDrive\Documents\dekai\input\pdf\TradeNetDeclaration.IPTDEC Ver2.1 (2).pdf
2026-08-03 16:03:55,796 | INFO | PDFLoader | Loaded 20 pages from TradeNetDeclaration.IPTDEC Ver2.1 (2).pdf
2026-08-03 16:03:55,862 | INFO | TextCleaner | Cleaned 20 pages
2026-08-03 16:03:55,905 | INFO | RuleExtractor | Extracted 2 section drafts from TradeNetDeclaration.IPTDEC Ver2.1 (2).pdf
2026-08-03 16:03:56,252 | INFO | Chunker | Created 1 chunks for section 3.1
2026-08-03 16:03:57,014 | INFO | Chunker | Created 15 chunks for section 5.1
2026-08-03 16:17:38,754 | INFO | services.chat_service | dekai_retrieval {"question": "what is iptdec?", "detected_intent": "Question Answering", "detected_topic": "General Question", "knowledge_source": ["FTP", "HBP", "DGFT Policy"], "retrieved_documents": ["HBP Chapter 2.pdf", "HBP-Chapter-6.pdf", "HBP2023_Chapter04+as+on+20.04.2026.pdf", "HBP2023_Chapter01.pdf"], "similarity_score": 0.75, "selected_chunks": ["2.77-1"], "reason_for_selection": "Accepted the relevant DGFT section(s) after intent detection, chapter/section filtering, and complete-section grounding.", "user_question": "what is iptdec?", "detected_entities": ["what", "is", "iptdec"], "detected_hs_code": [], "metadata_results_count": 0, "bm25_results_count": 20, "vector_results_count": 20, "merged_results_count": 12, "top_ranked_chunks": [{"id": "2.77-1", "title": "2.77 Registering Authorities", "sectionId": "2.77", "documentName": "HBP Chapter 2.pdf", "score": 8.2713, "confidence": 0.75, "rankingReasons": ["keyword_match"], "matchedQueries": ["what is iptdec?"]}, {"id": "CH6-SEC6_40-R002", "title": "Time Bound Disposal of Applications", "sectionId": "6.40", "documentName": "HBP-Chapter-6.pdf", "score": 7.5692, "confidence": 0.75, "rankingReasons": ["keyword_match"], "matchedQueries": ["what is iptdec?"]}, {"id": "4.30-condition-7", "title": "Advance Authorisation or DFIA for Intermediate Supplies", "sectionId": "4.30", "documentName": "HBP2023_Chapter04+as+on+20.04.2026.pdf", "score": 6.8154, "confidence": 0.75, "rankingReasons": ["keyword_match"], "matchedQueries": ["what is iptdec?"]}, {"id": "4.49-condition-4", "title": "Regularisation of Bonafide Default", "sectionId": "4.49", "documentName": "HBP2023_Chapter04+as+on+20.04.2026.pdf", "score": 6.6333, "confidence": 0.75, "rankingReasons": ["keyword_match"], "matchedQueries": ["what is iptdec?"]}, {"id": "4.49-condition-11", "title": "Regularisation of Bonafide Default", "sectionId": "4.49", "documentName": "HBP2023_Chapter04+as+on+20.04.2026.pdf", "score": 6.6333, "confidence": 0.75, "rankingReasons": ["keyword_match"], "matchedQueries": ["what is iptdec?"]}], "selected_chunk": ["2.77-1"], "final_prompt": "Question: what is iptdec?\nDetected intent: General Question\nDetected entities: what, is, iptdec\nSelected sections: 4.49 Regularisation of Bonafide Default, 2.77 Registering Authorities, 6.40 Time Bound Disposal of Applications, 4.30 Advance Authorisation or DFIA for Intermediate Supplies\nSelected chunks: 2.77-1", "llm_response": "Based on the uploaded documents:\n- 4.49 Regularisation of Bonafide Default Cases of bonafide default in fulfilment of Export Obligation may be regularised by Regional Authority as under: (a) If Export Obligation is fulfilled in terms of value, but ther...\n- 2.77 Registering Authorities (a) Registering Authority is a body notified by DGFT in this regard to register importers/ exporters as its members by issuing RCMC.\n- 6.40 Time Bound Disposal of Applications DC shall dispose of applications expeditiously.\n- 4.30 Advance Authorisation or DFIA for Intermediate Supplies (a) Application for grant of Advance Authorisation or DFIA for Intermediate supply may be made on the basis of a tie-up arrangement with an ultimate exporte...\n\nKey requirements:\n- 2.77 Registering Authorities (a) Registering Authority is a body notified by DGFT in this regard to register importers/ exporters as its members by issuing RCMC.\n- (b) The list of notified Registering Authorities is at Appendix -2T.\n- (b) If application is approved, authorisation shall be issued based on input/ output norms in force on the date of receipt of application by Regional Authority.\n- If in the intervening period (i.e.\n- from date of filing of application and date of issue of authorisation) the norms get changed, the authorisation will be issued in proportion to provisional exports / Deemed Export supplies already made till any amendm...\n- (c) The export of SCOMET items shall not be permitted against an Authorisation until and unless the requisite SCOMET Authorisation is obtained by the applicant.\n\nSources:\n- HBP2023_Chapter04+as+on+20.04.2026.pdf | HBP Chapter 4 | 4.49 Regularisation of Bonafide Default | Pages 29, 30, 31\n- HBP Chapter 2.pdf | HBP Chapter 2 | 2.77 Registering Authorities | Pages 34\n- HBP-Chapter-6.pdf | HBP Chapter 6 | 6.40 Time Bound Disposal of Applications | Pages 23, 24\n- HBP2023_Chapter04+as+on+20.04.2026.pdf | HBP Chapter 4 | 4.30 Advance Authorisation or DFIA for Intermediate Supplies | Pages 14, 15"}
2026-08-03 16:18:31,571 | INFO | services.chat_service | dekai_retrieval {"question": "what declaration type?", "detected_intent": "Question Answering", "detected_topic": "General Question", "knowledge_source": ["FTP", "HBP", "DGFT Policy"], "retrieved_documents": ["Chapter+10+HBP+(19.05.2026).pdf", "HBP Chapter 2.pdf", "HBP2023_Chapter03.pdf"], "similarity_score": 0.75, "selected_chunks": ["10.17-1", "10.17-2", "2.23-1", "2.24-1"], "reason_for_selection": "Accepted the relevant DGFT section(s) after intent detection, chapter/section filtering, and complete-section grounding.", "user_question": "what declaration type?", "detected_entities": ["what", "declaration", "type"], "detected_hs_code": [], "metadata_results_count": 0, "bm25_results_count": 20, "vector_results_count": 20, "merged_results_count": 12, "top_ranked_chunks": [{"id": "10.17", "title": "10.17 Validity Period of SCOMET Authorisations", "sectionId": "10.17", "documentName": "Chapter+10+HBP+(19.05.2026).pdf", "score": 11.1866, "confidence": 0.75, "rankingReasons": ["keyword_match"], "matchedQueries": ["what declaration type?"]}, {"id": "2.23-condition-5", "title": "Duplicate copies of Export / Import Authorisation", "sectionId": "2.23", "documentName": "HBP Chapter 2.pdf", "score": 8.3821, "confidence": 0.75, "rankingReasons": ["keyword_match"], "matchedQueries": ["what declaration type?"]}, {"id": "2.29-condition-2", "title": "Execution of BG/Legal undertaking for Advance Authorisation/", "sectionId": "2.29", "documentName": "HBP Chapter 2.pdf", "score": 8.3446, "confidence": 0.75, "rankingReasons": ["keyword_match"], "matchedQueries": ["what declaration type?"]}, {"id": "10.17-condition-2", "title": "Validity Period of SCOMET Authorisations", "sectionId": "10.17", "documentName": "Chapter+10+HBP+(19.05.2026).pdf", "score": 8.2593, "confidence": 0.75, "rankingReasons": ["keyword_match"], "matchedQueries": ["what declaration type?"]}, {"id": "10.17-condition-7", "title": "Validity Period of SCOMET Authorisations", "sectionId": "10.17", "documentName": "Chapter+10+HBP+(19.05.2026).pdf", "score": 8.2593, "confidence": 0.75, "rankingReasons": ["keyword_match"], "matchedQueries": ["what declaration type?"]}], "selected_chunk": ["10.17-1"], "final_prompt": "Question: what declaration type?\nDetected intent: General Question\nDetected entities: what, declaration, type\nSelected sections: 10.17 Validity Period of SCOMET Authorisations, 2.24 Documents required for duplicate copy of freely transferable, 2.23 Duplicate copies of Export / Import Authorisation\nSelected chunks: 10.17-1, 10.17-2, 2.23-1", "llm_response": "Based on the uploaded documents:\n- 10.17 Validity Period of SCOMET Authorisations The validity period of SCOMET authorisations from the date of issue shall be as follows, unless specified otherwise S.No.\n- 2.24 Documents required for duplicate copy of freely transferable Authorisation Duplicate copy of freely transferable Authorisation may be issued against an application accompanied with following documents: (i) An app...\n- 2.23 Duplicate copies of Export / Import Authorisation Where a physical copy of Authorisation/Permissions/ Licence / Certificate / is lost or misplaced, an application for issue of a duplicate may be made along with s...\n- Validity Period of SCOMET Authorisations governs how DGFT business controls should be applied, validated, and enforced.\n\nKey requirements:\n- 10.17 Validity Period of SCOMET Authorisations The validity period of SCOMET authorisations from the date of issue shall be as follows, unless specified otherwise S.No.\n- Type of SCOMET Validity Period Authorisation 1 SCOMET The validity period of the SCOMET authorisation shall be Authorisation for a period of 24 months, unless otherwise specified.\n- 2 SCOMET GAICT authorisation issued for intra-company transfers Authorisation of SCOMET items/software/technology shall be valid for Issued under a period of 3(three years) from the date of issue of GAICT Policy autho...\n- 3 SCOMET GAEC issued for export / re-export of SCOMET items Authorisation under the above Categories / Sub Categories (excluding issued under software and technology) shall be valid for a period of GAEC Policy 5(five)...\n- SCOMET GAED issued for export / re-export of SCOMET items under Authorisation the above Categories / Sub Categories shall be valid for a Issued under period of Three years from the date of issue of GAED Policy GAED su...\n- SCOMET GAET issued for export / re-export of SCOMET items under Authorisation the above Categories / Sub Categories shall be valid for Issued under Three years from the date of issue of GAET subject to GAET Policy sub...\n\nSources:\n- Chapter+10+HBP+(19.05.2026).pdf | HBP Chapter 10 | 10.17 Validity Period of SCOMET Authorisations | Pages 42, 43\n- HBP Chapter 2.pdf | HBP Chapter 2 | 2.24 Documents required for duplicate copy of freely transferable | Pages 10\n- HBP Chapter 2.pdf | HBP Chapter 2 | 2.23 Duplicate copies of Export / Import Authorisation | Pages 9, 10"}
2026-08-03 16:19:03,788 | INFO | services.chat_service | dekai_retrieval {"question": "how many declaration type?", "detected_intent": "Question Answering", "detected_topic": "General Question", "knowledge_source": ["FTP", "HBP", "DGFT Policy"], "retrieved_documents": ["Chapter+10+HBP+(19.05.2026).pdf", "HBP Chapter 2.pdf", "HBP2023_Chapter03.pdf"], "similarity_score": 0.75, "selected_chunks": ["10.17-1", "10.17-2", "2.23-1", "2.24-1"], "reason_for_selection": "Accepted the relevant DGFT section(s) after intent detection, chapter/section filtering, and complete-section grounding.", "user_question": "how many declaration type?", "detected_entities": ["how", "many", "declaration", "type"], "detected_hs_code": [], "metadata_results_count": 0, "bm25_results_count": 20, "vector_results_count": 20, "merged_results_count": 12, "top_ranked_chunks": [{"id": "10.17", "title": "10.17 Validity Period of SCOMET Authorisations", "sectionId": "10.17", "documentName": "Chapter+10+HBP+(19.05.2026).pdf", "score": 11.1866, "confidence": 0.75, "rankingReasons": ["keyword_match"], "matchedQueries": ["how many declaration type?"]}, {"id": "2.23-condition-5", "title": "Duplicate copies of Export / Import Authorisation", "sectionId": "2.23", "documentName": "HBP Chapter 2.pdf", "score": 8.3821, "confidence": 0.75, "rankingReasons": ["keyword_match"], "matchedQueries": ["how many declaration type?"]}, {"id": "2.29-condition-2", "title": "Execution of BG/Legal undertaking for Advance Authorisation/", "sectionId": "2.29", "documentName": "HBP Chapter 2.pdf", "score": 8.3446, "confidence": 0.75, "rankingReasons": ["keyword_match"], "matchedQueries": ["how many declaration type?"]}, {"id": "10.17-condition-2", "title": "Validity Period of SCOMET Authorisations", "sectionId": "10.17", "documentName": "Chapter+10+HBP+(19.05.2026).pdf", "score": 8.2593, "confidence": 0.75, "rankingReasons": ["keyword_match"], "matchedQueries": ["how many declaration type?"]}, {"id": "10.17-condition-7", "title": "Validity Period of SCOMET Authorisations", "sectionId": "10.17", "documentName": "Chapter+10+HBP+(19.05.2026).pdf", "score": 8.2593, "confidence": 0.75, "rankingReasons": ["keyword_match"], "matchedQueries": ["how many declaration type?"]}], "selected_chunk": ["10.17-1"], "final_prompt": "Question: how many declaration type?\nDetected intent: General Question\nDetected entities: how, many, declaration, type\nSelected sections: 10.17 Validity Period of SCOMET Authorisations, 2.24 Documents required for duplicate copy of freely transferable, 2.23 Duplicate copies of Export / Import Authorisation\nSelected chunks: 10.17-1, 10.17-2, 2.23-1", "llm_response": "Based on the uploaded documents:\n- 10.17 Validity Period of SCOMET Authorisations The validity period of SCOMET authorisations from the date of issue shall be as follows, unless specified otherwise S.No.\n- 2.24 Documents required for duplicate copy of freely transferable Authorisation Duplicate copy of freely transferable Authorisation may be issued against an application accompanied with following documents: (i) An app...\n- 2.23 Duplicate copies of Export / Import Authorisation Where a physical copy of Authorisation/Permissions/ Licence / Certificate / is lost or misplaced, an application for issue of a duplicate may be made along with s...\n- Validity Period of SCOMET Authorisations governs how DGFT business controls should be applied, validated, and enforced.\n\nKey requirements:\n- 10.17 Validity Period of SCOMET Authorisations The validity period of SCOMET authorisations from the date of issue shall be as follows, unless specified otherwise S.No.\n- Type of SCOMET Validity Period Authorisation 1 SCOMET The validity period of the SCOMET authorisation shall be Authorisation for a period of 24 months, unless otherwise specified.\n- 2 SCOMET GAICT authorisation issued for intra-company transfers Authorisation of SCOMET items/software/technology shall be valid for Issued under a period of 3(three years) from the date of issue of GAICT Policy autho...\n- 3 SCOMET GAEC issued for export / re-export of SCOMET items Authorisation under the above Categories / Sub Categories (excluding issued under software and technology) shall be valid for a period of GAEC Policy 5(five)...\n- SCOMET GAED issued for export / re-export of SCOMET items under Authorisation the above Categories / Sub Categories shall be valid for a Issued under period of Three years from the date of issue of GAED Policy GAED su...\n- SCOMET GAET issued for export / re-export of SCOMET items under Authorisation the above Categories / Sub Categories shall be valid for Issued under Three years from the date of issue of GAET subject to GAET Policy sub...\n\nSources:\n- Chapter+10+HBP+(19.05.2026).pdf | HBP Chapter 10 | 10.17 Validity Period of SCOMET Authorisations | Pages 42, 43\n- HBP Chapter 2.pdf | HBP Chapter 2 | 2.24 Documents required for duplicate copy of freely transferable | Pages 10\n- HBP Chapter 2.pdf | HBP Chapter 2 | 2.23 Duplicate copies of Export / Import Authorisation | Pages 9, 10"}
