INFO:     Started server process [32336]
INFO:     Waiting for application startup.
INFO:     Application startup complete.
INFO:     Uvicorn running on http://127.0.0.1:8001 (Press CTRL+C to quit)
ERROR:    Exception in ASGI application
Traceback (most recent call last):
  File "C:\Users\mabis\OneDrive\Documents\dekai\.venv\Lib\site-packages\httpx\_transports\default.py", line 101, in map_httpcore_exceptions
    yield
  File "C:\Users\mabis\OneDrive\Documents\dekai\.venv\Lib\site-packages\httpx\_transports\default.py", line 250, in handle_request
    resp = self._pool.handle_request(req)
  File "C:\Users\mabis\OneDrive\Documents\dekai\.venv\Lib\site-packages\httpcore\_sync\connection_pool.py", line 256, in handle_request
    raise exc from None
  File "C:\Users\mabis\OneDrive\Documents\dekai\.venv\Lib\site-packages\httpcore\_sync\connection_pool.py", line 236, in handle_request
    response = connection.handle_request(
        pool_request.request
    )
  File "C:\Users\mabis\OneDrive\Documents\dekai\.venv\Lib\site-packages\httpcore\_sync\connection.py", line 103, in handle_request
    return self._connection.handle_request(request)
           ~~~~~~~~~~~~~~~~~~~~~~~~~~~~~~~^^^^^^^^^
  File "C:\Users\mabis\OneDrive\Documents\dekai\.venv\Lib\site-packages\httpcore\_sync\http11.py", line 136, in handle_request
    raise exc
  File "C:\Users\mabis\OneDrive\Documents\dekai\.venv\Lib\site-packages\httpcore\_sync\http11.py", line 106, in handle_request
    ) = self._receive_response_headers(**kwargs)
        ~~~~~~~~~~~~~~~~~~~~~~~~~~~~~~^^^^^^^^^^
  File "C:\Users\mabis\OneDrive\Documents\dekai\.venv\Lib\site-packages\httpcore\_sync\http11.py", line 177, in _receive_response_headers
    event = self._receive_event(timeout=timeout)
  File "C:\Users\mabis\OneDrive\Documents\dekai\.venv\Lib\site-packages\httpcore\_sync\http11.py", line 217, in _receive_event
    data = self._network_stream.read(
        self.READ_NUM_BYTES, timeout=timeout
    )
  File "C:\Users\mabis\OneDrive\Documents\dekai\.venv\Lib\site-packages\httpcore\_backends\sync.py", line 126, in read
    with map_exceptions(exc_map):
         ~~~~~~~~~~~~~~^^^^^^^^^
  File "C:\Users\mabis\AppData\Local\Programs\Python\Python313\Lib\contextlib.py", line 162, in __exit__
    self.gen.throw(value)
    ~~~~~~~~~~~~~~^^^^^^^
  File "C:\Users\mabis\OneDrive\Documents\dekai\.venv\Lib\site-packages\httpcore\_exceptions.py", line 14, in map_exceptions
    raise to_exc(exc) from exc
httpcore.ReadTimeout: timed out

The above exception was the direct cause of the following exception:

Traceback (most recent call last):
  File "C:\Users\mabis\OneDrive\Documents\dekai\.venv\Lib\site-packages\uvicorn\protocols\http\h11_impl.py", line 403, in run_asgi
    result = await app(  # type: ignore[func-returns-value]
             ^^^^^^^^^^^^^^^^^^^^^^^^^^^^^^^^^^^^^^^^^^^^^^
        self.scope, self.receive, self.send
        ^^^^^^^^^^^^^^^^^^^^^^^^^^^^^^^^^^^
    )
    ^
  File "C:\Users\mabis\OneDrive\Documents\dekai\.venv\Lib\site-packages\uvicorn\middleware\proxy_headers.py", line 60, in __call__
    return await self.app(scope, receive, send)
           ^^^^^^^^^^^^^^^^^^^^^^^^^^^^^^^^^^^^
  File "C:\Users\mabis\OneDrive\Documents\dekai\.venv\Lib\site-packages\fastapi\applications.py", line 1054, in __call__
    await super().__call__(scope, receive, send)
  File "C:\Users\mabis\OneDrive\Documents\dekai\.venv\Lib\site-packages\starlette\applications.py", line 113, in __call__
    await self.middleware_stack(scope, receive, send)
  File "C:\Users\mabis\OneDrive\Documents\dekai\.venv\Lib\site-packages\starlette\middleware\errors.py", line 186, in __call__
    raise exc
  File "C:\Users\mabis\OneDrive\Documents\dekai\.venv\Lib\site-packages\starlette\middleware\errors.py", line 164, in __call__
    await self.app(scope, receive, _send)
  File "C:\Users\mabis\OneDrive\Documents\dekai\.venv\Lib\site-packages\starlette\middleware\cors.py", line 93, in __call__
    await self.simple_response(scope, receive, send, request_headers=headers)
  File "C:\Users\mabis\OneDrive\Documents\dekai\.venv\Lib\site-packages\starlette\middleware\cors.py", line 144, in simple_response
    await self.app(scope, receive, send)
  File "C:\Users\mabis\OneDrive\Documents\dekai\.venv\Lib\site-packages\starlette\middleware\exceptions.py", line 63, in __call__
    await wrap_app_handling_exceptions(self.app, conn)(scope, receive, send)
  File "C:\Users\mabis\OneDrive\Documents\dekai\.venv\Lib\site-packages\starlette\_exception_handler.py", line 53, in wrapped_app
    raise exc
  File "C:\Users\mabis\OneDrive\Documents\dekai\.venv\Lib\site-packages\starlette\_exception_handler.py", line 42, in wrapped_app
    await app(scope, receive, sender)
  File "C:\Users\mabis\OneDrive\Documents\dekai\.venv\Lib\site-packages\starlette\routing.py", line 716, in __call__
    await self.middleware_stack(scope, receive, send)
  File "C:\Users\mabis\OneDrive\Documents\dekai\.venv\Lib\site-packages\starlette\routing.py", line 736, in app
    await route.handle(scope, receive, send)
  File "C:\Users\mabis\OneDrive\Documents\dekai\.venv\Lib\site-packages\starlette\routing.py", line 290, in handle
    await self.app(scope, receive, send)
  File "C:\Users\mabis\OneDrive\Documents\dekai\.venv\Lib\site-packages\starlette\routing.py", line 78, in app
    await wrap_app_handling_exceptions(app, request)(scope, receive, send)
  File "C:\Users\mabis\OneDrive\Documents\dekai\.venv\Lib\site-packages\starlette\_exception_handler.py", line 53, in wrapped_app
    raise exc
  File "C:\Users\mabis\OneDrive\Documents\dekai\.venv\Lib\site-packages\starlette\_exception_handler.py", line 42, in wrapped_app
    await app(scope, receive, sender)
  File "C:\Users\mabis\OneDrive\Documents\dekai\.venv\Lib\site-packages\starlette\routing.py", line 76, in app
    await response(scope, receive, send)
  File "C:\Users\mabis\OneDrive\Documents\dekai\.venv\Lib\site-packages\starlette\responses.py", line 270, in __call__
    with collapse_excgroups():
         ~~~~~~~~~~~~~~~~~~^^
  File "C:\Users\mabis\AppData\Local\Programs\Python\Python313\Lib\contextlib.py", line 162, in __exit__
    self.gen.throw(value)
    ~~~~~~~~~~~~~~^^^^^^^
  File "C:\Users\mabis\OneDrive\Documents\dekai\.venv\Lib\site-packages\starlette\_utils.py", line 85, in collapse_excgroups
    raise exc
  File "C:\Users\mabis\OneDrive\Documents\dekai\.venv\Lib\site-packages\anyio\_core\_tasks.py", line 275, in _run_coro
    retval = await self._coro
             ^^^^^^^^^^^^^^^^
  File "C:\Users\mabis\OneDrive\Documents\dekai\.venv\Lib\site-packages\starlette\responses.py", line 274, in wrap
    await func()
  File "C:\Users\mabis\OneDrive\Documents\dekai\.venv\Lib\site-packages\starlette\responses.py", line 254, in stream_response
    async for chunk in self.body_iterator:
    ...<2 lines>...
        await send({"type": "http.response.body", "body": chunk, "more_body": True})
  File "C:\Users\mabis\OneDrive\Documents\dekai\api\app.py", line 769, in event_stream
    for event in chat_service.stream_events(
                 ~~~~~~~~~~~~~~~~~~~~~~~~~~^
        payload.question,
        ^^^^^^^^^^^^^^^^^
    ...<4 lines>...
        conversation_id=payload.conversationId or "",
        ^^^^^^^^^^^^^^^^^^^^^^^^^^^^^^^^^^^^^^^^^^^^^
    ):
    ^
  File "C:\Users\mabis\OneDrive\Documents\dekai\services\chat_service.py", line 4887, in stream_events
    for event in llm_service.stream(
                 ~~~~~~~~~~~~~~~~~~^
        display_model=ai_model,
        ^^^^^^^^^^^^^^^^^^^^^^^
        system_prompt=self._llm_system_prompt(language),
        ^^^^^^^^^^^^^^^^^^^^^^^^^^^^^^^^^^^^^^^^^^^^^^^^
        user_prompt=bundle["llmContext"],
        ^^^^^^^^^^^^^^^^^^^^^^^^^^^^^^^^^
    ):
    ^
  File "C:\Users\mabis\OneDrive\Documents\dekai\services\llm_service.py", line 203, in stream
    yield from self._ollama_stream(spec, system_prompt, user_prompt)
  File "C:\Users\mabis\OneDrive\Documents\dekai\services\llm_service.py", line 458, in _ollama_stream
    with client.stream(
         ~~~~~~~~~~~~~^
        "POST",
        ^^^^^^^
        f'{os.getenv("OLLAMA_BASE_URL", "http://localhost:11434").rstrip("/")}/api/generate',
        ^^^^^^^^^^^^^^^^^^^^^^^^^^^^^^^^^^^^^^^^^^^^^^^^^^^^^^^^^^^^^^^^^^^^^^^^^^^^^^^^^^^^^
        json=payload,
        ^^^^^^^^^^^^^
    ) as response:
    ^
  File "C:\Users\mabis\AppData\Local\Programs\Python\Python313\Lib\contextlib.py", line 141, in __enter__
    return next(self.gen)
  File "C:\Users\mabis\OneDrive\Documents\dekai\.venv\Lib\site-packages\httpx\_client.py", line 868, in stream
    response = self.send(
        request=request,
    ...<2 lines>...
        stream=True,
    )
  File "C:\Users\mabis\OneDrive\Documents\dekai\.venv\Lib\site-packages\httpx\_client.py", line 914, in send
    response = self._send_handling_auth(
        request,
    ...<2 lines>...
        history=[],
    )
  File "C:\Users\mabis\OneDrive\Documents\dekai\.venv\Lib\site-packages\httpx\_client.py", line 942, in _send_handling_auth
    response = self._send_handling_redirects(
        request,
        follow_redirects=follow_redirects,
        history=history,
    )
  File "C:\Users\mabis\OneDrive\Documents\dekai\.venv\Lib\site-packages\httpx\_client.py", line 979, in _send_handling_redirects
    response = self._send_single_request(request)
  File "C:\Users\mabis\OneDrive\Documents\dekai\.venv\Lib\site-packages\httpx\_client.py", line 1014, in _send_single_request
    response = transport.handle_request(request)
  File "C:\Users\mabis\OneDrive\Documents\dekai\.venv\Lib\site-packages\httpx\_transports\default.py", line 249, in handle_request
    with map_httpcore_exceptions():
         ~~~~~~~~~~~~~~~~~~~~~~~^^
  File "C:\Users\mabis\AppData\Local\Programs\Python\Python313\Lib\contextlib.py", line 162, in __exit__
    self.gen.throw(value)
    ~~~~~~~~~~~~~~^^^^^^^
  File "C:\Users\mabis\OneDrive\Documents\dekai\.venv\Lib\site-packages\httpx\_transports\default.py", line 118, in map_httpcore_exceptions
    raise mapped_exc(message) from exc
httpx.ReadTimeout: timed out
2026-08-11 16:00:22,877 | INFO | DGFTKnowledgePipeline | Processing HBP2023_Chapter01.pdf
2026-08-11 16:00:22,885 | INFO | PDFLoader | Loading PDF C:\Users\mabis\OneDrive\Documents\dekai\input\pdf\HBP2023_Chapter01.pdf
2026-08-11 16:00:24,855 | INFO | PDFLoader | Loaded 7 pages from HBP2023_Chapter01.pdf
2026-08-11 16:00:24,884 | INFO | TextCleaner | Cleaned 7 pages
2026-08-11 16:00:25,020 | INFO | RuleExtractor | Extracted 12 section drafts from HBP2023_Chapter01.pdf
2026-08-11 16:00:25,503 | INFO | Chunker | Created 10 chunks for section 1.01
2026-08-11 16:00:25,549 | INFO | Chunker | Created 10 chunks for section 1.02
2026-08-11 16:00:25,591 | INFO | Chunker | Created 10 chunks for section 1.03
2026-08-11 16:00:25,730 | INFO | Chunker | Created 40 chunks for section 1.04
2026-08-11 16:00:25,799 | INFO | Chunker | Created 10 chunks for section 1.05
2026-08-11 16:00:25,849 | INFO | Chunker | Created 10 chunks for section 1.06
2026-08-11 16:00:25,946 | INFO | Chunker | Created 20 chunks for section 1.07
2026-08-11 16:00:26,008 | INFO | Chunker | Created 10 chunks for section 1.08
2026-08-11 16:00:26,150 | INFO | Chunker | Created 10 chunks for section 1.09
2026-08-11 16:00:26,223 | INFO | Chunker | Created 10 chunks for section 1.10
2026-08-11 16:00:26,341 | INFO | Chunker | Created 17 chunks for section 1.11
2026-08-11 16:00:26,407 | INFO | Chunker | Created 8 chunks for section 1.12
2026-08-11 16:00:26,415 | INFO | DGFTKnowledgePipeline | Processing HBP Chapter 2.pdf
2026-08-11 16:00:26,416 | INFO | PDFLoader | Loading PDF C:\Users\mabis\OneDrive\Documents\dekai\input\pdf\HBP Chapter 2.pdf
2026-08-11 16:00:44,898 | INFO | PDFLoader | Loaded 52 pages from HBP Chapter 2.pdf
2026-08-11 16:00:45,187 | INFO | TextCleaner | Cleaned 52 pages
2026-08-11 16:00:46,461 | INFO | RuleExtractor | Extracted 100 section drafts from HBP Chapter 2.pdf
2026-08-11 16:00:49,679 | INFO | Chunker | Created 10 chunks for section 2.00
2026-08-11 16:00:49,726 | INFO | Chunker | Created 10 chunks for section 2.01
2026-08-11 16:00:49,780 | INFO | Chunker | Created 10 chunks for section 2.02
2026-08-11 16:00:49,844 | INFO | Chunker | Created 10 chunks for section 2.03
2026-08-11 16:00:49,919 | INFO | Chunker | Created 10 chunks for section 2.04
2026-08-11 16:00:49,976 | INFO | Chunker | Created 10 chunks for section 2.05
2026-08-11 16:00:50,026 | INFO | Chunker | Created 10 chunks for section 2.06
2026-08-11 16:00:50,165 | INFO | Chunker | Created 22 chunks for section 2.07
2026-08-11 16:00:50,323 | INFO | Chunker | Created 10 chunks for section 2.08
2026-08-11 16:00:50,380 | INFO | Chunker | Created 10 chunks for section 2.09
2026-08-11 16:00:50,443 | INFO | Chunker | Created 10 chunks for section 2.10
2026-08-11 16:00:50,508 | INFO | Chunker | Created 10 chunks for section 2.11
2026-08-11 16:00:50,564 | INFO | Chunker | Created 10 chunks for section 2.12
2026-08-11 16:00:50,675 | INFO | Chunker | Created 19 chunks for section 2.13
2026-08-11 16:00:50,758 | INFO | Chunker | Created 10 chunks for section 2.14
2026-08-11 16:00:50,856 | INFO | Chunker | Created 19 chunks for section 2.15
2026-08-11 16:00:50,956 | INFO | Chunker | Created 12 chunks for section 2.16
2026-08-11 16:00:51,017 | INFO | Chunker | Created 10 chunks for section 2.17
2026-08-11 16:00:51,092 | INFO | Chunker | Created 10 chunks for section 2.18
2026-08-11 16:00:51,153 | INFO | Chunker | Created 10 chunks for section 2.19
2026-08-11 16:00:51,275 | INFO | Chunker | Created 20 chunks for section 2.20
2026-08-11 16:00:51,339 | INFO | Chunker | Created 10 chunks for section 2.21
2026-08-11 16:00:51,439 | INFO | Chunker | Created 10 chunks for section 2.22
2026-08-11 16:00:51,571 | INFO | Chunker | Created 20 chunks for section 2.23
2026-08-11 16:00:51,664 | INFO | Chunker | Created 10 chunks for section 2.24
2026-08-11 16:00:51,742 | INFO | Chunker | Created 10 chunks for section 2.25
2026-08-11 16:00:51,802 | INFO | Chunker | Created 10 chunks for section 2.26
2026-08-11 16:00:51,855 | INFO | Chunker | Created 10 chunks for section 2.27
2026-08-11 16:00:51,913 | INFO | Chunker | Created 10 chunks for section 2.28
2026-08-11 16:00:52,044 | INFO | Chunker | Created 19 chunks for section 2.29
2026-08-11 16:00:52,146 | INFO | Chunker | Created 10 chunks for section 2.29
2026-08-11 16:00:52,262 | INFO | Chunker | Created 10 chunks for section 2.30
2026-08-11 16:00:52,327 | INFO | Chunker | Created 10 chunks for section 2.31
2026-08-11 16:00:52,401 | INFO | Chunker | Created 10 chunks for section 2.32
2026-08-11 16:00:52,489 | INFO | Chunker | Created 10 chunks for section 2.33
2026-08-11 16:00:52,626 | INFO | Chunker | Created 20 chunks for section 2.34
2026-08-11 16:00:52,744 | INFO | Chunker | Created 10 chunks for section 2.35
2026-08-11 16:00:52,915 | INFO | Chunker | Created 20 chunks for section 2.36
2026-08-11 16:00:53,037 | INFO | Chunker | Created 11 chunks for section 2.37
2026-08-11 16:00:53,102 | INFO | Chunker | Created 10 chunks for section 2.38
2026-08-11 16:00:53,164 | INFO | Chunker | Created 10 chunks for section 2.39
2026-08-11 16:00:53,287 | INFO | Chunker | Created 10 chunks for section 2.40
2026-08-11 16:00:53,394 | INFO | Chunker | Created 10 chunks for section 2.41
2026-08-11 16:00:53,443 | INFO | Chunker | Created 10 chunks for section 2.42
2026-08-11 16:00:53,527 | INFO | Chunker | Created 10 chunks for section 2.43
2026-08-11 16:00:53,624 | INFO | Chunker | Created 19 chunks for section 2.44
2026-08-11 16:00:53,678 | INFO | Chunker | Created 10 chunks for section 2.45
2026-08-11 16:00:53,828 | INFO | Chunker | Created 20 chunks for section 2.46
2026-08-11 16:00:53,945 | INFO | Chunker | Created 10 chunks for section 2.47
2026-08-11 16:00:54,103 | INFO | Chunker | Created 21 chunks for section 2.48
2026-08-11 16:00:54,258 | INFO | Chunker | Created 20 chunks for section 2.49
2026-08-11 16:00:54,323 | INFO | Chunker | Created 1 chunks for section 2.50
2026-08-11 16:00:54,482 | INFO | Chunker | Created 37 chunks for section 2.51
2026-08-11 16:00:54,609 | INFO | Chunker | Created 20 chunks for section 1
2026-08-11 16:00:54,718 | INFO | Chunker | Created 20 chunks for section 2.52
2026-08-11 16:00:54,841 | INFO | Chunker | Created 11 chunks for section 2.53
2026-08-11 16:00:54,896 | INFO | Chunker | Created 1 chunks for section 2.54
2026-08-11 16:00:54,944 | INFO | Chunker | Created 1 chunks for section 2.55
2026-08-11 16:00:55,006 | INFO | Chunker | Created 5 chunks for section 2.56
2026-08-11 16:00:55,065 | INFO | Chunker | Created 1 chunks for section 2.57
2026-08-11 16:00:55,138 | INFO | Chunker | Created 1 chunks for section 2.58
2026-08-11 16:00:55,229 | INFO | Chunker | Created 12 chunks for section 2.59
2026-08-11 16:00:55,307 | INFO | Chunker | Created 10 chunks for section 2.60
2026-08-11 16:00:55,475 | INFO | Chunker | Created 20 chunks for section 2.61
2026-08-11 16:00:55,579 | INFO | Chunker | Created 10 chunks for section 2.62
2026-08-11 16:00:55,660 | INFO | Chunker | Created 10 chunks for section 2.63
2026-08-11 16:00:55,720 | INFO | Chunker | Created 10 chunks for section 2.64
2026-08-11 16:00:55,793 | INFO | Chunker | Created 10 chunks for section 2.65
2026-08-11 16:00:55,889 | INFO | Chunker | Created 10 chunks for section 2.66
2026-08-11 16:00:55,966 | INFO | Chunker | Created 10 chunks for section 2.67
2026-08-11 16:00:56,025 | INFO | Chunker | Created 10 chunks for section 2.68
2026-08-11 16:00:56,083 | INFO | Chunker | Created 10 chunks for section 2.69
2026-08-11 16:00:56,205 | INFO | Chunker | Created 19 chunks for section 2.70
2026-08-11 16:00:56,282 | INFO | Chunker | Created 10 chunks for section 2.71
2026-08-11 16:00:56,350 | INFO | Chunker | Created 10 chunks for section 2.72
2026-08-11 16:00:56,424 | INFO | Chunker | Created 10 chunks for section 2.73
2026-08-11 16:00:56,540 | INFO | Chunker | Created 19 chunks for section 2.74
2026-08-11 16:00:56,625 | INFO | Chunker | Created 10 chunks for section 2.75
2026-08-11 16:00:56,890 | INFO | Chunker | Created 42 chunks for section 2.76
2026-08-11 16:00:57,007 | INFO | Chunker | Created 10 chunks for section 2.77
2026-08-11 16:00:57,098 | INFO | Chunker | Created 10 chunks for section 2.78
2026-08-11 16:00:57,199 | INFO | Chunker | Created 19 chunks for section 2.79
2026-08-11 16:00:57,291 | INFO | Chunker | Created 10 chunks for section 2.80
2026-08-11 16:00:57,352 | INFO | Chunker | Created 10 chunks for section 2.81
2026-08-11 16:00:57,451 | INFO | Chunker | Created 10 chunks for section 2.82
2026-08-11 16:00:57,513 | INFO | Chunker | Created 10 chunks for section 2.83
2026-08-11 16:00:57,573 | INFO | Chunker | Created 10 chunks for section 2.84
2026-08-11 16:00:57,638 | INFO | Chunker | Created 10 chunks for section 2.85
2026-08-11 16:00:57,698 | INFO | Chunker | Created 10 chunks for section 2.86
2026-08-11 16:00:57,790 | INFO | Chunker | Created 19 chunks for section 2.87
2026-08-11 16:00:57,907 | INFO | Chunker | Created 20 chunks for section 2.88
2026-08-11 16:00:58,016 | INFO | Chunker | Created 20 chunks for section 2.89
2026-08-11 16:00:58,155 | INFO | Chunker | Created 20 chunks for section 2.90
2026-08-11 16:00:58,282 | INFO | Chunker | Created 10 chunks for section 2.91
2026-08-11 16:00:58,600 | INFO | Chunker | Created 82 chunks for section 2.92
2026-08-11 16:00:58,812 | INFO | Chunker | Created 22 chunks for section 2.93
2026-08-11 16:00:58,875 | INFO | Chunker | Created 10 chunks for section 2.94
2026-08-11 16:00:58,927 | INFO | Chunker | Created 10 chunks for section 2.95
2026-08-11 16:00:58,995 | INFO | Chunker | Created 10 chunks for section 2.96
2026-08-11 16:00:59,091 | INFO | Chunker | Created 10 chunks for section 2.97
2026-08-11 16:00:59,101 | INFO | DGFTKnowledgePipeline | Processing HBP2023_Chapter03.pdf
2026-08-11 16:00:59,102 | INFO | PDFLoader | Loading PDF C:\Users\mabis\OneDrive\Documents\dekai\input\pdf\HBP2023_Chapter03.pdf
2026-08-11 16:01:00,210 | INFO | PDFLoader | Loaded 6 pages from HBP2023_Chapter03.pdf
2026-08-11 16:01:00,230 | INFO | TextCleaner | Cleaned 6 pages
2026-08-11 16:01:00,264 | INFO | RuleExtractor | Extracted 32 section drafts from HBP2023_Chapter03.pdf
2026-08-11 16:01:00,579 | INFO | Chunker | Created 1 chunks for section 3.01
2026-08-11 16:01:00,624 | INFO | Chunker | Created 1 chunks for section 3.02
2026-08-11 16:01:00,747 | INFO | Chunker | Created 3 chunks for section 3.03
2026-08-11 16:01:00,833 | INFO | Chunker | Created 3 chunks for section 1
2026-08-11 16:01:00,907 | INFO | Chunker | Created 5 chunks for section 2
2026-08-11 16:01:00,961 | INFO | Chunker | Created 7 chunks for section 3
2026-08-11 16:01:01,010 | INFO | Chunker | Created 1 chunks for section 4
2026-08-11 16:01:01,060 | INFO | Chunker | Created 3 chunks for section 5
2026-08-11 16:01:01,117 | INFO | Chunker | Created 3 chunks for section 6
2026-08-11 16:01:01,172 | INFO | Chunker | Created 3 chunks for section 7
2026-08-11 16:01:01,225 | INFO | Chunker | Created 1 chunks for section 8
2026-08-11 16:01:01,275 | INFO | Chunker | Created 1 chunks for section 9
2026-08-11 16:01:01,333 | INFO | Chunker | Created 1 chunks for section 10
2026-08-11 16:01:01,383 | INFO | Chunker | Created 3 chunks for section 11
2026-08-11 16:01:01,438 | INFO | Chunker | Created 1 chunks for section 12
2026-08-11 16:01:01,513 | INFO | Chunker | Created 15 chunks for section 13
2026-08-11 16:01:01,587 | INFO | Chunker | Created 9 chunks for section 3.05
2026-08-11 16:01:01,643 | INFO | Chunker | Created 1 chunks for section 1
2026-08-11 16:01:01,695 | INFO | Chunker | Created 1 chunks for section 2
2026-08-11 16:01:01,742 | INFO | Chunker | Created 3 chunks for section 3
2026-08-11 16:01:01,788 | INFO | Chunker | Created 1 chunks for section 4
2026-08-11 16:01:01,838 | INFO | Chunker | Created 3 chunks for section 5
2026-08-11 16:01:01,883 | INFO | Chunker | Created 1 chunks for section 6
2026-08-11 16:01:01,930 | INFO | Chunker | Created 3 chunks for section 7
2026-08-11 16:01:01,976 | INFO | Chunker | Created 1 chunks for section 8
2026-08-11 16:01:02,030 | INFO | Chunker | Created 9 chunks for section 9
2026-08-11 16:01:02,084 | INFO | Chunker | Created 1 chunks for section 10
2026-08-11 16:01:02,130 | INFO | Chunker | Created 3 chunks for section 11
2026-08-11 16:01:02,239 | INFO | Chunker | Created 1 chunks for section 3.06
2026-08-11 16:01:02,302 | INFO | Chunker | Created 1 chunks for section 3.07
2026-08-11 16:01:02,363 | INFO | Chunker | Created 1 chunks for section 3.08
2026-08-11 16:01:02,429 | INFO | Chunker | Created 3 chunks for section 3.09
2026-08-11 16:01:02,435 | INFO | DGFTKnowledgePipeline | Processing HBP2023_Chapter04+as+on+20.04.2026.pdf
2026-08-11 16:01:02,436 | INFO | PDFLoader | Loading PDF C:\Users\mabis\OneDrive\Documents\dekai\input\pdf\HBP2023_Chapter04+as+on+20.04.2026.pdf
2026-08-11 16:01:22,977 | INFO | PDFLoader | Loaded 58 pages from HBP2023_Chapter04+as+on+20.04.2026.pdf
2026-08-11 16:01:23,301 | INFO | TextCleaner | Cleaned 58 pages
2026-08-11 16:01:24,747 | INFO | RuleExtractor | Extracted 105 section drafts from HBP2023_Chapter04+as+on+20.04.2026.pdf
2026-08-11 16:01:28,892 | INFO | Chunker | Created 10 chunks for section 4.01
2026-08-11 16:01:28,957 | INFO | Chunker | Created 10 chunks for section 4.02
2026-08-11 16:01:29,012 | INFO | Chunker | Created 10 chunks for section 4.03
2026-08-11 16:01:29,068 | INFO | Chunker | Created 10 chunks for section 4.04
2026-08-11 16:01:29,201 | INFO | Chunker | Created 19 chunks for section 4.05
2026-08-11 16:01:29,407 | INFO | Chunker | Created 30 chunks for section 4.06
2026-08-11 16:01:29,625 | INFO | Chunker | Created 21 chunks for section 4.07
2026-08-11 16:01:29,833 | INFO | Chunker | Created 20 chunks for section 4.08
2026-08-11 16:01:29,929 | INFO | Chunker | Created 10 chunks for section 4.09
2026-08-11 16:01:30,086 | INFO | Chunker | Created 11 chunks for section 4.10
2026-08-11 16:01:30,171 | INFO | Chunker | Created 10 chunks for section 4.11
2026-08-11 16:01:30,334 | INFO | Chunker | Created 20 chunks for section 4.12
2026-08-11 16:01:30,423 | INFO | Chunker | Created 10 chunks for section 4.13
2026-08-11 16:01:30,519 | INFO | Chunker | Created 10 chunks for section 4.14
2026-08-11 16:01:30,654 | INFO | Chunker | Created 19 chunks for section 4.15
2026-08-11 16:01:30,822 | INFO | Chunker | Created 10 chunks for section 4.16
2026-08-11 16:01:30,979 | INFO | Chunker | Created 19 chunks for section 4.17
2026-08-11 16:01:31,050 | INFO | Chunker | Created 10 chunks for section 4.18
2026-08-11 16:01:31,131 | INFO | Chunker | Created 10 chunks for section 4.19
2026-08-11 16:01:31,267 | INFO | Chunker | Created 20 chunks for section 4.20
2026-08-11 16:01:31,370 | INFO | Chunker | Created 10 chunks for section 4.21
2026-08-11 16:01:31,521 | INFO | Chunker | Created 20 chunks for section 4.22
2026-08-11 16:01:31,581 | INFO | Chunker | Created 10 chunks for section 4.23
2026-08-11 16:01:31,653 | INFO | Chunker | Created 10 chunks for section 4.24
2026-08-11 16:01:31,715 | INFO | Chunker | Created 10 chunks for section 4.25
2026-08-11 16:01:31,807 | INFO | Chunker | Created 10 chunks for section 4.26
2026-08-11 16:01:31,917 | INFO | Chunker | Created 19 chunks for section 4.27
2026-08-11 16:01:31,993 | INFO | Chunker | Created 10 chunks for section 4.28
2026-08-11 16:01:32,064 | INFO | Chunker | Created 10 chunks for section 4.29
2026-08-11 16:01:32,281 | INFO | Chunker | Created 20 chunks for section 4.30
2026-08-11 16:01:32,358 | INFO | Chunker | Created 10 chunks for section 4.31
2026-08-11 16:01:32,509 | INFO | Chunker | Created 20 chunks for section 4.32
2026-08-11 16:01:32,658 | INFO | Chunker | Created 21 chunks for section 4.33
2026-08-11 16:01:32,730 | INFO | Chunker | Created 10 chunks for section 4.34
2026-08-11 16:01:32,886 | INFO | Chunker | Created 31 chunks for section 4.35
2026-08-11 16:01:33,031 | INFO | Chunker | Created 22 chunks for section 4.36
2026-08-11 16:01:33,232 | INFO | Chunker | Created 22 chunks for section 4.37
2026-08-11 16:01:33,311 | INFO | Chunker | Created 10 chunks for section 4.38
2026-08-11 16:01:33,394 | INFO | Chunker | Created 10 chunks for section 4.39
2026-08-11 16:01:33,695 | INFO | Chunker | Created 38 chunks for section 4.40
2026-08-11 16:01:33,762 | INFO | Chunker | Created 1 chunks for section 4.41
2026-08-11 16:01:33,821 | INFO | Chunker | Created 1 chunks for section 4.42
2026-08-11 16:01:33,944 | INFO | Chunker | Created 15 chunks for section 4.43
2026-08-11 16:01:34,112 | INFO | Chunker | Created 20 chunks for section 4.44
2026-08-11 16:01:34,248 | INFO | Chunker | Created 11 chunks for section 4.45
2026-08-11 16:01:34,376 | INFO | Chunker | Created 10 chunks for section 4.46
2026-08-11 16:01:34,543 | INFO | Chunker | Created 20 chunks for section 4.47
2026-08-11 16:01:34,700 | INFO | Chunker | Created 20 chunks for section 4.48
2026-08-11 16:01:34,954 | INFO | Chunker | Created 32 chunks for section 4.49
2026-08-11 16:01:35,155 | INFO | Chunker | Created 21 chunks for section 4.50
2026-08-11 16:01:35,260 | INFO | Chunker | Created 19 chunks for section 4.51
2026-08-11 16:01:35,323 | INFO | Chunker | Created 10 chunks for section 4.52
2026-08-11 16:01:35,426 | INFO | Chunker | Created 10 chunks for section 4.53
2026-08-11 16:01:35,501 | INFO | Chunker | Created 10 chunks for section 4.54
2026-08-11 16:01:35,623 | INFO | Chunker | Created 19 chunks for section 4.55
2026-08-11 16:01:35,728 | INFO | Chunker | Created 19 chunks for section 4.56
2026-08-11 16:01:35,798 | INFO | Chunker | Created 10 chunks for section 4.57
2026-08-11 16:01:35,918 | INFO | Chunker | Created 10 chunks for section 4.58
2026-08-11 16:01:36,044 | INFO | Chunker | Created 23 chunks for section 4.59
2026-08-11 16:01:36,142 | INFO | Chunker | Created 9 chunks for section 4.60
2026-08-11 16:01:36,209 | INFO | Chunker | Created 10 chunks for section 4.61
2026-08-11 16:01:36,272 | INFO | Chunker | Created 10 chunks for section 4.62
2026-08-11 16:01:36,360 | INFO | Chunker | Created 10 chunks for section 4.63
2026-08-11 16:01:36,425 | INFO | Chunker | Created 10 chunks for section 4.64
2026-08-11 16:01:36,594 | INFO | Chunker | Created 19 chunks for section 4.65
2026-08-11 16:01:36,675 | INFO | Chunker | Created 10 chunks for section 4.66
2026-08-11 16:01:36,842 | INFO | Chunker | Created 20 chunks for section 4.67
2026-08-11 16:01:36,933 | INFO | Chunker | Created 10 chunks for section 4.68
2026-08-11 16:01:37,004 | INFO | Chunker | Created 10 chunks for section 4.69
2026-08-11 16:01:37,079 | INFO | Chunker | Created 10 chunks for section 4.70
2026-08-11 16:01:37,197 | INFO | Chunker | Created 19 chunks for section 4.71
2026-08-11 16:01:37,303 | INFO | Chunker | Created 10 chunks for section 4.72
2026-08-11 16:01:37,446 | INFO | Chunker | Created 20 chunks for section 4.73
2026-08-11 16:01:37,560 | INFO | Chunker | Created 10 chunks for section 4.74
2026-08-11 16:01:37,678 | INFO | Chunker | Created 19 chunks for section 4.75
2026-08-11 16:01:37,815 | INFO | Chunker | Created 10 chunks for section 4.76
2026-08-11 16:01:38,072 | INFO | Chunker | Created 31 chunks for section 4.77
2026-08-11 16:01:38,164 | INFO | Chunker | Created 10 chunks for section 4.78
2026-08-11 16:01:38,407 | INFO | Chunker | Created 32 chunks for section 4.79
2026-08-11 16:01:38,584 | INFO | Chunker | Created 10 chunks for section 4.80
2026-08-11 16:01:38,740 | INFO | Chunker | Created 20 chunks for section 4.81
2026-08-11 16:01:38,839 | INFO | Chunker | Created 10 chunks for section 4.82
2026-08-11 16:01:38,986 | INFO | Chunker | Created 21 chunks for section 4.83
2026-08-11 16:01:39,134 | INFO | Chunker | Created 32 chunks for section 4.84
2026-08-11 16:01:39,204 | INFO | Chunker | Created 10 chunks for section 4.85
2026-08-11 16:01:39,268 | INFO | Chunker | Created 10 chunks for section 4.86
2026-08-11 16:01:39,339 | INFO | Chunker | Created 10 chunks for section 4.87
2026-08-11 16:01:39,454 | INFO | Chunker | Created 19 chunks for section 4.88
2026-08-11 16:01:39,524 | INFO | Chunker | Created 10 chunks for section 4.89
2026-08-11 16:01:39,688 | INFO | Chunker | Created 10 chunks for section 4.90
2026-08-11 16:01:39,757 | INFO | Chunker | Created 10 chunks for section 4.91
2026-08-11 16:01:39,843 | INFO | Chunker | Created 10 chunks for section 4.92
2026-08-11 16:01:39,981 | INFO | Chunker | Created 20 chunks for section 4.93
2026-08-11 16:01:40,060 | INFO | Chunker | Created 19 chunks for section 4.94
2026-08-11 16:01:40,191 | INFO | Chunker | Created 11 chunks for section 1
2026-08-11 16:01:40,258 | INFO | Chunker | Created 10 chunks for section 2
2026-08-11 16:01:40,328 | INFO | Chunker | Created 10 chunks for section 3
2026-08-11 16:01:40,403 | INFO | Chunker | Created 10 chunks for section 4
2026-08-11 16:01:40,471 | INFO | Chunker | Created 10 chunks for section 5
2026-08-11 16:01:40,631 | INFO | Chunker | Created 11 chunks for section 6
2026-08-11 16:01:40,714 | INFO | Chunker | Created 10 chunks for section 4.95
2026-08-11 16:01:40,871 | INFO | Chunker | Created 10 chunks for section 4.96
2026-08-11 16:01:40,992 | INFO | Chunker | Created 20 chunks for section 4.97
2026-08-11 16:01:41,086 | INFO | Chunker | Created 10 chunks for section 4.98
2026-08-11 16:01:41,232 | INFO | Chunker | Created 21 chunks for section 4.99
2026-08-11 16:01:41,249 | INFO | DGFTKnowledgePipeline | Processing HBP2023_Chapter05.pdf
2026-08-11 16:01:41,250 | INFO | PDFLoader | Loading PDF C:\Users\mabis\OneDrive\Documents\dekai\input\pdf\HBP2023_Chapter05.pdf
2026-08-11 16:01:46,158 | INFO | PDFLoader | Loaded 15 pages from HBP2023_Chapter05.pdf
2026-08-11 16:01:46,227 | INFO | TextCleaner | Cleaned 15 pages
2026-08-11 16:01:46,574 | INFO | RuleExtractor | Extracted 25 section drafts from HBP2023_Chapter05.pdf
2026-08-11 16:01:47,563 | INFO | Chunker | Created 10 chunks for section 5.01
2026-08-11 16:01:47,622 | INFO | Chunker | Created 10 chunks for section 5.02
2026-08-11 16:01:47,712 | INFO | Chunker | Created 10 chunks for section 5.03
2026-08-11 16:01:47,840 | INFO | Chunker | Created 19 chunks for section 5.04
2026-08-11 16:01:47,899 | INFO | Chunker | Created 10 chunks for section 5.05
2026-08-11 16:01:48,048 | INFO | Chunker | Created 11 chunks for section 5.06
2026-08-11 16:01:48,176 | INFO | Chunker | Created 10 chunks for section 5.07
2026-08-11 16:01:48,372 | INFO | Chunker | Created 20 chunks for section 5.08
2026-08-11 16:01:48,473 | INFO | Chunker | Created 10 chunks for section 5.09
2026-08-11 16:01:48,682 | INFO | Chunker | Created 22 chunks for section 5.10
2026-08-11 16:01:48,759 | INFO | Chunker | Created 1 chunks for section 5.11
2026-08-11 16:01:48,828 | INFO | Chunker | Created 1 chunks for section 5.12
2026-08-11 16:01:49,037 | INFO | Chunker | Created 26 chunks for section 5.13
2026-08-11 16:01:49,170 | INFO | Chunker | Created 12 chunks for section 5.14
2026-08-11 16:01:49,304 | INFO | Chunker | Created 15 chunks for section 5.16
2026-08-11 16:01:49,434 | INFO | Chunker | Created 10 chunks for section 5.17
2026-08-11 16:01:49,526 | INFO | Chunker | Created 10 chunks for section 5.18
2026-08-11 16:01:49,609 | INFO | Chunker | Created 10 chunks for section 5.19
2026-08-11 16:01:49,769 | INFO | Chunker | Created 19 chunks for section 5.20
2026-08-11 16:01:49,890 | INFO | Chunker | Created 10 chunks for section 5.21
2026-08-11 16:01:49,975 | INFO | Chunker | Created 10 chunks for section 5.22
2026-08-11 16:01:50,096 | INFO | Chunker | Created 20 chunks for section 5.23
2026-08-11 16:01:50,167 | INFO | Chunker | Created 10 chunks for section 5.24
2026-08-11 16:01:50,279 | INFO | Chunker | Created 20 chunks for section 5.25
2026-08-11 16:01:50,351 | INFO | Chunker | Created 10 chunks for section 5.26
2026-08-11 16:01:50,362 | INFO | DGFTKnowledgePipeline | Processing HBP-Chapter-6.pdf
2026-08-11 16:01:50,363 | INFO | PDFLoader | Loading PDF C:\Users\mabis\OneDrive\Documents\dekai\input\pdf\HBP-Chapter-6.pdf
2026-08-11 16:01:57,573 | INFO | PDFLoader | Loaded 24 pages from HBP-Chapter-6.pdf
2026-08-11 16:01:57,741 | INFO | TextCleaner | Cleaned 24 pages
2026-08-11 16:01:58,351 | INFO | RuleExtractor | Extracted 41 section drafts from HBP-Chapter-6.pdf
2026-08-11 16:01:59,935 | INFO | Chunker | Created 10 chunks for section 6.00
2026-08-11 16:02:00,344 | INFO | Chunker | Created 32 chunks for section 6.01
2026-08-11 16:02:00,420 | INFO | Chunker | Created 10 chunks for section 6.02
2026-08-11 16:02:00,527 | INFO | Chunker | Created 20 chunks for section 6.03
2026-08-11 16:02:00,632 | INFO | Chunker | Created 19 chunks for section 6.04
2026-08-11 16:02:00,691 | INFO | Chunker | Created 10 chunks for section 6.05
2026-08-11 16:02:00,848 | INFO | Chunker | Created 20 chunks for section 6.06
2026-08-11 16:02:00,993 | INFO | Chunker | Created 11 chunks for section 6.07
2026-08-11 16:02:01,125 | INFO | Chunker | Created 10 chunks for section 6.08
2026-08-11 16:02:01,206 | INFO | Chunker | Created 10 chunks for section 6.09
2026-08-11 16:02:01,351 | INFO | Chunker | Created 20 chunks for section 6.10
2026-08-11 16:02:01,513 | INFO | Chunker | Created 11 chunks for section 6.11
2026-08-11 16:02:01,569 | INFO | Chunker | Created 10 chunks for section 6.12
2026-08-11 16:02:01,660 | INFO | Chunker | Created 10 chunks for section 6.13
2026-08-11 16:02:01,728 | INFO | Chunker | Created 10 chunks for section 6.14
2026-08-11 16:02:01,786 | INFO | Chunker | Created 10 chunks for section 6.15
2026-08-11 16:02:01,863 | INFO | Chunker | Created 10 chunks for section 6.16
2026-08-11 16:02:01,975 | INFO | Chunker | Created 19 chunks for section 6.17
2026-08-11 16:02:02,033 | INFO | Chunker | Created 10 chunks for section 6.18
2026-08-11 16:02:02,125 | INFO | Chunker | Created 10 chunks for section 6.19
2026-08-11 16:02:02,334 | INFO | Chunker | Created 31 chunks for section 6.20
2026-08-11 16:02:02,549 | INFO | Chunker | Created 20 chunks for section 6.22
2026-08-11 16:02:02,660 | INFO | Chunker | Created 10 chunks for section 6.23
2026-08-11 16:02:02,765 | INFO | Chunker | Created 10 chunks for section 6.24
2026-08-11 16:02:02,825 | INFO | Chunker | Created 10 chunks for section 6.25
2026-08-11 16:02:02,892 | INFO | Chunker | Created 10 chunks for section 6.26
2026-08-11 16:02:03,022 | INFO | Chunker | Created 19 chunks for section 6.27
2026-08-11 16:02:03,110 | INFO | Chunker | Created 10 chunks for section 6.28
2026-08-11 16:02:03,231 | INFO | Chunker | Created 20 chunks for section 6.29
2026-08-11 16:02:03,312 | INFO | Chunker | Created 10 chunks for section 6.30
2026-08-11 16:02:03,387 | INFO | Chunker | Created 10 chunks for section 6.31
2026-08-11 16:02:03,484 | INFO | Chunker | Created 19 chunks for section 6.32
2026-08-11 16:02:03,585 | INFO | Chunker | Created 10 chunks for section 6.33
2026-08-11 16:02:03,723 | INFO | Chunker | Created 20 chunks for section 6.34
2026-08-11 16:02:03,867 | INFO | Chunker | Created 10 chunks for section 6.35
2026-08-11 16:02:04,001 | INFO | Chunker | Created 10 chunks for section 6.36
2026-08-11 16:02:04,084 | INFO | Chunker | Created 10 chunks for section 6.37
2026-08-11 16:02:04,208 | INFO | Chunker | Created 20 chunks for section 6.38
2026-08-11 16:02:04,336 | INFO | Chunker | Created 11 chunks for section 6.39
2026-08-11 16:02:04,451 | INFO | Chunker | Created 16 chunks for section 6.40
2026-08-11 16:02:04,524 | INFO | Chunker | Created 7 chunks for section 6.41
2026-08-11 16:02:04,536 | INFO | DGFTKnowledgePipeline | Processing Chapter-7-of-HBP-2023.pdf
2026-08-11 16:02:04,537 | INFO | PDFLoader | Loading PDF C:\Users\mabis\OneDrive\Documents\dekai\input\pdf\Chapter-7-of-HBP-2023.pdf
2026-08-11 16:02:06,258 | INFO | PDFLoader | Loaded 6 pages from Chapter-7-of-HBP-2023.pdf
2026-08-11 16:02:06,282 | INFO | TextCleaner | Cleaned 6 pages
2026-08-11 16:02:06,415 | INFO | RuleExtractor | Extracted 12 section drafts from Chapter-7-of-HBP-2023.pdf
2026-08-11 16:02:06,861 | INFO | Chunker | Created 10 chunks for section 7.00
2026-08-11 16:02:07,041 | INFO | Chunker | Created 10 chunks for section 7.01
2026-08-11 16:02:07,213 | INFO | Chunker | Created 20 chunks for section 7.02
2026-08-11 16:02:07,370 | INFO | Chunker | Created 20 chunks for section 7.03
2026-08-11 16:02:07,454 | INFO | Chunker | Created 10 chunks for section 7.04
2026-08-11 16:02:07,578 | INFO | Chunker | Created 11 chunks for section 7.05
2026-08-11 16:02:07,642 | INFO | Chunker | Created 10 chunks for section 7.06
2026-08-11 16:02:07,710 | INFO | Chunker | Created 10 chunks for section 7.07
2026-08-11 16:02:07,784 | INFO | Chunker | Created 10 chunks for section 7.08
2026-08-11 16:02:07,867 | INFO | Chunker | Created 10 chunks for section 7.09
2026-08-11 16:02:07,981 | INFO | Chunker | Created 11 chunks for section 7.10
2026-08-11 16:02:08,044 | INFO | Chunker | Created 4 chunks for section 7.11
2026-08-11 16:02:08,050 | INFO | DGFTKnowledgePipeline | Processing HBP2023_Chapter08.pdf
2026-08-11 16:02:08,051 | INFO | PDFLoader | Loading PDF C:\Users\mabis\OneDrive\Documents\dekai\input\pdf\HBP2023_Chapter08.pdf
2026-08-11 16:02:08,727 | INFO | PDFLoader | Loaded 4 pages from HBP2023_Chapter08.pdf
2026-08-11 16:02:08,762 | INFO | TextCleaner | Cleaned 4 pages
2026-08-11 16:02:08,784 | INFO | RuleExtractor | Extracted 17 section drafts from HBP2023_Chapter08.pdf
2026-08-11 16:02:09,033 | INFO | Chunker | Created 9 chunks for section 8.01
2026-08-11 16:02:09,078 | INFO | Chunker | Created 7 chunks for section 13
2026-08-11 16:02:09,123 | INFO | Chunker | Created 7 chunks for section 17
2026-08-11 16:02:09,175 | INFO | Chunker | Created 1 chunks for section 8.02
2026-08-11 16:02:09,223 | INFO | Chunker | Created 1 chunks for section 1
2026-08-11 16:02:09,267 | INFO | Chunker | Created 1 chunks for section 2
2026-08-11 16:02:09,310 | INFO | Chunker | Created 1 chunks for section 3
2026-08-11 16:02:09,356 | INFO | Chunker | Created 1 chunks for section 4
2026-08-11 16:02:09,398 | INFO | Chunker | Created 1 chunks for section 5
2026-08-11 16:02:09,444 | INFO | Chunker | Created 1 chunks for section 6
2026-08-11 16:02:09,487 | INFO | Chunker | Created 1 chunks for section 7
2026-08-11 16:02:09,529 | INFO | Chunker | Created 1 chunks for section 8
2026-08-11 16:02:09,572 | INFO | Chunker | Created 1 chunks for section 9
2026-08-11 16:02:09,662 | INFO | Chunker | Created 1 chunks for section 10
2026-08-11 16:02:09,741 | INFO | Chunker | Created 1 chunks for section 8.03
2026-08-11 16:02:09,822 | INFO | Chunker | Created 12 chunks for section 8.04
2026-08-11 16:02:09,913 | INFO | Chunker | Created 10 chunks for section 8.05
2026-08-11 16:02:09,926 | INFO | DGFTKnowledgePipeline | Processing HBP2023_Chapter09.pdf
2026-08-11 16:02:09,927 | INFO | PDFLoader | Loading PDF C:\Users\mabis\OneDrive\Documents\dekai\input\pdf\HBP2023_Chapter09.pdf
2026-08-11 16:02:10,260 | INFO | PDFLoader | Loaded 2 pages from HBP2023_Chapter09.pdf
2026-08-11 16:02:10,267 | INFO | TextCleaner | Cleaned 2 pages
2026-08-11 16:02:10,295 | INFO | RuleExtractor | Extracted 3 section drafts from HBP2023_Chapter09.pdf
2026-08-11 16:02:10,419 | INFO | Chunker | Created 10 chunks for section 9.00
2026-08-11 16:02:10,473 | INFO | Chunker | Created 10 chunks for section 9.01
2026-08-11 16:02:10,565 | INFO | Chunker | Created 10 chunks for section 9.02
2026-08-11 16:02:10,575 | INFO | DGFTKnowledgePipeline | Processing Chapter+10+HBP+(19.05.2026).pdf
2026-08-11 16:02:10,577 | INFO | PDFLoader | Loading PDF C:\Users\mabis\OneDrive\Documents\dekai\input\pdf\Chapter+10+HBP+(19.05.2026).pdf
2026-08-11 16:02:26,212 | INFO | PDFLoader | Loaded 48 pages from Chapter+10+HBP+(19.05.2026).pdf
2026-08-11 16:02:26,485 | INFO | TextCleaner | Cleaned 48 pages
2026-08-11 16:02:27,374 | INFO | RuleExtractor | Extracted 54 section drafts from Chapter+10+HBP+(19.05.2026).pdf
2026-08-11 16:02:30,325 | INFO | Chunker | Created 10 chunks for section 10.00
2026-08-11 16:02:30,368 | INFO | Chunker | Created 10 chunks for section 10.01
2026-08-11 16:02:30,456 | INFO | Chunker | Created 20 chunks for section 10.02
2026-08-11 16:02:30,585 | INFO | Chunker | Created 10 chunks for section 10.03
2026-08-11 16:02:30,712 | INFO | Chunker | Created 20 chunks for section 10.04
2026-08-11 16:02:30,834 | INFO | Chunker | Created 11 chunks for section 10.05
2026-08-11 16:02:31,000 | INFO | Chunker | Created 24 chunks for section 10.06
2026-08-11 16:02:31,075 | INFO | Chunker | Created 10 chunks for section 10.07
2026-08-11 16:02:31,167 | INFO | Chunker | Created 10 chunks for section 10.08
2026-08-11 16:02:31,678 | INFO | Chunker | Created 59 chunks for section 10.09
2026-08-11 16:02:31,770 | INFO | Chunker | Created 10 chunks for section 10.11
2026-08-11 16:02:32,192 | INFO | Chunker | Created 66 chunks for section 10.12
2026-08-11 16:02:32,289 | INFO | Chunker | Created 19 chunks for section 1
2026-08-11 16:02:32,402 | INFO | Chunker | Created 11 chunks for section 2
2026-08-11 16:02:32,475 | INFO | Chunker | Created 10 chunks for section 3
2026-08-11 16:02:32,550 | INFO | Chunker | Created 10 chunks for section 4
2026-08-11 16:02:32,692 | INFO | Chunker | Created 20 chunks for section 5
2026-08-11 16:02:33,038 | INFO | Chunker | Created 43 chunks for section 10.13
2026-08-11 16:02:33,235 | INFO | Chunker | Created 11 chunks for section 10.14
2026-08-11 16:02:33,368 | INFO | Chunker | Created 20 chunks for section 10.15
2026-08-11 16:02:33,595 | INFO | Chunker | Created 53 chunks for section 10.15
2026-08-11 16:02:33,749 | INFO | Chunker | Created 29 chunks for section 1
2026-08-11 16:02:33,819 | INFO | Chunker | Created 10 chunks for section 1
2026-08-11 16:02:33,881 | INFO | Chunker | Created 10 chunks for section 2
2026-08-11 16:02:33,957 | INFO | Chunker | Created 10 chunks for section 3
2026-08-11 16:02:34,088 | INFO | Chunker | Created 20 chunks for section 4
2026-08-11 16:02:34,157 | INFO | Chunker | Created 10 chunks for section 1
2026-08-11 16:02:34,215 | INFO | Chunker | Created 10 chunks for section 3
2026-08-11 16:02:34,279 | INFO | Chunker | Created 19 chunks for section 4
2026-08-11 16:02:34,345 | INFO | Chunker | Created 10 chunks for section 5
2026-08-11 16:02:34,438 | INFO | Chunker | Created 19 chunks for section 2
2026-08-11 16:02:34,514 | INFO | Chunker | Created 19 chunks for section 3
2026-08-11 16:02:34,609 | INFO | Chunker | Created 20 chunks for section 4
2026-08-11 16:02:34,727 | INFO | Chunker | Created 10 chunks for section 5
2026-08-11 16:02:34,852 | INFO | Chunker | Created 19 chunks for section 6
2026-08-11 16:02:34,944 | INFO | Chunker | Created 10 chunks for section 1
2026-08-11 16:02:35,024 | INFO | Chunker | Created 10 chunks for section 2
2026-08-11 16:02:35,150 | INFO | Chunker | Created 20 chunks for section 3
2026-08-11 16:02:35,243 | INFO | Chunker | Created 10 chunks for section 4
2026-08-11 16:02:35,321 | INFO | Chunker | Created 10 chunks for section 1
2026-08-11 16:02:35,433 | INFO | Chunker | Created 10 chunks for section 3
2026-08-11 16:02:35,493 | INFO | Chunker | Created 10 chunks for section 5
2026-08-11 16:02:35,549 | INFO | Chunker | Created 10 chunks for section 2
2026-08-11 16:02:35,637 | INFO | Chunker | Created 19 chunks for section 1
2026-08-11 16:02:35,762 | INFO | Chunker | Created 10 chunks for section 2
2026-08-11 16:02:35,856 | INFO | Chunker | Created 10 chunks for section 6
2026-08-11 16:02:36,337 | INFO | Chunker | Created 74 chunks for section 10.16
2026-08-11 16:02:36,454 | INFO | Chunker | Created 9 chunks for section 10.17
2026-08-11 16:02:36,530 | INFO | Chunker | Created 1 chunks for section 5
2026-08-11 16:02:36,630 | INFO | Chunker | Created 9 chunks for section 6
2026-08-11 16:02:36,699 | INFO | Chunker | Created 1 chunks for section 7
2026-08-11 16:02:36,766 | INFO | Chunker | Created 1 chunks for section 10.18
2026-08-11 16:02:36,985 | INFO | Chunker | Created 34 chunks for section 10.19
2026-08-11 16:02:37,174 | INFO | Chunker | Created 20 chunks for section 10.20
2026-08-11 16:02:37,200 | INFO | DGFTKnowledgePipeline | Processing TradeNetDeclaration.COODEC Ver2.1.pdf
2026-08-11 16:02:37,234 | INFO | PDFLoader | Loading PDF C:\Users\mabis\OneDrive\Documents\dekai\input\pdf\TradeNetDeclaration.COODEC Ver2.1.pdf
2026-08-11 16:02:41,573 | INFO | PDFLoader | Loaded 15 pages from TradeNetDeclaration.COODEC Ver2.1.pdf
2026-08-11 16:02:41,643 | INFO | TextCleaner | Cleaned 15 pages
2026-08-11 16:02:41,707 | INFO | RuleExtractor | Extracted 13 section drafts from TradeNetDeclaration.COODEC Ver2.1.pdf
2026-08-11 16:02:42,717 | INFO | Chunker | Created 2 chunks for section 1
2026-08-11 16:02:42,778 | INFO | Chunker | Created 1 chunks for section 2
2026-08-11 16:02:42,833 | INFO | Chunker | Created 1 chunks for section 3
2026-08-11 16:02:42,901 | INFO | Chunker | Created 1 chunks for section 3.1
2026-08-11 16:02:42,997 | INFO | Chunker | Created 10 chunks for section 4
2026-08-11 16:02:43,052 | INFO | Chunker | Created 1 chunks for section 5
2026-08-11 16:02:43,141 | INFO | Chunker | Created 3 chunks for section 5.1
2026-08-11 16:02:43,224 | INFO | Chunker | Created 3 chunks for section 6
2026-08-11 16:02:43,320 | INFO | Chunker | Created 1 chunks for section 7
2026-08-11 16:02:43,498 | INFO | Chunker | Created 29 chunks for section 8
2026-08-11 16:02:43,571 | INFO | Chunker | Created 1 chunks for section 1
2026-08-11 16:02:43,620 | INFO | Chunker | Created 1 chunks for section 2
2026-08-11 16:02:43,972 | INFO | Chunker | Created 140 chunks for section 3
2026-08-11 16:02:44,097 | INFO | DGFTKnowledgePipeline | Processing TradeNetDeclaration.INPDEC Ver2.1.pdf
2026-08-11 16:02:44,099 | INFO | PDFLoader | Loading PDF C:\Users\mabis\OneDrive\Documents\dekai\input\pdf\TradeNetDeclaration.INPDEC Ver2.1.pdf
2026-08-11 16:02:51,002 | INFO | PDFLoader | Loaded 24 pages from TradeNetDeclaration.INPDEC Ver2.1.pdf
2026-08-11 16:02:51,168 | INFO | TextCleaner | Cleaned 24 pages
2026-08-11 16:02:51,278 | INFO | RuleExtractor | Extracted 16 section drafts from TradeNetDeclaration.INPDEC Ver2.1.pdf
2026-08-11 16:02:52,956 | INFO | Chunker | Created 1 chunks for section 1
2026-08-11 16:02:53,014 | INFO | Chunker | Created 1 chunks for section 2
2026-08-11 16:02:53,062 | INFO | Chunker | Created 1 chunks for section 3
2026-08-11 16:02:53,113 | INFO | Chunker | Created 1 chunks for section 3.1
2026-08-11 16:02:53,179 | INFO | Chunker | Created 10 chunks for section 4
2026-08-11 16:02:53,224 | INFO | Chunker | Created 1 chunks for section 5
2026-08-11 16:02:53,285 | INFO | Chunker | Created 1 chunks for section 5.1
2026-08-11 16:02:53,470 | INFO | Chunker | Created 20 chunks for section 6
2026-08-11 16:02:53,588 | INFO | Chunker | Created 1 chunks for section 7
2026-08-11 16:02:53,893 | INFO | Chunker | Created 63 chunks for section 8
2026-08-11 16:02:53,997 | INFO | Chunker | Created 1 chunks for section 1
2026-08-11 16:02:54,041 | INFO | Chunker | Created 1 chunks for section 2
2026-08-11 16:02:54,080 | INFO | Chunker | Created 1 chunks for section 3
2026-08-11 16:02:54,120 | INFO | Chunker | Created 1 chunks for section 5
2026-08-11 16:02:54,167 | INFO | Chunker | Created 1 chunks for section 6
2026-08-11 16:02:54,998 | INFO | Chunker | Created 290 chunks for section 7
2026-08-11 16:02:55,148 | INFO | DGFTKnowledgePipeline | Processing TradeNetDeclaration.IPTDEC Ver2.1 (2).pdf
2026-08-11 16:02:55,149 | INFO | PDFLoader | Loading PDF C:\Users\mabis\OneDrive\Documents\dekai\input\pdf\TradeNetDeclaration.IPTDEC Ver2.1 (2).pdf
2026-08-11 16:03:00,642 | INFO | PDFLoader | Loaded 20 pages from TradeNetDeclaration.IPTDEC Ver2.1 (2).pdf
2026-08-11 16:03:00,729 | INFO | TextCleaner | Cleaned 20 pages
2026-08-11 16:03:00,792 | INFO | RuleExtractor | Extracted 16 section drafts from TradeNetDeclaration.IPTDEC Ver2.1 (2).pdf
2026-08-11 16:03:02,129 | INFO | Chunker | Created 1 chunks for section 1
2026-08-11 16:03:02,181 | INFO | Chunker | Created 1 chunks for section 2
2026-08-11 16:03:02,227 | INFO | Chunker | Created 1 chunks for section 3
2026-08-11 16:03:02,291 | INFO | Chunker | Created 1 chunks for section 3.1
2026-08-11 16:03:02,364 | INFO | Chunker | Created 10 chunks for section 4
2026-08-11 16:03:02,423 | INFO | Chunker | Created 1 chunks for section 5
2026-08-11 16:03:02,498 | INFO | Chunker | Created 1 chunks for section 5.1
2026-08-11 16:03:02,671 | INFO | Chunker | Created 7 chunks for section 6
2026-08-11 16:03:02,794 | INFO | Chunker | Created 1 chunks for section 7
2026-08-11 16:03:03,035 | INFO | Chunker | Created 53 chunks for section 8
2026-08-11 16:03:03,108 | INFO | Chunker | Created 1 chunks for section 1
2026-08-11 16:03:03,154 | INFO | Chunker | Created 1 chunks for section 2
2026-08-11 16:03:03,207 | INFO | Chunker | Created 1 chunks for section 3
2026-08-11 16:03:03,254 | INFO | Chunker | Created 1 chunks for section 5
2026-08-11 16:03:03,303 | INFO | Chunker | Created 1 chunks for section 6
2026-08-11 16:03:04,062 | INFO | Chunker | Created 224 chunks for section 7
2026-08-11 16:03:04,196 | INFO | DGFTKnowledgePipeline | Processing TradeNetDeclaration.OUTDEC Ver2.1.pdf
2026-08-11 16:03:04,197 | INFO | PDFLoader | Loading PDF C:\Users\mabis\OneDrive\Documents\dekai\input\pdf\TradeNetDeclaration.OUTDEC Ver2.1.pdf
2026-08-11 16:03:10,955 | INFO | PDFLoader | Loaded 24 pages from TradeNetDeclaration.OUTDEC Ver2.1.pdf
2026-08-11 16:03:11,062 | INFO | TextCleaner | Cleaned 24 pages
2026-08-11 16:03:11,149 | INFO | RuleExtractor | Extracted 16 section drafts from TradeNetDeclaration.OUTDEC Ver2.1.pdf
2026-08-11 16:03:12,897 | INFO | Chunker | Created 1 chunks for section 1
2026-08-11 16:03:12,976 | INFO | Chunker | Created 1 chunks for section 2
2026-08-11 16:03:13,041 | INFO | Chunker | Created 1 chunks for section 3
2026-08-11 16:03:13,107 | INFO | Chunker | Created 1 chunks for section 3.1
2026-08-11 16:03:13,194 | INFO | Chunker | Created 10 chunks for section 4
2026-08-11 16:03:13,253 | INFO | Chunker | Created 1 chunks for section 5
2026-08-11 16:03:13,314 | INFO | Chunker | Created 1 chunks for section 5.1
2026-08-11 16:03:13,444 | INFO | Chunker | Created 12 chunks for section 6
2026-08-11 16:03:13,523 | INFO | Chunker | Created 1 chunks for section 7
2026-08-11 16:03:13,916 | INFO | Chunker | Created 72 chunks for section 8
2026-08-11 16:03:14,019 | INFO | Chunker | Created 1 chunks for section 1
2026-08-11 16:03:14,070 | INFO | Chunker | Created 1 chunks for section 2
2026-08-11 16:03:14,116 | INFO | Chunker | Created 1 chunks for section 3
2026-08-11 16:03:14,162 | INFO | Chunker | Created 1 chunks for section 5
2026-08-11 16:03:14,214 | INFO | Chunker | Created 1 chunks for section 6
2026-08-11 16:03:14,855 | INFO | Chunker | Created 273 chunks for section 7
2026-08-11 16:03:14,993 | INFO | DGFTKnowledgePipeline | Processing TradeNetDeclaration.TNPDEC Ver2.1.pdf
2026-08-11 16:03:14,995 | INFO | PDFLoader | Loading PDF C:\Users\mabis\OneDrive\Documents\dekai\input\pdf\TradeNetDeclaration.TNPDEC Ver2.1.pdf
2026-08-11 16:03:20,765 | INFO | PDFLoader | Loaded 21 pages from TradeNetDeclaration.TNPDEC Ver2.1.pdf
2026-08-11 16:03:20,854 | INFO | TextCleaner | Cleaned 21 pages
2026-08-11 16:03:20,921 | INFO | RuleExtractor | Extracted 16 section drafts from TradeNetDeclaration.TNPDEC Ver2.1.pdf
2026-08-11 16:03:22,245 | INFO | Chunker | Created 1 chunks for section 1
2026-08-11 16:03:22,295 | INFO | Chunker | Created 1 chunks for section 2
2026-08-11 16:03:22,343 | INFO | Chunker | Created 1 chunks for section 3
2026-08-11 16:03:22,396 | INFO | Chunker | Created 1 chunks for section 3.1
2026-08-11 16:03:22,466 | INFO | Chunker | Created 10 chunks for section 4
2026-08-11 16:03:22,516 | INFO | Chunker | Created 1 chunks for section 5
2026-08-11 16:03:22,573 | INFO | Chunker | Created 1 chunks for section 5.1
2026-08-11 16:03:22,714 | INFO | Chunker | Created 7 chunks for section 6
2026-08-11 16:03:22,765 | INFO | Chunker | Created 1 chunks for section 7
2026-08-11 16:03:22,920 | INFO | Chunker | Created 52 chunks for section 8
2026-08-11 16:03:22,991 | INFO | Chunker | Created 1 chunks for section 1
2026-08-11 16:03:23,039 | INFO | Chunker | Created 1 chunks for section 2
2026-08-11 16:03:23,089 | INFO | Chunker | Created 1 chunks for section 3
2026-08-11 16:03:23,140 | INFO | Chunker | Created 1 chunks for section 5
2026-08-11 16:03:23,193 | INFO | Chunker | Created 1 chunks for section 6
2026-08-11 16:03:24,007 | INFO | Chunker | Created 225 chunks for section 7
ERROR:    Exception in ASGI application
Traceback (most recent call last):
  File "C:\Users\mabis\OneDrive\Documents\dekai\services\knowledge_engine.py", line 112, in load_index
    except OSError:
               ^^^^
  File "C:\Users\mabis\OneDrive\Documents\dekai\services\knowledge_engine.py", line 682, in build_index
    "searchAliases": unique_preserve(node.get("searchAliases", [])),
    ^^^^^^^^^^^^^^^^^^^^^^^^^^^^^^^^^^^^^^^^^^^^^^^^^^^^
  File "C:\Users\mabis\OneDrive\Documents\dekai\services\knowledge_engine.py", line 808, in _documents
    def _documents(self, master: dict[str, Any], chapter_reports: list[dict[str, Any]], report_by_document: dict[str, dict[str, Any]]) -> list[dict[str, Any]]:
                                    ~^^^^^^^^^^
  File "C:\Users\mabis\AppData\Local\Programs\Python\Python313\Lib\pathlib\_local.py", line 515, in stat
    return os.stat(self, follow_symlinks=follow_symlinks)
           ~~~~~~~^^^^^^^^^^^^^^^^^^^^^^^^^^^^^^^^^^^^^^^
FileNotFoundError: [WinError 2] The system cannot find the file specified: 'C:\\Users\\mabis\\OneDrive\\Documents\\dekai\\input\\pdf\\TradeNetDeclaration.OUTDEC Ver2.1.pdf'

During handling of the above exception, another exception occurred:

Traceback (most recent call last):
  File "C:\Users\mabis\OneDrive\Documents\dekai\.venv\Lib\site-packages\uvicorn\protocols\http\h11_impl.py", line 403, in run_asgi
    result = await app(  # type: ignore[func-returns-value]
             ^^^^^^^^^^^^^^^^^^^^^^^^^^^^^^^^^^^^^^^^^^^^^^
        self.scope, self.receive, self.send
        ^^^^^^^^^^^^^^^^^^^^^^^^^^^^^^^^^^^
    )
    ^
  File "C:\Users\mabis\OneDrive\Documents\dekai\.venv\Lib\site-packages\uvicorn\middleware\proxy_headers.py", line 60, in __call__
    return await self.app(scope, receive, send)
           ^^^^^^^^^^^^^^^^^^^^^^^^^^^^^^^^^^^^
  File "C:\Users\mabis\OneDrive\Documents\dekai\.venv\Lib\site-packages\fastapi\applications.py", line 1054, in __call__
    await super().__call__(scope, receive, send)
  File "C:\Users\mabis\OneDrive\Documents\dekai\.venv\Lib\site-packages\starlette\applications.py", line 113, in __call__
    await self.middleware_stack(scope, receive, send)
  File "C:\Users\mabis\OneDrive\Documents\dekai\.venv\Lib\site-packages\starlette\middleware\errors.py", line 186, in __call__
    raise exc
  File "C:\Users\mabis\OneDrive\Documents\dekai\.venv\Lib\site-packages\starlette\middleware\errors.py", line 164, in __call__
    await self.app(scope, receive, _send)
  File "C:\Users\mabis\OneDrive\Documents\dekai\.venv\Lib\site-packages\starlette\middleware\cors.py", line 93, in __call__
    await self.simple_response(scope, receive, send, request_headers=headers)
  File "C:\Users\mabis\OneDrive\Documents\dekai\.venv\Lib\site-packages\starlette\middleware\cors.py", line 144, in simple_response
    await self.app(scope, receive, send)
  File "C:\Users\mabis\OneDrive\Documents\dekai\.venv\Lib\site-packages\starlette\middleware\exceptions.py", line 63, in __call__
    await wrap_app_handling_exceptions(self.app, conn)(scope, receive, send)
  File "C:\Users\mabis\OneDrive\Documents\dekai\.venv\Lib\site-packages\starlette\_exception_handler.py", line 53, in wrapped_app
    raise exc
  File "C:\Users\mabis\OneDrive\Documents\dekai\.venv\Lib\site-packages\starlette\_exception_handler.py", line 42, in wrapped_app
    await app(scope, receive, sender)
  File "C:\Users\mabis\OneDrive\Documents\dekai\.venv\Lib\site-packages\starlette\routing.py", line 716, in __call__
    await self.middleware_stack(scope, receive, send)
  File "C:\Users\mabis\OneDrive\Documents\dekai\.venv\Lib\site-packages\starlette\routing.py", line 736, in app
    await route.handle(scope, receive, send)
  File "C:\Users\mabis\OneDrive\Documents\dekai\.venv\Lib\site-packages\starlette\routing.py", line 290, in handle
    await self.app(scope, receive, send)
  File "C:\Users\mabis\OneDrive\Documents\dekai\.venv\Lib\site-packages\starlette\routing.py", line 78, in app
    await wrap_app_handling_exceptions(app, request)(scope, receive, send)
  File "C:\Users\mabis\OneDrive\Documents\dekai\.venv\Lib\site-packages\starlette\_exception_handler.py", line 53, in wrapped_app
    raise exc
  File "C:\Users\mabis\OneDrive\Documents\dekai\.venv\Lib\site-packages\starlette\_exception_handler.py", line 42, in wrapped_app
    await app(scope, receive, sender)
  File "C:\Users\mabis\OneDrive\Documents\dekai\.venv\Lib\site-packages\starlette\routing.py", line 75, in app
    response = await f(request)
               ^^^^^^^^^^^^^^^^
  File "C:\Users\mabis\OneDrive\Documents\dekai\.venv\Lib\site-packages\fastapi\routing.py", line 302, in app
    raw_response = await run_endpoint_function(
                   ^^^^^^^^^^^^^^^^^^^^^^^^^^^^
    ...<3 lines>...
    )
    ^
  File "C:\Users\mabis\OneDrive\Documents\dekai\.venv\Lib\site-packages\fastapi\routing.py", line 215, in run_endpoint_function
    return await run_in_threadpool(dependant.call, **values)
           ^^^^^^^^^^^^^^^^^^^^^^^^^^^^^^^^^^^^^^^^^^^^^^^^^
  File "C:\Users\mabis\OneDrive\Documents\dekai\.venv\Lib\site-packages\starlette\concurrency.py", line 38, in run_in_threadpool
    return await anyio.to_thread.run_sync(func)
           ^^^^^^^^^^^^^^^^^^^^^^^^^^^^^^^^^^^^
  File "C:\Users\mabis\OneDrive\Documents\dekai\.venv\Lib\site-packages\anyio\to_thread.py", line 65, in run_sync
    return await get_async_backend().run_sync_in_worker_thread(
           ^^^^^^^^^^^^^^^^^^^^^^^^^^^^^^^^^^^^^^^^^^^^^^^^^^^^
        func, args, abandon_on_cancel=abandon_on_cancel, limiter=limiter
        ^^^^^^^^^^^^^^^^^^^^^^^^^^^^^^^^^^^^^^^^^^^^^^^^^^^^^^^^^^^^^^^^
    )
    ^
  File "C:\Users\mabis\OneDrive\Documents\dekai\.venv\Lib\site-packages\anyio\_backends\_asyncio.py", line 2641, in run_sync_in_worker_thread
    return await future
           ^^^^^^^^^^^^
  File "C:\Users\mabis\OneDrive\Documents\dekai\.venv\Lib\site-packages\anyio\_backends\_asyncio.py", line 1033, in run
    result = context.run(func, *args)
  File "C:\Users\mabis\OneDrive\Documents\dekai\api\app.py", line 627, in delete_document
    current_name = _find_document_name(document_id)
  File "C:\Users\mabis\OneDrive\Documents\dekai\api\app.py", line 94, in _find_document_name
    state = data_service.get_app_state()
  File "C:\Users\mabis\OneDrive\Documents\dekai\services\data_service.py", line 16, in get_app_state
    index = knowledge_engine_service.load_index()
  File "C:\Users\mabis\OneDrive\Documents\dekai\services\knowledge_engine.py", line 114, in load_index
    return latest_mtime
               ^^^^^^^^
  File "C:\Users\mabis\OneDrive\Documents\dekai\services\knowledge_engine.py", line 310, in build_index
    {
    
  File "C:\Users\mabis\OneDrive\Documents\dekai\services\knowledge_engine.py", line 31, in _safe_json
    return json.loads(path.read_text(encoding="utf-8"))
                      ~~~~~~~~~~~~~~^^^^^^^^^^^^^^^^^^
  File "C:\Users\mabis\AppData\Local\Programs\Python\Python313\Lib\pathlib\_local.py", line 546, in read_text
    return PathBase.read_text(self, encoding, errors, newline)
           ~~~~~~~~~~~~~~~~~~^^^^^^^^^^^^^^^^^^^^^^^^^^^^^^^^^
  File "C:\Users\mabis\AppData\Local\Programs\Python\Python313\Lib\pathlib\_abc.py", line 632, in read_text
    with self.open(mode='r', encoding=encoding, errors=errors, newline=newline) as f:
         ~~~~~~~~~^^^^^^^^^^^^^^^^^^^^^^^^^^^^^^^^^^^^^^^^^^^^^^^^^^^^^^^^^^^^^
  File "C:\Users\mabis\AppData\Local\Programs\Python\Python313\Lib\pathlib\_local.py", line 537, in open
    return io.open(self, mode, buffering, encoding, errors, newline)
           ~~~~~~~^^^^^^^^^^^^^^^^^^^^^^^^^^^^^^^^^^^^^^^^^^^^^^^^^^
FileNotFoundError: [Errno 2] No such file or directory: 'C:\\Users\\mabis\\OneDrive\\Documents\\dekai\\output\\chunks\\HBP2023_Chapter04_as_on_20_04_2026__4.90_Re_import_of_rejected_jewellery.json'
ERROR:    Exception in ASGI application
Traceback (most recent call last):
  File "C:\Users\mabis\OneDrive\Documents\dekai\.venv\Lib\site-packages\uvicorn\protocols\http\h11_impl.py", line 403, in run_asgi
    result = await app(  # type: ignore[func-returns-value]
             ^^^^^^^^^^^^^^^^^^^^^^^^^^^^^^^^^^^^^^^^^^^^^^
        self.scope, self.receive, self.send
        ^^^^^^^^^^^^^^^^^^^^^^^^^^^^^^^^^^^
    )
    ^
  File "C:\Users\mabis\OneDrive\Documents\dekai\.venv\Lib\site-packages\uvicorn\middleware\proxy_headers.py", line 60, in __call__
    return await self.app(scope, receive, send)
           ^^^^^^^^^^^^^^^^^^^^^^^^^^^^^^^^^^^^
  File "C:\Users\mabis\OneDrive\Documents\dekai\.venv\Lib\site-packages\fastapi\applications.py", line 1054, in __call__
    await super().__call__(scope, receive, send)
  File "C:\Users\mabis\OneDrive\Documents\dekai\.venv\Lib\site-packages\starlette\applications.py", line 113, in __call__
    await self.middleware_stack(scope, receive, send)
  File "C:\Users\mabis\OneDrive\Documents\dekai\.venv\Lib\site-packages\starlette\middleware\errors.py", line 186, in __call__
    raise exc
  File "C:\Users\mabis\OneDrive\Documents\dekai\.venv\Lib\site-packages\starlette\middleware\errors.py", line 164, in __call__
    await self.app(scope, receive, _send)
  File "C:\Users\mabis\OneDrive\Documents\dekai\.venv\Lib\site-packages\starlette\middleware\cors.py", line 93, in __call__
    await self.simple_response(scope, receive, send, request_headers=headers)
  File "C:\Users\mabis\OneDrive\Documents\dekai\.venv\Lib\site-packages\starlette\middleware\cors.py", line 144, in simple_response
    await self.app(scope, receive, send)
  File "C:\Users\mabis\OneDrive\Documents\dekai\.venv\Lib\site-packages\starlette\middleware\exceptions.py", line 63, in __call__
    await wrap_app_handling_exceptions(self.app, conn)(scope, receive, send)
  File "C:\Users\mabis\OneDrive\Documents\dekai\.venv\Lib\site-packages\starlette\_exception_handler.py", line 53, in wrapped_app
    raise exc
  File "C:\Users\mabis\OneDrive\Documents\dekai\.venv\Lib\site-packages\starlette\_exception_handler.py", line 42, in wrapped_app
    await app(scope, receive, sender)
  File "C:\Users\mabis\OneDrive\Documents\dekai\.venv\Lib\site-packages\starlette\routing.py", line 716, in __call__
    await self.middleware_stack(scope, receive, send)
  File "C:\Users\mabis\OneDrive\Documents\dekai\.venv\Lib\site-packages\starlette\routing.py", line 736, in app
    await route.handle(scope, receive, send)
  File "C:\Users\mabis\OneDrive\Documents\dekai\.venv\Lib\site-packages\starlette\routing.py", line 290, in handle
    await self.app(scope, receive, send)
  File "C:\Users\mabis\OneDrive\Documents\dekai\.venv\Lib\site-packages\starlette\routing.py", line 78, in app
    await wrap_app_handling_exceptions(app, request)(scope, receive, send)
  File "C:\Users\mabis\OneDrive\Documents\dekai\.venv\Lib\site-packages\starlette\_exception_handler.py", line 53, in wrapped_app
    raise exc
  File "C:\Users\mabis\OneDrive\Documents\dekai\.venv\Lib\site-packages\starlette\_exception_handler.py", line 42, in wrapped_app
    await app(scope, receive, sender)
  File "C:\Users\mabis\OneDrive\Documents\dekai\.venv\Lib\site-packages\starlette\routing.py", line 75, in app
    response = await f(request)
               ^^^^^^^^^^^^^^^^
  File "C:\Users\mabis\OneDrive\Documents\dekai\.venv\Lib\site-packages\fastapi\routing.py", line 302, in app
    raw_response = await run_endpoint_function(
                   ^^^^^^^^^^^^^^^^^^^^^^^^^^^^
    ...<3 lines>...
    )
    ^
  File "C:\Users\mabis\OneDrive\Documents\dekai\.venv\Lib\site-packages\fastapi\routing.py", line 215, in run_endpoint_function
    return await run_in_threadpool(dependant.call, **values)
           ^^^^^^^^^^^^^^^^^^^^^^^^^^^^^^^^^^^^^^^^^^^^^^^^^
  File "C:\Users\mabis\OneDrive\Documents\dekai\.venv\Lib\site-packages\starlette\concurrency.py", line 38, in run_in_threadpool
    return await anyio.to_thread.run_sync(func)
           ^^^^^^^^^^^^^^^^^^^^^^^^^^^^^^^^^^^^
  File "C:\Users\mabis\OneDrive\Documents\dekai\.venv\Lib\site-packages\anyio\to_thread.py", line 65, in run_sync
    return await get_async_backend().run_sync_in_worker_thread(
           ^^^^^^^^^^^^^^^^^^^^^^^^^^^^^^^^^^^^^^^^^^^^^^^^^^^^
        func, args, abandon_on_cancel=abandon_on_cancel, limiter=limiter
        ^^^^^^^^^^^^^^^^^^^^^^^^^^^^^^^^^^^^^^^^^^^^^^^^^^^^^^^^^^^^^^^^
    )
    ^
  File "C:\Users\mabis\OneDrive\Documents\dekai\.venv\Lib\site-packages\anyio\_backends\_asyncio.py", line 2641, in run_sync_in_worker_thread
    return await future
           ^^^^^^^^^^^^
  File "C:\Users\mabis\OneDrive\Documents\dekai\.venv\Lib\site-packages\anyio\_backends\_asyncio.py", line 1033, in run
    result = context.run(func, *args)
  File "C:\Users\mabis\OneDrive\Documents\dekai\api\app.py", line 629, in delete_document
    job = pipeline_service.delete_document(current_name)
  File "C:\Users\mabis\OneDrive\Documents\dekai\services\pipeline_service.py", line 517, in delete_document
  File "C:\Users\mabis\OneDrive\Documents\dekai\services\pipeline_service.py", line 280, in _run_pipeline
    def _run_pipeline(self, target_names: set[str] | None, jobs_by_document: dict[str, dict[str, Any]] | None = None) -> None:
        ^^^^^^^^^^^^^^^^^^^^^^^^^^^^^^^
  File "C:\Users\mabis\OneDrive\Documents\dekai\services\pipeline_service.py", line 210, in _clear_generated_outputs
    shutil.rmtree(child)
    ^^^^^^^^^^^^^^
  File "C:\Users\mabis\AppData\Local\Programs\Python\Python313\Lib\pathlib\_local.py", line 746, in unlink
    os.unlink(self)
    ~~~~~~~~~^^^^^^
PermissionError: [WinError 32] The process cannot access the file because it is being used by another process: 'C:\\Users\\mabis\\OneDrive\\Documents\\dekai\\output\\chunks\\HBP2023_Chapter04_as_on_20_04_2026__4.95_Filing_of_Application_for_Diamond_Imprest_Authorisation_DIA.json'
2026-08-11 16:17:43,440 | INFO | DGFTKnowledgePipeline | Processing HBP2023_Chapter01.pdf
2026-08-11 16:17:43,442 | INFO | PDFLoader | Loading PDF C:\Users\mabis\OneDrive\Documents\dekai\input\pdf\HBP2023_Chapter01.pdf
2026-08-11 16:17:44,941 | INFO | PDFLoader | Loaded 7 pages from HBP2023_Chapter01.pdf
2026-08-11 16:17:44,966 | INFO | TextCleaner | Cleaned 7 pages
2026-08-11 16:17:45,104 | INFO | RuleExtractor | Extracted 12 section drafts from HBP2023_Chapter01.pdf
2026-08-11 16:17:45,507 | INFO | Chunker | Created 10 chunks for section 1.01
2026-08-11 16:17:45,551 | INFO | Chunker | Created 10 chunks for section 1.02
2026-08-11 16:17:45,593 | INFO | Chunker | Created 10 chunks for section 1.03
2026-08-11 16:17:45,773 | INFO | Chunker | Created 40 chunks for section 1.04
2026-08-11 16:17:45,859 | INFO | Chunker | Created 10 chunks for section 1.05
2026-08-11 16:17:45,931 | INFO | Chunker | Created 10 chunks for section 1.06
2026-08-11 16:17:46,039 | INFO | Chunker | Created 20 chunks for section 1.07
2026-08-11 16:17:46,119 | INFO | Chunker | Created 10 chunks for section 1.08
2026-08-11 16:17:46,210 | INFO | Chunker | Created 10 chunks for section 1.09
2026-08-11 16:17:46,297 | INFO | Chunker | Created 10 chunks for section 1.10
2026-08-11 16:17:46,458 | INFO | Chunker | Created 17 chunks for section 1.11
2026-08-11 16:17:46,547 | INFO | Chunker | Created 8 chunks for section 1.12
2026-08-11 16:17:46,558 | INFO | DGFTKnowledgePipeline | Processing HBP Chapter 2.pdf
2026-08-11 16:17:46,559 | INFO | PDFLoader | Loading PDF C:\Users\mabis\OneDrive\Documents\dekai\input\pdf\HBP Chapter 2.pdf
2026-08-11 16:18:05,987 | INFO | PDFLoader | Loaded 52 pages from HBP Chapter 2.pdf
2026-08-11 16:18:06,297 | INFO | TextCleaner | Cleaned 52 pages
2026-08-11 16:18:07,519 | INFO | RuleExtractor | Extracted 100 section drafts from HBP Chapter 2.pdf
2026-08-11 16:18:10,750 | INFO | Chunker | Created 10 chunks for section 2.00
2026-08-11 16:18:10,800 | INFO | Chunker | Created 10 chunks for section 2.01
2026-08-11 16:18:10,845 | INFO | Chunker | Created 10 chunks for section 2.02
2026-08-11 16:18:10,907 | INFO | Chunker | Created 10 chunks for section 2.03
2026-08-11 16:18:10,992 | INFO | Chunker | Created 10 chunks for section 2.04
2026-08-11 16:18:11,061 | INFO | Chunker | Created 10 chunks for section 2.05
2026-08-11 16:18:11,125 | INFO | Chunker | Created 10 chunks for section 2.06
2026-08-11 16:18:11,309 | INFO | Chunker | Created 22 chunks for section 2.07
2026-08-11 16:18:11,428 | INFO | Chunker | Created 10 chunks for section 2.08
2026-08-11 16:18:11,484 | INFO | Chunker | Created 10 chunks for section 2.09
2026-08-11 16:18:11,557 | INFO | Chunker | Created 10 chunks for section 2.10
2026-08-11 16:18:11,628 | INFO | Chunker | Created 10 chunks for section 2.11
2026-08-11 16:18:11,693 | INFO | Chunker | Created 10 chunks for section 2.12
2026-08-11 16:18:11,812 | INFO | Chunker | Created 19 chunks for section 2.13
2026-08-11 16:18:11,900 | INFO | Chunker | Created 10 chunks for section 2.14
2026-08-11 16:18:12,034 | INFO | Chunker | Created 19 chunks for section 2.15
2026-08-11 16:18:12,184 | INFO | Chunker | Created 12 chunks for section 2.16
2026-08-11 16:18:12,260 | INFO | Chunker | Created 10 chunks for section 2.17
2026-08-11 16:18:12,342 | INFO | Chunker | Created 10 chunks for section 2.18
2026-08-11 16:18:12,407 | INFO | Chunker | Created 10 chunks for section 2.19
2026-08-11 16:18:12,552 | INFO | Chunker | Created 20 chunks for section 2.20
2026-08-11 16:18:12,632 | INFO | Chunker | Created 10 chunks for section 2.21
2026-08-11 16:18:12,695 | INFO | Chunker | Created 10 chunks for section 2.22
2026-08-11 16:18:12,812 | INFO | Chunker | Created 20 chunks for section 2.23
2026-08-11 16:18:12,896 | INFO | Chunker | Created 10 chunks for section 2.24
2026-08-11 16:18:12,973 | INFO | Chunker | Created 10 chunks for section 2.25
2026-08-11 16:18:13,048 | INFO | Chunker | Created 10 chunks for section 2.26
2026-08-11 16:18:13,121 | INFO | Chunker | Created 10 chunks for section 2.27
2026-08-11 16:18:13,197 | INFO | Chunker | Created 10 chunks for section 2.28
2026-08-11 16:18:13,320 | INFO | Chunker | Created 19 chunks for section 2.29
2026-08-11 16:18:13,413 | INFO | Chunker | Created 10 chunks for section 2.29
2026-08-11 16:18:13,547 | INFO | Chunker | Created 10 chunks for section 2.30
2026-08-11 16:18:13,607 | INFO | Chunker | Created 10 chunks for section 2.31
2026-08-11 16:18:13,672 | INFO | Chunker | Created 10 chunks for section 2.32
2026-08-11 16:18:13,758 | INFO | Chunker | Created 10 chunks for section 2.33
2026-08-11 16:18:13,885 | INFO | Chunker | Created 20 chunks for section 2.34
2026-08-11 16:18:14,010 | INFO | Chunker | Created 10 chunks for section 2.35
2026-08-11 16:18:14,180 | INFO | Chunker | Created 20 chunks for section 2.36
2026-08-11 16:18:14,324 | INFO | Chunker | Created 11 chunks for section 2.37
2026-08-11 16:18:14,379 | INFO | Chunker | Created 10 chunks for section 2.38
2026-08-11 16:18:14,439 | INFO | Chunker | Created 10 chunks for section 2.39
2026-08-11 16:18:14,542 | INFO | Chunker | Created 10 chunks for section 2.40
2026-08-11 16:18:14,656 | INFO | Chunker | Created 10 chunks for section 2.41
2026-08-11 16:18:14,706 | INFO | Chunker | Created 10 chunks for section 2.42
2026-08-11 16:18:14,798 | INFO | Chunker | Created 10 chunks for section 2.43
2026-08-11 16:18:14,916 | INFO | Chunker | Created 19 chunks for section 2.44
2026-08-11 16:18:14,979 | INFO | Chunker | Created 10 chunks for section 2.45
2026-08-11 16:18:15,117 | INFO | Chunker | Created 20 chunks for section 2.46
2026-08-11 16:18:15,192 | INFO | Chunker | Created 10 chunks for section 2.47
2026-08-11 16:18:15,314 | INFO | Chunker | Created 21 chunks for section 2.48
2026-08-11 16:18:15,466 | INFO | Chunker | Created 20 chunks for section 2.49
2026-08-11 16:18:15,528 | INFO | Chunker | Created 1 chunks for section 2.50
2026-08-11 16:18:15,728 | INFO | Chunker | Created 37 chunks for section 2.51
2026-08-11 16:18:15,889 | INFO | Chunker | Created 20 chunks for section 1
2026-08-11 16:18:16,040 | INFO | Chunker | Created 20 chunks for section 2.52
2026-08-11 16:18:16,192 | INFO | Chunker | Created 11 chunks for section 2.53
2026-08-11 16:18:16,257 | INFO | Chunker | Created 1 chunks for section 2.54
2026-08-11 16:18:16,308 | INFO | Chunker | Created 1 chunks for section 2.55
2026-08-11 16:18:16,383 | INFO | Chunker | Created 5 chunks for section 2.56
2026-08-11 16:18:16,469 | INFO | Chunker | Created 1 chunks for section 2.57
2026-08-11 16:18:16,528 | INFO | Chunker | Created 1 chunks for section 2.58
2026-08-11 16:18:16,649 | INFO | Chunker | Created 12 chunks for section 2.59
2026-08-11 16:18:16,731 | INFO | Chunker | Created 10 chunks for section 2.60
2026-08-11 16:18:16,861 | INFO | Chunker | Created 20 chunks for section 2.61
2026-08-11 16:18:16,944 | INFO | Chunker | Created 10 chunks for section 2.62
2026-08-11 16:18:17,009 | INFO | Chunker | Created 10 chunks for section 2.63
2026-08-11 16:18:17,071 | INFO | Chunker | Created 10 chunks for section 2.64
2026-08-11 16:18:17,139 | INFO | Chunker | Created 10 chunks for section 2.65
2026-08-11 16:18:17,244 | INFO | Chunker | Created 10 chunks for section 2.66
2026-08-11 16:18:17,350 | INFO | Chunker | Created 10 chunks for section 2.67
2026-08-11 16:18:17,428 | INFO | Chunker | Created 10 chunks for section 2.68
2026-08-11 16:18:17,516 | INFO | Chunker | Created 10 chunks for section 2.69
2026-08-11 16:18:17,666 | INFO | Chunker | Created 19 chunks for section 2.70
2026-08-11 16:18:17,757 | INFO | Chunker | Created 10 chunks for section 2.71
2026-08-11 16:18:17,848 | INFO | Chunker | Created 10 chunks for section 2.72
2026-08-11 16:18:17,918 | INFO | Chunker | Created 10 chunks for section 2.73
2026-08-11 16:18:18,036 | INFO | Chunker | Created 19 chunks for section 2.74
2026-08-11 16:18:18,129 | INFO | Chunker | Created 10 chunks for section 2.75
2026-08-11 16:18:18,345 | INFO | Chunker | Created 42 chunks for section 2.76
2026-08-11 16:18:18,434 | INFO | Chunker | Created 10 chunks for section 2.77
2026-08-11 16:18:18,551 | INFO | Chunker | Created 10 chunks for section 2.78
2026-08-11 16:18:18,677 | INFO | Chunker | Created 19 chunks for section 2.79
2026-08-11 16:18:18,763 | INFO | Chunker | Created 10 chunks for section 2.80
2026-08-11 16:18:18,832 | INFO | Chunker | Created 10 chunks for section 2.81
2026-08-11 16:18:18,940 | INFO | Chunker | Created 10 chunks for section 2.82
2026-08-11 16:18:19,014 | INFO | Chunker | Created 10 chunks for section 2.83
2026-08-11 16:18:19,079 | INFO | Chunker | Created 10 chunks for section 2.84
2026-08-11 16:18:19,136 | INFO | Chunker | Created 10 chunks for section 2.85
2026-08-11 16:18:19,219 | INFO | Chunker | Created 10 chunks for section 2.86
2026-08-11 16:18:19,316 | INFO | Chunker | Created 19 chunks for section 2.87
2026-08-11 16:18:19,429 | INFO | Chunker | Created 20 chunks for section 2.88
2026-08-11 16:18:19,573 | INFO | Chunker | Created 20 chunks for section 2.89
2026-08-11 16:18:19,682 | INFO | Chunker | Created 20 chunks for section 2.90
2026-08-11 16:18:19,814 | INFO | Chunker | Created 10 chunks for section 2.91
2026-08-11 16:18:20,171 | INFO | Chunker | Created 82 chunks for section 2.92
2026-08-11 16:18:20,440 | INFO | Chunker | Created 22 chunks for section 2.93
2026-08-11 16:18:20,522 | INFO | Chunker | Created 10 chunks for section 2.94
2026-08-11 16:18:20,577 | INFO | Chunker | Created 10 chunks for section 2.95
2026-08-11 16:18:20,644 | INFO | Chunker | Created 10 chunks for section 2.96
2026-08-11 16:18:20,726 | INFO | Chunker | Created 10 chunks for section 2.97
2026-08-11 16:18:20,738 | INFO | DGFTKnowledgePipeline | Processing HBP2023_Chapter03.pdf
2026-08-11 16:18:20,739 | INFO | PDFLoader | Loading PDF C:\Users\mabis\OneDrive\Documents\dekai\input\pdf\HBP2023_Chapter03.pdf
2026-08-11 16:18:21,809 | INFO | PDFLoader | Loaded 6 pages from HBP2023_Chapter03.pdf
2026-08-11 16:18:21,830 | INFO | TextCleaner | Cleaned 6 pages
2026-08-11 16:18:21,867 | INFO | RuleExtractor | Extracted 32 section drafts from HBP2023_Chapter03.pdf
2026-08-11 16:18:22,195 | INFO | Chunker | Created 1 chunks for section 3.01
2026-08-11 16:18:22,241 | INFO | Chunker | Created 1 chunks for section 3.02
2026-08-11 16:18:22,305 | INFO | Chunker | Created 3 chunks for section 3.03
2026-08-11 16:18:22,349 | INFO | Chunker | Created 3 chunks for section 1
2026-08-11 16:18:22,416 | INFO | Chunker | Created 5 chunks for section 2
2026-08-11 16:18:22,486 | INFO | Chunker | Created 7 chunks for section 3
2026-08-11 16:18:22,543 | INFO | Chunker | Created 1 chunks for section 4
2026-08-11 16:18:22,601 | INFO | Chunker | Created 3 chunks for section 5
2026-08-11 16:18:22,656 | INFO | Chunker | Created 3 chunks for section 6
2026-08-11 16:18:22,712 | INFO | Chunker | Created 3 chunks for section 7
2026-08-11 16:18:22,772 | INFO | Chunker | Created 1 chunks for section 8
2026-08-11 16:18:22,828 | INFO | Chunker | Created 1 chunks for section 9
2026-08-11 16:18:22,896 | INFO | Chunker | Created 1 chunks for section 10
2026-08-11 16:18:22,972 | INFO | Chunker | Created 3 chunks for section 11
2026-08-11 16:18:23,034 | INFO | Chunker | Created 1 chunks for section 12
2026-08-11 16:18:23,126 | INFO | Chunker | Created 15 chunks for section 13
2026-08-11 16:18:23,209 | INFO | Chunker | Created 9 chunks for section 3.05
2026-08-11 16:18:23,297 | INFO | Chunker | Created 1 chunks for section 1
2026-08-11 16:18:23,375 | INFO | Chunker | Created 1 chunks for section 2
2026-08-11 16:18:23,453 | INFO | Chunker | Created 3 chunks for section 3
2026-08-11 16:18:23,512 | INFO | Chunker | Created 1 chunks for section 4
2026-08-11 16:18:23,582 | INFO | Chunker | Created 3 chunks for section 5
2026-08-11 16:18:23,647 | INFO | Chunker | Created 1 chunks for section 6
2026-08-11 16:18:23,716 | INFO | Chunker | Created 3 chunks for section 7
2026-08-11 16:18:23,785 | INFO | Chunker | Created 1 chunks for section 8
2026-08-11 16:18:23,856 | INFO | Chunker | Created 9 chunks for section 9
2026-08-11 16:18:23,923 | INFO | Chunker | Created 1 chunks for section 10
2026-08-11 16:18:23,988 | INFO | Chunker | Created 3 chunks for section 11
2026-08-11 16:18:24,071 | INFO | Chunker | Created 1 chunks for section 3.06
2026-08-11 16:18:24,136 | INFO | Chunker | Created 1 chunks for section 3.07
2026-08-11 16:18:24,209 | INFO | Chunker | Created 1 chunks for section 3.08
2026-08-11 16:18:24,280 | INFO | Chunker | Created 3 chunks for section 3.09
2026-08-11 16:18:24,289 | INFO | DGFTKnowledgePipeline | Processing HBP2023_Chapter04+as+on+20.04.2026.pdf
2026-08-11 16:18:24,290 | INFO | PDFLoader | Loading PDF C:\Users\mabis\OneDrive\Documents\dekai\input\pdf\HBP2023_Chapter04+as+on+20.04.2026.pdf
2026-08-11 16:18:47,072 | INFO | PDFLoader | Loaded 58 pages from HBP2023_Chapter04+as+on+20.04.2026.pdf
2026-08-11 16:18:47,396 | INFO | TextCleaner | Cleaned 58 pages
2026-08-11 16:18:48,903 | INFO | RuleExtractor | Extracted 105 section drafts from HBP2023_Chapter04+as+on+20.04.2026.pdf
2026-08-11 16:18:53,953 | INFO | Chunker | Created 10 chunks for section 4.01
2026-08-11 16:18:54,037 | INFO | Chunker | Created 10 chunks for section 4.02
2026-08-11 16:18:54,097 | INFO | Chunker | Created 10 chunks for section 4.03
2026-08-11 16:18:54,151 | INFO | Chunker | Created 10 chunks for section 4.04
2026-08-11 16:18:54,291 | INFO | Chunker | Created 19 chunks for section 4.05
2026-08-11 16:18:54,472 | INFO | Chunker | Created 30 chunks for section 4.06
2026-08-11 16:18:54,746 | INFO | Chunker | Created 21 chunks for section 4.07
2026-08-11 16:18:54,958 | INFO | Chunker | Created 20 chunks for section 4.08
2026-08-11 16:18:55,088 | INFO | Chunker | Created 10 chunks for section 4.09
2026-08-11 16:18:55,251 | INFO | Chunker | Created 11 chunks for section 4.10
2026-08-11 16:18:55,326 | INFO | Chunker | Created 10 chunks for section 4.11
2026-08-11 16:18:55,509 | INFO | Chunker | Created 20 chunks for section 4.12
2026-08-11 16:18:55,590 | INFO | Chunker | Created 10 chunks for section 4.13
2026-08-11 16:18:55,684 | INFO | Chunker | Created 10 chunks for section 4.14
2026-08-11 16:18:55,831 | INFO | Chunker | Created 19 chunks for section 4.15
2026-08-11 16:18:55,988 | INFO | Chunker | Created 10 chunks for section 4.16
2026-08-11 16:18:56,144 | INFO | Chunker | Created 19 chunks for section 4.17
2026-08-11 16:18:56,224 | INFO | Chunker | Created 10 chunks for section 4.18
2026-08-11 16:18:56,333 | INFO | Chunker | Created 10 chunks for section 4.19
2026-08-11 16:18:56,477 | INFO | Chunker | Created 20 chunks for section 4.20
2026-08-11 16:18:56,572 | INFO | Chunker | Created 10 chunks for section 4.21
2026-08-11 16:18:56,724 | INFO | Chunker | Created 20 chunks for section 4.22
2026-08-11 16:18:56,809 | INFO | Chunker | Created 10 chunks for section 4.23
2026-08-11 16:18:56,896 | INFO | Chunker | Created 10 chunks for section 4.24
2026-08-11 16:18:56,964 | INFO | Chunker | Created 10 chunks for section 4.25
2026-08-11 16:18:57,053 | INFO | Chunker | Created 10 chunks for section 4.26
2026-08-11 16:18:57,186 | INFO | Chunker | Created 19 chunks for section 4.27
2026-08-11 16:18:57,298 | INFO | Chunker | Created 10 chunks for section 4.28
2026-08-11 16:18:57,396 | INFO | Chunker | Created 10 chunks for section 4.29
2026-08-11 16:18:57,560 | INFO | Chunker | Created 20 chunks for section 4.30
2026-08-11 16:18:57,645 | INFO | Chunker | Created 10 chunks for section 4.31
2026-08-11 16:18:57,773 | INFO | Chunker | Created 20 chunks for section 4.32
2026-08-11 16:18:57,921 | INFO | Chunker | Created 21 chunks for section 4.33
2026-08-11 16:18:58,004 | INFO | Chunker | Created 10 chunks for section 4.34
2026-08-11 16:18:58,178 | INFO | Chunker | Created 31 chunks for section 4.35
2026-08-11 16:18:58,340 | INFO | Chunker | Created 22 chunks for section 4.36
2026-08-11 16:18:58,497 | INFO | Chunker | Created 22 chunks for section 4.37
2026-08-11 16:18:58,611 | INFO | Chunker | Created 10 chunks for section 4.38
2026-08-11 16:18:58,715 | INFO | Chunker | Created 10 chunks for section 4.39
2026-08-11 16:18:59,005 | INFO | Chunker | Created 38 chunks for section 4.40
2026-08-11 16:18:59,080 | INFO | Chunker | Created 1 chunks for section 4.41
2026-08-11 16:18:59,147 | INFO | Chunker | Created 1 chunks for section 4.42
2026-08-11 16:18:59,292 | INFO | Chunker | Created 15 chunks for section 4.43
2026-08-11 16:18:59,480 | INFO | Chunker | Created 20 chunks for section 4.44
2026-08-11 16:18:59,633 | INFO | Chunker | Created 11 chunks for section 4.45
2026-08-11 16:18:59,704 | INFO | Chunker | Created 10 chunks for section 4.46
2026-08-11 16:18:59,868 | INFO | Chunker | Created 20 chunks for section 4.47
2026-08-11 16:19:00,118 | INFO | Chunker | Created 20 chunks for section 4.48
2026-08-11 16:19:00,410 | INFO | Chunker | Created 32 chunks for section 4.49
2026-08-11 16:19:00,615 | INFO | Chunker | Created 21 chunks for section 4.50
2026-08-11 16:19:00,714 | INFO | Chunker | Created 19 chunks for section 4.51
2026-08-11 16:19:00,790 | INFO | Chunker | Created 10 chunks for section 4.52
2026-08-11 16:19:00,889 | INFO | Chunker | Created 10 chunks for section 4.53
2026-08-11 16:19:00,966 | INFO | Chunker | Created 10 chunks for section 4.54
2026-08-11 16:19:01,087 | INFO | Chunker | Created 19 chunks for section 4.55
2026-08-11 16:19:01,241 | INFO | Chunker | Created 19 chunks for section 4.56
2026-08-11 16:19:01,338 | INFO | Chunker | Created 10 chunks for section 4.57
2026-08-11 16:19:01,483 | INFO | Chunker | Created 10 chunks for section 4.58
2026-08-11 16:19:01,630 | INFO | Chunker | Created 23 chunks for section 4.59
2026-08-11 16:19:01,731 | INFO | Chunker | Created 9 chunks for section 4.60
2026-08-11 16:19:01,808 | INFO | Chunker | Created 10 chunks for section 4.61
2026-08-11 16:19:01,883 | INFO | Chunker | Created 10 chunks for section 4.62
2026-08-11 16:19:01,984 | INFO | Chunker | Created 10 chunks for section 4.63
2026-08-11 16:19:02,058 | INFO | Chunker | Created 10 chunks for section 4.64
2026-08-11 16:19:02,187 | INFO | Chunker | Created 19 chunks for section 4.65
2026-08-11 16:19:02,303 | INFO | Chunker | Created 10 chunks for section 4.66
2026-08-11 16:19:02,500 | INFO | Chunker | Created 20 chunks for section 4.67
2026-08-11 16:19:02,613 | INFO | Chunker | Created 10 chunks for section 4.68
2026-08-11 16:19:02,710 | INFO | Chunker | Created 10 chunks for section 4.69
2026-08-11 16:19:02,805 | INFO | Chunker | Created 10 chunks for section 4.70
2026-08-11 16:19:02,942 | INFO | Chunker | Created 19 chunks for section 4.71
2026-08-11 16:19:03,057 | INFO | Chunker | Created 10 chunks for section 4.72
2026-08-11 16:19:03,226 | INFO | Chunker | Created 20 chunks for section 4.73
2026-08-11 16:19:03,414 | INFO | Chunker | Created 10 chunks for section 4.74
2026-08-11 16:19:03,580 | INFO | Chunker | Created 19 chunks for section 4.75
2026-08-11 16:19:03,724 | INFO | Chunker | Created 10 chunks for section 4.76
2026-08-11 16:19:03,926 | INFO | Chunker | Created 31 chunks for section 4.77
2026-08-11 16:19:04,014 | INFO | Chunker | Created 10 chunks for section 4.78
2026-08-11 16:19:04,263 | INFO | Chunker | Created 32 chunks for section 4.79
2026-08-11 16:19:04,366 | INFO | Chunker | Created 10 chunks for section 4.80
2026-08-11 16:19:04,514 | INFO | Chunker | Created 20 chunks for section 4.81
2026-08-11 16:19:04,631 | INFO | Chunker | Created 10 chunks for section 4.82
2026-08-11 16:19:04,814 | INFO | Chunker | Created 21 chunks for section 4.83
2026-08-11 16:19:04,975 | INFO | Chunker | Created 32 chunks for section 4.84
2026-08-11 16:19:05,067 | INFO | Chunker | Created 10 chunks for section 4.85
2026-08-11 16:19:05,141 | INFO | Chunker | Created 10 chunks for section 4.86
2026-08-11 16:19:05,223 | INFO | Chunker | Created 10 chunks for section 4.87
2026-08-11 16:19:05,339 | INFO | Chunker | Created 19 chunks for section 4.88
2026-08-11 16:19:05,419 | INFO | Chunker | Created 10 chunks for section 4.89
2026-08-11 16:19:05,542 | INFO | Chunker | Created 10 chunks for section 4.90
2026-08-11 16:19:05,653 | INFO | Chunker | Created 10 chunks for section 4.91
2026-08-11 16:19:05,760 | INFO | Chunker | Created 10 chunks for section 4.92
2026-08-11 16:19:05,914 | INFO | Chunker | Created 20 chunks for section 4.93
2026-08-11 16:19:06,001 | INFO | Chunker | Created 19 chunks for section 4.94
2026-08-11 16:19:06,133 | INFO | Chunker | Created 11 chunks for section 1
2026-08-11 16:19:06,211 | INFO | Chunker | Created 10 chunks for section 2
2026-08-11 16:19:06,306 | INFO | Chunker | Created 10 chunks for section 3
2026-08-11 16:19:06,395 | INFO | Chunker | Created 10 chunks for section 4
2026-08-11 16:19:06,465 | INFO | Chunker | Created 10 chunks for section 5
2026-08-11 16:19:06,590 | INFO | Chunker | Created 11 chunks for section 6
2026-08-11 16:19:06,670 | INFO | Chunker | Created 10 chunks for section 4.95
2026-08-11 16:19:06,771 | INFO | Chunker | Created 10 chunks for section 4.96
2026-08-11 16:19:06,893 | INFO | Chunker | Created 20 chunks for section 4.97
2026-08-11 16:19:06,968 | INFO | Chunker | Created 10 chunks for section 4.98
2026-08-11 16:19:07,123 | INFO | Chunker | Created 21 chunks for section 4.99
2026-08-11 16:19:07,145 | INFO | DGFTKnowledgePipeline | Processing HBP2023_Chapter05.pdf
2026-08-11 16:19:07,147 | INFO | PDFLoader | Loading PDF C:\Users\mabis\OneDrive\Documents\dekai\input\pdf\HBP2023_Chapter05.pdf
2026-08-11 16:19:12,403 | INFO | PDFLoader | Loaded 15 pages from HBP2023_Chapter05.pdf
2026-08-11 16:19:12,482 | INFO | TextCleaner | Cleaned 15 pages
2026-08-11 16:19:12,843 | INFO | RuleExtractor | Extracted 25 section drafts from HBP2023_Chapter05.pdf
2026-08-11 16:19:13,912 | INFO | Chunker | Created 10 chunks for section 5.01
2026-08-11 16:19:13,975 | INFO | Chunker | Created 10 chunks for section 5.02
2026-08-11 16:19:14,084 | INFO | Chunker | Created 10 chunks for section 5.03
2026-08-11 16:19:14,228 | INFO | Chunker | Created 19 chunks for section 5.04
2026-08-11 16:19:14,305 | INFO | Chunker | Created 10 chunks for section 5.05
2026-08-11 16:19:14,475 | INFO | Chunker | Created 11 chunks for section 5.06
2026-08-11 16:19:14,596 | INFO | Chunker | Created 10 chunks for section 5.07
2026-08-11 16:19:14,735 | INFO | Chunker | Created 20 chunks for section 5.08
2026-08-11 16:19:14,816 | INFO | Chunker | Created 10 chunks for section 5.09
2026-08-11 16:19:15,011 | INFO | Chunker | Created 22 chunks for section 5.10
2026-08-11 16:19:15,090 | INFO | Chunker | Created 1 chunks for section 5.11
2026-08-11 16:19:15,153 | INFO | Chunker | Created 1 chunks for section 5.12
2026-08-11 16:19:15,377 | INFO | Chunker | Created 26 chunks for section 5.13
2026-08-11 16:19:15,544 | INFO | Chunker | Created 12 chunks for section 5.14
2026-08-11 16:19:15,740 | INFO | Chunker | Created 15 chunks for section 5.16
2026-08-11 16:19:15,840 | INFO | Chunker | Created 10 chunks for section 5.17
2026-08-11 16:19:15,924 | INFO | Chunker | Created 10 chunks for section 5.18
2026-08-11 16:19:15,998 | INFO | Chunker | Created 10 chunks for section 5.19
2026-08-11 16:19:16,128 | INFO | Chunker | Created 19 chunks for section 5.20
2026-08-11 16:19:16,234 | INFO | Chunker | Created 10 chunks for section 5.21
2026-08-11 16:19:16,300 | INFO | Chunker | Created 10 chunks for section 5.22
2026-08-11 16:19:16,435 | INFO | Chunker | Created 20 chunks for section 5.23
2026-08-11 16:19:16,516 | INFO | Chunker | Created 10 chunks for section 5.24
2026-08-11 16:19:16,650 | INFO | Chunker | Created 20 chunks for section 5.25
2026-08-11 16:19:16,749 | INFO | Chunker | Created 10 chunks for section 5.26
2026-08-11 16:19:16,761 | INFO | DGFTKnowledgePipeline | Processing HBP-Chapter-6.pdf
2026-08-11 16:19:16,763 | INFO | PDFLoader | Loading PDF C:\Users\mabis\OneDrive\Documents\dekai\input\pdf\HBP-Chapter-6.pdf
2026-08-11 16:19:24,928 | INFO | PDFLoader | Loaded 24 pages from HBP-Chapter-6.pdf
2026-08-11 16:19:25,067 | INFO | TextCleaner | Cleaned 24 pages
2026-08-11 16:19:25,749 | INFO | RuleExtractor | Extracted 41 section drafts from HBP-Chapter-6.pdf
2026-08-11 16:19:27,393 | INFO | Chunker | Created 10 chunks for section 6.00
2026-08-11 16:19:27,576 | INFO | Chunker | Created 32 chunks for section 6.01
2026-08-11 16:19:27,657 | INFO | Chunker | Created 10 chunks for section 6.02
2026-08-11 16:19:27,790 | INFO | Chunker | Created 20 chunks for section 6.03
2026-08-11 16:19:27,893 | INFO | Chunker | Created 19 chunks for section 6.04
2026-08-11 16:19:27,967 | INFO | Chunker | Created 10 chunks for section 6.05
2026-08-11 16:19:28,113 | INFO | Chunker | Created 20 chunks for section 6.06
2026-08-11 16:19:28,282 | INFO | Chunker | Created 11 chunks for section 6.07
2026-08-11 16:19:28,361 | INFO | Chunker | Created 10 chunks for section 6.08
2026-08-11 16:19:28,436 | INFO | Chunker | Created 10 chunks for section 6.09
2026-08-11 16:19:28,575 | INFO | Chunker | Created 20 chunks for section 6.10
2026-08-11 16:19:28,745 | INFO | Chunker | Created 11 chunks for section 6.11
2026-08-11 16:19:28,838 | INFO | Chunker | Created 10 chunks for section 6.12
2026-08-11 16:19:28,947 | INFO | Chunker | Created 10 chunks for section 6.13
2026-08-11 16:19:29,027 | INFO | Chunker | Created 10 chunks for section 6.14
2026-08-11 16:19:29,106 | INFO | Chunker | Created 10 chunks for section 6.15
2026-08-11 16:19:29,191 | INFO | Chunker | Created 10 chunks for section 6.16
2026-08-11 16:19:29,309 | INFO | Chunker | Created 19 chunks for section 6.17
2026-08-11 16:19:29,386 | INFO | Chunker | Created 10 chunks for section 6.18
2026-08-11 16:19:29,475 | INFO | Chunker | Created 10 chunks for section 6.19
2026-08-11 16:19:29,665 | INFO | Chunker | Created 31 chunks for section 6.20
2026-08-11 16:19:29,819 | INFO | Chunker | Created 20 chunks for section 6.22
2026-08-11 16:19:29,916 | INFO | Chunker | Created 10 chunks for section 6.23
2026-08-11 16:19:30,029 | INFO | Chunker | Created 10 chunks for section 6.24
2026-08-11 16:19:30,094 | INFO | Chunker | Created 10 chunks for section 6.25
2026-08-11 16:19:30,166 | INFO | Chunker | Created 10 chunks for section 6.26
2026-08-11 16:19:30,289 | INFO | Chunker | Created 19 chunks for section 6.27
2026-08-11 16:19:30,362 | INFO | Chunker | Created 10 chunks for section 6.28
2026-08-11 16:19:30,478 | INFO | Chunker | Created 20 chunks for section 6.29
2026-08-11 16:19:30,586 | INFO | Chunker | Created 10 chunks for section 6.30
2026-08-11 16:19:30,656 | INFO | Chunker | Created 10 chunks for section 6.31
2026-08-11 16:19:30,803 | INFO | Chunker | Created 19 chunks for section 6.32
2026-08-11 16:19:30,965 | INFO | Chunker | Created 10 chunks for section 6.33
2026-08-11 16:19:31,183 | INFO | Chunker | Created 20 chunks for section 6.34
2026-08-11 16:19:31,287 | INFO | Chunker | Created 10 chunks for section 6.35
2026-08-11 16:19:31,400 | INFO | Chunker | Created 10 chunks for section 6.36
2026-08-11 16:19:31,484 | INFO | Chunker | Created 10 chunks for section 6.37
2026-08-11 16:19:31,607 | INFO | Chunker | Created 20 chunks for section 6.38
2026-08-11 16:19:31,783 | INFO | Chunker | Created 11 chunks for section 6.39
2026-08-11 16:19:31,929 | INFO | Chunker | Created 16 chunks for section 6.40
2026-08-11 16:19:32,027 | INFO | Chunker | Created 7 chunks for section 6.41
2026-08-11 16:19:32,037 | INFO | DGFTKnowledgePipeline | Processing Chapter-7-of-HBP-2023.pdf
2026-08-11 16:19:32,038 | INFO | PDFLoader | Loading PDF C:\Users\mabis\OneDrive\Documents\dekai\input\pdf\Chapter-7-of-HBP-2023.pdf
2026-08-11 16:19:34,073 | INFO | PDFLoader | Loaded 6 pages from Chapter-7-of-HBP-2023.pdf
2026-08-11 16:19:34,105 | INFO | TextCleaner | Cleaned 6 pages
2026-08-11 16:19:34,253 | INFO | RuleExtractor | Extracted 12 section drafts from Chapter-7-of-HBP-2023.pdf
2026-08-11 16:19:34,672 | INFO | Chunker | Created 10 chunks for section 7.00
2026-08-11 16:19:34,763 | INFO | Chunker | Created 10 chunks for section 7.01
2026-08-11 16:19:34,928 | INFO | Chunker | Created 20 chunks for section 7.02
2026-08-11 16:19:35,093 | INFO | Chunker | Created 20 chunks for section 7.03
2026-08-11 16:19:35,199 | INFO | Chunker | Created 10 chunks for section 7.04
2026-08-11 16:19:35,350 | INFO | Chunker | Created 11 chunks for section 7.05
2026-08-11 16:19:35,457 | INFO | Chunker | Created 10 chunks for section 7.06
2026-08-11 16:19:35,555 | INFO | Chunker | Created 10 chunks for section 7.07
2026-08-11 16:19:35,649 | INFO | Chunker | Created 10 chunks for section 7.08
2026-08-11 16:19:35,732 | INFO | Chunker | Created 10 chunks for section 7.09
2026-08-11 16:19:35,856 | INFO | Chunker | Created 11 chunks for section 7.10
2026-08-11 16:19:35,924 | INFO | Chunker | Created 4 chunks for section 7.11
2026-08-11 16:19:35,934 | INFO | DGFTKnowledgePipeline | Processing HBP2023_Chapter08.pdf
2026-08-11 16:19:35,935 | INFO | PDFLoader | Loading PDF C:\Users\mabis\OneDrive\Documents\dekai\input\pdf\HBP2023_Chapter08.pdf
2026-08-11 16:19:36,585 | INFO | PDFLoader | Loaded 4 pages from HBP2023_Chapter08.pdf
2026-08-11 16:19:36,598 | INFO | TextCleaner | Cleaned 4 pages
2026-08-11 16:19:36,624 | INFO | RuleExtractor | Extracted 17 section drafts from HBP2023_Chapter08.pdf
2026-08-11 16:19:36,885 | INFO | Chunker | Created 9 chunks for section 8.01
2026-08-11 16:19:36,938 | INFO | Chunker | Created 7 chunks for section 13
2026-08-11 16:19:36,993 | INFO | Chunker | Created 7 chunks for section 17
2026-08-11 16:19:37,049 | INFO | Chunker | Created 1 chunks for section 8.02
2026-08-11 16:19:37,104 | INFO | Chunker | Created 1 chunks for section 1
2026-08-11 16:19:37,161 | INFO | Chunker | Created 1 chunks for section 2
2026-08-11 16:19:37,221 | INFO | Chunker | Created 1 chunks for section 3
2026-08-11 16:19:37,284 | INFO | Chunker | Created 1 chunks for section 4
2026-08-11 16:19:37,347 | INFO | Chunker | Created 1 chunks for section 5
2026-08-11 16:19:37,407 | INFO | Chunker | Created 1 chunks for section 6
2026-08-11 16:19:37,489 | INFO | Chunker | Created 1 chunks for section 7
2026-08-11 16:19:37,561 | INFO | Chunker | Created 1 chunks for section 8
2026-08-11 16:19:37,627 | INFO | Chunker | Created 1 chunks for section 9
2026-08-11 16:19:37,696 | INFO | Chunker | Created 1 chunks for section 10
2026-08-11 16:19:37,791 | INFO | Chunker | Created 1 chunks for section 8.03
2026-08-11 16:19:37,865 | INFO | Chunker | Created 12 chunks for section 8.04
2026-08-11 16:19:37,946 | INFO | Chunker | Created 10 chunks for section 8.05
2026-08-11 16:19:37,956 | INFO | DGFTKnowledgePipeline | Processing HBP2023_Chapter09.pdf
2026-08-11 16:19:37,957 | INFO | PDFLoader | Loading PDF C:\Users\mabis\OneDrive\Documents\dekai\input\pdf\HBP2023_Chapter09.pdf
2026-08-11 16:19:38,261 | INFO | PDFLoader | Loaded 2 pages from HBP2023_Chapter09.pdf
2026-08-11 16:19:38,267 | INFO | TextCleaner | Cleaned 2 pages
2026-08-11 16:19:38,293 | INFO | RuleExtractor | Extracted 3 section drafts from HBP2023_Chapter09.pdf
2026-08-11 16:19:38,418 | INFO | Chunker | Created 10 chunks for section 9.00
2026-08-11 16:19:38,480 | INFO | Chunker | Created 10 chunks for section 9.01
2026-08-11 16:19:38,580 | INFO | Chunker | Created 10 chunks for section 9.02
2026-08-11 16:19:38,591 | INFO | DGFTKnowledgePipeline | Processing Chapter+10+HBP+(19.05.2026).pdf
2026-08-11 16:19:38,592 | INFO | PDFLoader | Loading PDF C:\Users\mabis\OneDrive\Documents\dekai\input\pdf\Chapter+10+HBP+(19.05.2026).pdf
2026-08-11 16:19:55,602 | INFO | PDFLoader | Loaded 48 pages from Chapter+10+HBP+(19.05.2026).pdf
2026-08-11 16:19:55,876 | INFO | TextCleaner | Cleaned 48 pages
2026-08-11 16:19:56,815 | INFO | RuleExtractor | Extracted 54 section drafts from Chapter+10+HBP+(19.05.2026).pdf
2026-08-11 16:20:00,096 | INFO | Chunker | Created 10 chunks for section 10.00
2026-08-11 16:20:00,157 | INFO | Chunker | Created 10 chunks for section 10.01
2026-08-11 16:20:00,297 | INFO | Chunker | Created 20 chunks for section 10.02
2026-08-11 16:20:00,394 | INFO | Chunker | Created 10 chunks for section 10.03
2026-08-11 16:20:00,582 | INFO | Chunker | Created 20 chunks for section 10.04
2026-08-11 16:20:00,736 | INFO | Chunker | Created 11 chunks for section 10.05
2026-08-11 16:20:00,949 | INFO | Chunker | Created 24 chunks for section 10.06
2026-08-11 16:20:01,053 | INFO | Chunker | Created 10 chunks for section 10.07
2026-08-11 16:20:01,167 | INFO | Chunker | Created 10 chunks for section 10.08
2026-08-11 16:20:01,765 | INFO | Chunker | Created 59 chunks for section 10.09
2026-08-11 16:20:01,853 | INFO | Chunker | Created 10 chunks for section 10.11
2026-08-11 16:20:02,296 | INFO | Chunker | Created 66 chunks for section 10.12
2026-08-11 16:20:02,395 | INFO | Chunker | Created 19 chunks for section 1
2026-08-11 16:20:02,540 | INFO | Chunker | Created 11 chunks for section 2
2026-08-11 16:20:02,628 | INFO | Chunker | Created 10 chunks for section 3
2026-08-11 16:20:02,720 | INFO | Chunker | Created 10 chunks for section 4
2026-08-11 16:20:02,878 | INFO | Chunker | Created 20 chunks for section 5
2026-08-11 16:20:03,309 | INFO | Chunker | Created 43 chunks for section 10.13
2026-08-11 16:20:03,535 | INFO | Chunker | Created 11 chunks for section 10.14
2026-08-11 16:20:03,674 | INFO | Chunker | Created 20 chunks for section 10.15
2026-08-11 16:20:03,922 | INFO | Chunker | Created 53 chunks for section 10.15
2026-08-11 16:20:04,125 | INFO | Chunker | Created 29 chunks for section 1
2026-08-11 16:20:04,213 | INFO | Chunker | Created 10 chunks for section 1
2026-08-11 16:20:04,291 | INFO | Chunker | Created 10 chunks for section 2
2026-08-11 16:20:04,394 | INFO | Chunker | Created 10 chunks for section 3
2026-08-11 16:20:04,554 | INFO | Chunker | Created 20 chunks for section 4
2026-08-11 16:20:04,686 | INFO | Chunker | Created 10 chunks for section 1
2026-08-11 16:20:04,780 | INFO | Chunker | Created 10 chunks for section 3
2026-08-11 16:20:04,884 | INFO | Chunker | Created 19 chunks for section 4
2026-08-11 16:20:04,967 | INFO | Chunker | Created 10 chunks for section 5
2026-08-11 16:20:05,117 | INFO | Chunker | Created 19 chunks for section 2
2026-08-11 16:20:05,219 | INFO | Chunker | Created 19 chunks for section 3
2026-08-11 16:20:05,326 | INFO | Chunker | Created 20 chunks for section 4
2026-08-11 16:20:05,396 | INFO | Chunker | Created 10 chunks for section 5
2026-08-11 16:20:05,520 | INFO | Chunker | Created 19 chunks for section 6
2026-08-11 16:20:05,610 | INFO | Chunker | Created 10 chunks for section 1
2026-08-11 16:20:05,687 | INFO | Chunker | Created 10 chunks for section 2
2026-08-11 16:20:05,846 | INFO | Chunker | Created 20 chunks for section 3
2026-08-11 16:20:05,961 | INFO | Chunker | Created 10 chunks for section 4
2026-08-11 16:20:06,058 | INFO | Chunker | Created 10 chunks for section 1
2026-08-11 16:20:06,186 | INFO | Chunker | Created 10 chunks for section 3
2026-08-11 16:20:06,294 | INFO | Chunker | Created 10 chunks for section 5
2026-08-11 16:20:06,387 | INFO | Chunker | Created 10 chunks for section 2
2026-08-11 16:20:06,498 | INFO | Chunker | Created 19 chunks for section 1
2026-08-11 16:20:06,576 | INFO | Chunker | Created 10 chunks for section 2
2026-08-11 16:20:06,664 | INFO | Chunker | Created 10 chunks for section 6
2026-08-11 16:20:07,203 | INFO | Chunker | Created 74 chunks for section 10.16
2026-08-11 16:20:07,349 | INFO | Chunker | Created 9 chunks for section 10.17
2026-08-11 16:20:07,431 | INFO | Chunker | Created 1 chunks for section 5
2026-08-11 16:20:07,554 | INFO | Chunker | Created 9 chunks for section 6
2026-08-11 16:20:07,635 | INFO | Chunker | Created 1 chunks for section 7
2026-08-11 16:20:07,705 | INFO | Chunker | Created 1 chunks for section 10.18
2026-08-11 16:20:08,004 | INFO | Chunker | Created 34 chunks for section 10.19
2026-08-11 16:20:08,128 | INFO | Chunker | Created 20 chunks for section 10.20
2026-08-11 16:20:08,145 | INFO | DGFTKnowledgePipeline | Processing TradeNetDeclaration.COODEC Ver2.1.pdf
2026-08-11 16:20:08,147 | INFO | PDFLoader | Loading PDF C:\Users\mabis\OneDrive\Documents\dekai\input\pdf\TradeNetDeclaration.COODEC Ver2.1.pdf
2026-08-11 16:20:12,460 | INFO | PDFLoader | Loaded 15 pages from TradeNetDeclaration.COODEC Ver2.1.pdf
2026-08-11 16:20:12,526 | INFO | TextCleaner | Cleaned 15 pages
2026-08-11 16:20:12,577 | INFO | RuleExtractor | Extracted 13 section drafts from TradeNetDeclaration.COODEC Ver2.1.pdf
2026-08-11 16:20:13,508 | INFO | Chunker | Created 2 chunks for section 1
2026-08-11 16:20:13,577 | INFO | Chunker | Created 1 chunks for section 2
2026-08-11 16:20:13,638 | INFO | Chunker | Created 1 chunks for section 3
2026-08-11 16:20:13,707 | INFO | Chunker | Created 1 chunks for section 3.1
2026-08-11 16:20:13,799 | INFO | Chunker | Created 10 chunks for section 4
2026-08-11 16:20:13,853 | INFO | Chunker | Created 1 chunks for section 5
2026-08-11 16:20:13,943 | INFO | Chunker | Created 3 chunks for section 5.1
2026-08-11 16:20:14,024 | INFO | Chunker | Created 3 chunks for section 6
2026-08-11 16:20:14,115 | INFO | Chunker | Created 1 chunks for section 7
2026-08-11 16:20:14,319 | INFO | Chunker | Created 29 chunks for section 8
2026-08-11 16:20:14,399 | INFO | Chunker | Created 1 chunks for section 1
2026-08-11 16:20:14,461 | INFO | Chunker | Created 1 chunks for section 2
2026-08-11 16:20:14,836 | INFO | Chunker | Created 140 chunks for section 3
2026-08-11 16:20:14,911 | INFO | DGFTKnowledgePipeline | Processing TradeNetDeclaration.INPDEC Ver2.1.pdf
2026-08-11 16:20:14,913 | INFO | PDFLoader | Loading PDF C:\Users\mabis\OneDrive\Documents\dekai\input\pdf\TradeNetDeclaration.INPDEC Ver2.1.pdf
2026-08-11 16:20:22,385 | INFO | PDFLoader | Loaded 24 pages from TradeNetDeclaration.INPDEC Ver2.1.pdf
2026-08-11 16:20:22,510 | INFO | TextCleaner | Cleaned 24 pages
2026-08-11 16:20:22,600 | INFO | RuleExtractor | Extracted 16 section drafts from TradeNetDeclaration.INPDEC Ver2.1.pdf
2026-08-11 16:20:24,436 | INFO | Chunker | Created 1 chunks for section 1
2026-08-11 16:20:24,491 | INFO | Chunker | Created 1 chunks for section 2
2026-08-11 16:20:24,537 | INFO | Chunker | Created 1 chunks for section 3
2026-08-11 16:20:24,589 | INFO | Chunker | Created 1 chunks for section 3.1
2026-08-11 16:20:24,653 | INFO | Chunker | Created 10 chunks for section 4
2026-08-11 16:20:24,696 | INFO | Chunker | Created 1 chunks for section 5
2026-08-11 16:20:24,761 | INFO | Chunker | Created 1 chunks for section 5.1
2026-08-11 16:20:24,945 | INFO | Chunker | Created 20 chunks for section 6
2026-08-11 16:20:25,166 | INFO | Chunker | Created 1 chunks for section 7
2026-08-11 16:20:25,454 | INFO | Chunker | Created 63 chunks for section 8
2026-08-11 16:20:25,542 | INFO | Chunker | Created 1 chunks for section 1
2026-08-11 16:20:25,590 | INFO | Chunker | Created 1 chunks for section 2
2026-08-11 16:20:25,639 | INFO | Chunker | Created 1 chunks for section 3
2026-08-11 16:20:25,693 | INFO | Chunker | Created 1 chunks for section 5
2026-08-11 16:20:25,741 | INFO | Chunker | Created 1 chunks for section 6
2026-08-11 16:20:26,581 | INFO | Chunker | Created 290 chunks for section 7
2026-08-11 16:20:26,744 | INFO | DGFTKnowledgePipeline | Processing TradeNetDeclaration.IPTDEC Ver2.1 (2).pdf
2026-08-11 16:20:26,746 | INFO | PDFLoader | Loading PDF C:\Users\mabis\OneDrive\Documents\dekai\input\pdf\TradeNetDeclaration.IPTDEC Ver2.1 (2).pdf
2026-08-11 16:20:32,837 | INFO | PDFLoader | Loaded 20 pages from TradeNetDeclaration.IPTDEC Ver2.1 (2).pdf
2026-08-11 16:20:32,935 | INFO | TextCleaner | Cleaned 20 pages
2026-08-11 16:20:33,004 | INFO | RuleExtractor | Extracted 16 section drafts from TradeNetDeclaration.IPTDEC Ver2.1 (2).pdf
2026-08-11 16:20:34,446 | INFO | Chunker | Created 1 chunks for section 1
2026-08-11 16:20:34,510 | INFO | Chunker | Created 1 chunks for section 2
2026-08-11 16:20:34,568 | INFO | Chunker | Created 1 chunks for section 3
2026-08-11 16:20:34,646 | INFO | Chunker | Created 1 chunks for section 3.1
2026-08-11 16:20:34,741 | INFO | Chunker | Created 10 chunks for section 4
2026-08-11 16:20:34,805 | INFO | Chunker | Created 1 chunks for section 5
2026-08-11 16:20:34,873 | INFO | Chunker | Created 1 chunks for section 5.1
2026-08-11 16:20:35,080 | INFO | Chunker | Created 7 chunks for section 6
2026-08-11 16:20:35,196 | INFO | Chunker | Created 1 chunks for section 7
2026-08-11 16:20:35,438 | INFO | Chunker | Created 53 chunks for section 8
2026-08-11 16:20:35,546 | INFO | Chunker | Created 1 chunks for section 1
2026-08-11 16:20:35,607 | INFO | Chunker | Created 1 chunks for section 2
2026-08-11 16:20:35,670 | INFO | Chunker | Created 1 chunks for section 3
2026-08-11 16:20:35,725 | INFO | Chunker | Created 1 chunks for section 5
2026-08-11 16:20:35,789 | INFO | Chunker | Created 1 chunks for section 6
2026-08-11 16:20:36,446 | INFO | Chunker | Created 224 chunks for section 7
2026-08-11 16:20:36,584 | INFO | DGFTKnowledgePipeline | Processing TradeNetDeclaration.TNPDEC Ver2.1.pdf
2026-08-11 16:20:36,585 | INFO | PDFLoader | Loading PDF C:\Users\mabis\OneDrive\Documents\dekai\input\pdf\TradeNetDeclaration.TNPDEC Ver2.1.pdf
2026-08-11 16:20:42,815 | INFO | PDFLoader | Loaded 21 pages from TradeNetDeclaration.TNPDEC Ver2.1.pdf
2026-08-11 16:20:42,909 | INFO | TextCleaner | Cleaned 21 pages
2026-08-11 16:20:42,984 | INFO | RuleExtractor | Extracted 16 section drafts from TradeNetDeclaration.TNPDEC Ver2.1.pdf
2026-08-11 16:20:44,398 | INFO | Chunker | Created 1 chunks for section 1
2026-08-11 16:20:44,453 | INFO | Chunker | Created 1 chunks for section 2
2026-08-11 16:20:44,508 | INFO | Chunker | Created 1 chunks for section 3
2026-08-11 16:20:44,569 | INFO | Chunker | Created 1 chunks for section 3.1
2026-08-11 16:20:44,660 | INFO | Chunker | Created 10 chunks for section 4
2026-08-11 16:20:44,718 | INFO | Chunker | Created 1 chunks for section 5
2026-08-11 16:20:44,791 | INFO | Chunker | Created 1 chunks for section 5.1
2026-08-11 16:20:44,980 | INFO | Chunker | Created 7 chunks for section 6
2026-08-11 16:20:45,052 | INFO | Chunker | Created 1 chunks for section 7
2026-08-11 16:20:45,244 | INFO | Chunker | Created 52 chunks for section 8
2026-08-11 16:20:45,333 | INFO | Chunker | Created 1 chunks for section 1
2026-08-11 16:20:45,385 | INFO | Chunker | Created 1 chunks for section 2
2026-08-11 16:20:45,438 | INFO | Chunker | Created 1 chunks for section 3
2026-08-11 16:20:45,501 | INFO | Chunker | Created 1 chunks for section 5
2026-08-11 16:20:45,568 | INFO | Chunker | Created 1 chunks for section 6
2026-08-11 16:20:46,290 | INFO | Chunker | Created 225 chunks for section 7
